gene_id	gene_name	chr	start	gene_order
ENSG00000284662	OR4F16	1	683910	1
ENSG00000177757	FAM87B	1	817371	2
ENSG00000228794	LINC01128	1	827591	3
ENSG00000187634	SAMD11	1	925731	4
ENSG00000188976	NOC2L	1	944203	5
ENSG00000187961	KLHL17	1	960103	6
ENSG00000187608	ISG15	1	1013497	7
ENSG00000188157	AGRN	1	1020102	8
ENSG00000131591	C1orf159	1	1081823	9
ENSG00000078808	SDF4	1	1216908	10
ENSG00000176022	B3GALT6	1	1232237	11
ENSG00000160087	UBE2J2	1	1253912	12
ENSG00000162572	SCNN1D	1	1280436	13
ENSG00000131584	ACAP3	1	1292384	14
ENSG00000169972	PUSL1	1	1308563	15
ENSG00000127054	INTS11	1	1311585	16
ENSG00000224051	CPTP	1	1324757	17
ENSG00000107404	DVL1	1	1335278	18
ENSG00000162576	MXRA8	1	1352689	19
ENSG00000175756	AURKAIP1	1	1373730	20
ENSG00000221978	CCNL2	1	1385711	21
ENSG00000224870	MRPL20-AS1	1	1399530	22
ENSG00000242485	MRPL20	1	1401909	23
ENSG00000179403	VWA1	1	1435690	24
ENSG00000215915	ATAD3C	1	1449689	25
ENSG00000160072	ATAD3B	1	1471732	26
ENSG00000197785	ATAD3A	1	1512143	27
ENSG00000160075	SSU72	1	1541673	28
ENSG00000197530	MIB2	1	1613730	29
ENSG00000248333	CDK11B	1	1635225	30
ENSG00000189339	SLC35E2B	1	1659798	31
ENSG00000008128	CDK11A	1	1702379	32
ENSG00000008130	NADK	1	1751232	33
ENSG00000078369	GNB1	1	1785285	34
ENSG00000169885	CALML6	1	1913751	35
ENSG00000067606	PRKCZ	1	2050411	36
ENSG00000162585	FAAP20	1	2184457	37
ENSG00000157933	SKI	1	2228319	38
ENSG00000116151	MORN1	1	2321253	39
ENSG00000269896	LOC100129534	1	2350414	40
ENSG00000157916	RER1	1	2391841	41
ENSG00000157911	PEX10	1	2404802	42
ENSG00000149527	PLCH2	1	2412481	43
ENSG00000157881	PANK4	1	2508537	44
ENSG00000157873	TNFRSF14	1	2556365	45
ENSG00000228037	LOC100996583	1	2566535	46
ENSG00000157870	PRXL2B	1	2586523	47
ENSG00000215912	TTC34	1	2636988	48
ENSG00000130762	ARHGEF16	1	3454589	49
ENSG00000162591	MEGF6	1	3487951	50
ENSG00000158109	TPRG1L	1	3625015	51
ENSG00000116213	WRAP73	1	3630767	52
ENSG00000078900	TP73	1	3652516	53
ENSG00000227372	TP73-AS1	1	3735984	54
ENSG00000130764	LRRC47	1	3778559	55
ENSG00000116198	CEP104	1	3812086	56
ENSG00000169598	DFFB	1	3857267	57
ENSG00000198912	C1orf174	1	3889133	58
ENSG00000196581	AJAP1	1	4654609	59
ENSG00000131697	NPHP4	1	5862810	60
ENSG00000069424	KCNAB2	1	5992639	61
ENSG00000116251	RPL22	1	6185020	62
ENSG00000158286	RNF207	1	6206004	63
ENSG00000116237	ICMT	1	6221193	64
ENSG00000158292	GPR153	1	6247353	65
ENSG00000097021	ACOT7	1	6264272	66
ENSG00000187017	ESPN	1	6424776	67
ENSG00000215788	TNFRSF25	1	6461151	68
ENSG00000171680	PLEKHG5	1	6466092	69
ENSG00000162408	NOL9	1	6521347	70
ENSG00000204859	ZBTB48	1	6579994	71
ENSG00000162413	KLHL21	1	6590724	72
ENSG00000116273	PHF13	1	6613731	73
ENSG00000041988	THAP3	1	6624616	74
ENSG00000007923	DNAJC11	1	6634168	75
ENSG00000171735	CAMTA1	1	6785324	76
ENSG00000049245	VAMP3	1	7771275	77
ENSG00000049246	PER3	1	7784187	78
ENSG00000049249	TNFRSF9	1	7915871	79
ENSG00000116288	PARK7	1	7961654	80
ENSG00000116285	ERRFI1	1	8011725	81
ENSG00000142599	RERE	1	8352404	82
ENSG00000074800	ENO1	1	8861000	83
ENSG00000180758	GPR157	1	9100305	84
ENSG00000228526	MIR34AHG	1	9148011	85
ENSG00000049239	H6PD	1	9234767	86
ENSG00000171621	SPSB1	1	9292894	87
ENSG00000284693	LINC02606	1	9425094	88
ENSG00000171612	SLC25A33	1	9539465	89
ENSG00000188807	TMEM201	1	9588843	90
ENSG00000171608	PIK3CD	1	9629889	91
ENSG00000171603	CLSTN1	1	9728926	92
ENSG00000178585	CTNNBIP1	1	9848276	93
ENSG00000162441	LZIC	1	9922118	94
ENSG00000173614	NMNAT1	1	9942923	95
ENSG00000162444	RBP7	1	9997228	96
ENSG00000130939	UBE4B	1	10032958	97
ENSG00000054523	KIF1B	1	10210570	98
ENSG00000142657	PGD	1	10399064	99
ENSG00000175279	CENPS	1	10430433	100
ENSG00000251503	CENPS-CORT	1	10430433	101
ENSG00000160049	DFFA	1	10456522	102
ENSG00000142655	PEX14	1	10474946	103
ENSG00000130940	CASZ1	1	10636604	104
ENSG00000120948	TARDBP	1	11012622	105
ENSG00000009724	MASP2	1	11026523	106
ENSG00000116649	SRM	1	11054589	107
ENSG00000171824	EXOSC10	1	11066613	108
ENSG00000198793	MTOR	1	11106535	109
ENSG00000225602	MTOR-AS1	1	11143898	110
ENSG00000171819	ANGPTL7	1	11189324	111
ENSG00000120942	UBIAD1	1	11273198	112
ENSG00000116661	FBXO2	1	11648387	113
ENSG00000132879	FBXO44	1	11654375	114
ENSG00000116663	FBXO6	1	11664200	115
ENSG00000116670	MAD2L2	1	11674480	116
ENSG00000177674	AGTRAP	1	11736085	117
ENSG00000215910	C1orf167	1	11762188	118
ENSG00000177000	MTHFR	1	11785723	119
ENSG00000011021	CLCN6	1	11806096	120
ENSG00000199347	RNU5E-1	1	11908154	121
ENSG00000116685	KIAA2013	1	11919591	122
ENSG00000083444	PLOD1	1	11934717	123
ENSG00000116688	MFN2	1	11980181	124
ENSG00000116691	MIIP	1	12019466	125
ENSG00000028137	TNFRSF1B	1	12166948	126
ENSG00000048707	VPS13D	1	12230030	127
ENSG00000239149	SNORA59A	1	12507246	128
ENSG00000162496	DHRS3	1	12567910	129
ENSG00000187545	PRAMEF10	1	12892896	130
ENSG00000237700	PRAMEF33	1	13303539	131
ENSG00000116731	PRDM2	1	13698874	132
ENSG00000189337	KAZN	1	13893386	133
ENSG00000175147	TMEM51-AS1	1	15111815	134
ENSG00000171729	TMEM51	1	15152418	135
ENSG00000142634	EFHD2	1	15409888	136
ENSG00000132906	CASP9	1	15491401	137
ENSG00000116138	DNAJC16	1	15526694	138
ENSG00000116771	AGMAT	1	15571699	139
ENSG00000197312	DDI2	1	15617458	140
ENSG00000215695	RSC1A1	1	15659713	141
ENSG00000116786	PLEKHM2	1	15681506	142
ENSG00000162461	SLC25A34	1	15735088	143
ENSG00000162460	TMEM82	1	15742499	144
ENSG00000162458	FBLIM1	1	15756170	145
ENSG00000233954	UQCRHL	1	15807162	146
ENSG00000179743	SPEN-AS1	1	15834215	147
ENSG00000065526	SPEN	1	15847707	148
ENSG00000116809	ZBTB17	1	15939933	149
ENSG00000142627	EPHA2	1	16124337	150
ENSG00000142632	ARHGEF19	1	16197854	151
ENSG00000132881	CPLANE2	1	16231692	152
ENSG00000037637	FBXO42	1	16246840	153
ENSG00000055070	SZRD1	1	16367242	154
ENSG00000187144	SPATA21	1	16395606	155
ENSG00000157191	NECAP2	1	16440672	156
ENSG00000226029	LINC01772	1	16460948	157
ENSG00000290842	CROCCP3	1	16467436	158
ENSG00000206652	RNU1-1	1	16514122	159
ENSG00000219481	NBPF1	1	16562323	160
ENSG00000291072	CROCCP2	1	16618256	161
ENSG00000207513	RNU1-3	1	16666785	162
ENSG00000207389	RNU1-4	1	16740516	163
ENSG00000186715	MST1L	1	16754634	164
ENSG00000238142	LOC105376805	1	16888538	165
ENSG00000207005	RNU1-2	1	16895980	166
ENSG00000058453	CROCC	1	16914082	167
ENSG00000159363	ATP13A2	1	16985958	168
ENSG00000117118	SDHB	1	17018722	169
ENSG00000117115	PADI2	1	17066761	170
ENSG00000179051	RCC2	1	17406760	171
ENSG00000074964	ARHGEF10L	1	17513442	172
ENSG00000179023	KLHDC7A	1	18480930	173
ENSG00000159423	ALDH4A1	1	18871430	174
ENSG00000169991	IFFO2	1	18904280	175
ENSG00000127481	UBR4	1	19074508	176
ENSG00000230424	EMC1-AS1	1	19210386	177
ENSG00000127463	EMC1	1	19215660	178
ENSG00000053372	MRTO4	1	19251799	179
ENSG00000211454	AKR7L	1	19265982	180
ENSG00000162482	AKR7A3	1	19274229	181
ENSG00000053371	AKR7A2	1	19302708	182
ENSG00000040487	SLC66A1	1	19312302	183
ENSG00000077549	CAPZB	1	19338775	184
ENSG00000173436	MICOS10	1	19596977	185
ENSG00000158747	MICOS10-NBL1	1	19596979	186
ENSG00000162542	TMCO4	1	19682213	187
ENSG00000169914	OTUD3	1	19881708	188
ENSG00000188257	PLA2G2A	1	19975431	189
ENSG00000127472	PLA2G5	1	20028349	190
ENSG00000162543	UBXN10	1	20183007	191
ENSG00000162545	CAMK2N1	1	20482391	192
ENSG00000090432	MUL1	1	20499448	193
ENSG00000158825	CDA	1	20589097	194
ENSG00000158828	PINK1	1	20633458	195
ENSG00000117242	PINK1-AS	1	20642657	196
ENSG00000244038	DDOST	1	20651767	197
ENSG00000117245	KIF17	1	20664014	198
ENSG00000127483	HP1BP3	1	20740266	199
ENSG00000075151	EIF4G3	1	20806292	200
ENSG00000117298	ECE1	1	21217250	201
ENSG00000231105	ECE1-AS1	1	21293290	202
ENSG00000142794	NBPF3	1	21436775	203
ENSG00000162551	ALPL	1	21508984	204
ENSG00000076864	RAP1GAP	1	21596221	205
ENSG00000090686	USP48	1	21678298	206
ENSG00000187942	LDLRAD2	1	21812209	207
ENSG00000142798	HSPG2	1	21822244	208
ENSG00000218510	LINC00339	1	22025191	209
ENSG00000070831	CDC42	1	22052709	210
ENSG00000162552	WNT4	1	22117308	211
ENSG00000184677	ZBTB40	1	22428838	212
ENSG00000173372	C1QA	1	22636628	213
ENSG00000159189	C1QC	1	22643633	214
ENSG00000173369	C1QB	1	22653236	215
ENSG00000133216	EPHB2	1	22710770	216
ENSG00000004487	KDM1A	1	23019443	217
ENSG00000169641	LUZP1	1	23084023	218
ENSG00000125944	HNRNPR	1	23304688	219
ENSG00000125945	ZNF436	1	23359448	220
ENSG00000249087	ZNF436-AS1	1	23368971	221
ENSG00000204219	TCEA3	1	23380909	222
ENSG00000088280	ASAP3	1	23428563	223
ENSG00000117318	ID3	1	23557926	224
ENSG00000142676	RPL11	1	23691779	225
ENSG00000011007	ELOA	1	23743366	226
ENSG00000236810	ELOA-AS1	1	23760382	227
ENSG00000057757	PITHD1	1	23778417	228
ENSG00000011009	LYPLA2	1	23790789	229
ENSG00000117308	GALE	1	23795599	230
ENSG00000117305	HMGCL	1	23801877	231
ENSG00000179163	FUCA1	1	23845077	232
ENSG00000188822	CNR2	1	23870515	233
ENSG00000189266	PNRC2	1	23959164	234
ENSG00000188529	SRSF10	1	23964347	235
ENSG00000142677	IL22RA1	1	24119771	236
ENSG00000185436	IFNLR1	1	24154156	237
ENSG00000001460	STPG1	1	24356999	238
ENSG00000001461	NIPAL3	1	24413360	239
ENSG00000117602	RCAN3	1	24502344	240
ENSG00000184454	NCMAP	1	24556087	241
ENSG00000133226	SRRM1	1	24643273	242
ENSG00000169504	CLIC4	1	24745447	243
ENSG00000020633	RUNX3	1	24899511	244
ENSG00000117614	SYF2	1	25222276	245
ENSG00000117616	RSRP1	1	25242237	246
ENSG00000187010	RHD	1	25272393	247
ENSG00000183726	TMEM50A	1	25338334	248
ENSG00000188672	RHCE	1	25360659	249
ENSG00000204178	MACO1	1	25430858	250
ENSG00000157978	LDLRAP1	1	25543588	251
ENSG00000117643	MAN1C1	1	25616820	252
ENSG00000162430	SELENON	1	25800193	253
ENSG00000117640	MTFR1L	1	25819906	254
ENSG00000127423	AUNIP	1	25831913	255
ENSG00000182749	PAQR7	1	25861484	256
ENSG00000117632	STMN1	1	25884179	257
ENSG00000158006	PAFAH2	1	25959764	258
ENSG00000175087	PDIK1L	1	26109131	259
ENSG00000142684	ZNF593	1	26169908	260
ENSG00000142675	CNKSR1	1	26177491	261
ENSG00000236155	ZPLD2P	1	26225320	262
ENSG00000130695	CEP85	1	26234179	263
ENSG00000142669	SH3BGRL3	1	26280086	264
ENSG00000158062	UBXN11	1	26282282	265
ENSG00000169442	CD52	1	26317958	266
ENSG00000117682	DHDDS	1	26432282	267
ENSG00000198830	HMGN2	1	26472440	268
ENSG00000117676	RPS6KA1	1	26529761	269
ENSG00000260063	LOC101928728	1	26691910	270
ENSG00000117713	ARID1A	1	26696015	271
ENSG00000060642	PIGV	1	26787963	272
ENSG00000204160	ZDHHC18	1	26826688	273
ENSG00000142751	GPN2	1	26876132	274
ENSG00000198746	GPATCH3	1	26890488	275
ENSG00000090273	NUDC	1	26900569	276
ENSG00000131910	NR0B2	1	26911489	277
ENSG00000175707	KDF1	1	26949556	278
ENSG00000253368	TRNP1	1	26993663	279
ENSG00000090020	SLC9A1	1	27098809	280
ENSG00000142784	WDTC1	1	27234613	281
ENSG00000186501	TMEM222	1	27322145	282
ENSG00000142765	SYTL1	1	27342022	283
ENSG00000142733	MAP3K6	1	27355179	284
ENSG00000142748	FCN3	1	27369110	285
ENSG00000158195	WASF2	1	27404230	286
ENSG00000126705	AHDC1	1	27534245	287
ENSG00000000938	FGR	1	27612064	288
ENSG00000126709	IFI6	1	27666061	289
ENSG00000009780	FAM76A	1	27725961	290
ENSG00000117758	STX12	1	27773219	291
ENSG00000117751	PPP1R8	1	27830782	292
ENSG00000252947	SCARNA1	1	27834401	293
ENSG00000130775	THEMIS2	1	27872531	294
ENSG00000117748	RPA2	1	27891524	295
ENSG00000158156	XKR8	1	27959557	296
ENSG00000158161	EYA3	1	27970344	297
ENSG00000169403	PTAFR	1	28147166	298
ENSG00000126698	DNAJC8	1	28200278	299
ENSG00000130770	ATP5IF1	1	28236091	300
ENSG00000130766	SESN2	1	28259452	301
ENSG00000130772	MED18	1	28329040	302
ENSG00000204138	PHACTR4	1	28369740	303
ENSG00000180198	RCC1	1	28505943	304
ENSG00000242125	SNHG3	1	28505943	305
ENSG00000274266	SNORA73A	1	28507365	306
ENSG00000200087	SNORA73B	1	28508558	307
ENSG00000180098	TRNAU1AP	1	28553017	308
ENSG00000197989	SNHG12	1	28578538	309
ENSG00000188060	RAB42	1	28592265	310
ENSG00000120656	TAF12	1	28602850	311
ENSG00000229388	TAF12-DT	1	28643256	312
ENSG00000274978	RNU11	1	28648600	313
ENSG00000162419	GMEB1	1	28668782	314
ENSG00000198492	YTHDF2	1	28736621	315
ENSG00000159023	EPB41	1	28887091	316
ENSG00000253304	TMEM200B	1	29119425	317
ENSG00000116350	SRSF4	1	29147743	318
ENSG00000116353	MECR	1	29192657	319
ENSG00000060656	PTPRU	1	29236522	320
ENSG00000162511	LAPTM5	1	30732469	321
ENSG00000162512	SDC3	1	30869466	322
ENSG00000134644	PUM1	1	30931506	323
ENSG00000060688	SNRNP40	1	31259568	324
ENSG00000121766	ZCCHC17	1	31296982	325
ENSG00000121769	FABP3	1	31359595	326
ENSG00000168528	SERINC2	1	31409777	327
ENSG00000142910	TINAGL1	1	31576384	328
ENSG00000162517	PEF1	1	31629862	329
ENSG00000084636	COL16A1	1	31652263	330
ENSG00000184007	PTP4A2	1	31906421	331
ENSG00000121774	KHDRBS1	1	32013868	332
ENSG00000121775	TMEM39B	1	32072031	333
ENSG00000025800	KPNA6	1	32108043	334
ENSG00000084652	TXLNA	1	32179669	335
ENSG00000160050	CCDC28B	1	32200386	336
ENSG00000160055	TMEM234	1	32204807	337
ENSG00000160051	IQCC	1	32205671	338
ENSG00000222046	DCDC2B	1	32208813	339
ENSG00000084623	EIF3I	1	32221584	340
ENSG00000291132	MTMR9LP	1	32231660	341
ENSG00000183615	FAM167B	1	32247222	342
ENSG00000182866	LCK	1	32251265	343
ENSG00000116478	HDAC1	1	32292083	344
ENSG00000175130	MARCKSL1	1	32333839	345
ENSG00000162526	TSSK3	1	32352720	346
ENSG00000160058	BSDC1	1	32364633	347
ENSG00000160062	ZBTB8A	1	32539427	348
ENSG00000176261	ZBTB8OS	1	32620818	349
ENSG00000162521	RBBP4	1	32651208	350
ENSG00000162520	SYNC	1	32679906	351
ENSG00000162522	KIAA1522	1	32741830	352
ENSG00000134684	YARS1	1	32775238	353
ENSG00000116497	S100PBP	1	32816767	354
ENSG00000160097	FNDC5	1	32862268	355
ENSG00000116514	RNF19B	1	32932498	356
ENSG00000004455	AK2	1	33007940	357
ENSG00000142920	AZIN2	1	33081110	358
ENSG00000116525	TRIM62	1	33145399	359
ENSG00000160094	ZNF362	1	33256307	360
ENSG00000134686	PHC2	1	33323623	361
ENSG00000284154	MIR3605	1	33332393	362
ENSG00000121903	ZSCAN20	1	33472591	363
ENSG00000121904	CSMD2	1	33513999	364
ENSG00000189280	GJB5	1	34754777	365
ENSG00000189433	GJB4	1	34759740	366
ENSG00000188910	GJB3	1	34781214	367
ENSG00000187513	GJA4	1	34792958	368
ENSG00000163866	SMIM12	1	34850362	369
ENSG00000241014	GPR199P	1	34975699	370
ENSG00000243749	TMEM35B	1	34981526	371
ENSG00000163867	ZMYM6	1	34986165	372
ENSG00000197056	ZMYM1	1	35059786	373
ENSG00000116560	SFPQ	1	35176378	374
ENSG00000146463	ZMYM4	1	35268694	375
ENSG00000227409	ZMYM4-AS1	1	35358822	376
ENSG00000142687	KIAA0319L	1	35433490	377
ENSG00000020129	NCDN	1	35557792	378
ENSG00000116819	TFAP2E	1	35568739	379
ENSG00000126067	PSMB2	1	35599541	380
ENSG00000142686	C1orf216	1	35713876	381
ENSG00000092853	CLSPN	1	35720213	382
ENSG00000134698	AGO4	1	35807630	383
ENSG00000092847	AGO1	1	35869808	384
ENSG00000126070	AGO3	1	35925683	385
ENSG00000116863	ADPRS	1	36088885	386
ENSG00000171812	COL8A2	1	36095239	387
ENSG00000054116	TRAPPC3	1	36136569	388
ENSG00000116871	MAP7D1	1	36156150	389
ENSG00000054118	THRAP3	1	36224429	390
ENSG00000214193	SH3D21	1	36306348	391
ENSG00000196182	STK40	1	36339628	392
ENSG00000181817	LSM10	1	36393436	393
ENSG00000116885	OSCP1	1	36417906	394
ENSG00000116898	MRPS15	1	36455718	395
ENSG00000119535	CSF3R	1	36466043	396
ENSG00000233621	ZC3H12A-DT	1	37454879	397
ENSG00000163874	ZC3H12A	1	37474518	398
ENSG00000163875	MEAF6	1	37489960	399
ENSG00000163877	SNIP1	1	37534449	400
ENSG00000163879	DNALI1	1	37556940	401
ENSG00000134697	GNL2	1	37566812	402
ENSG00000116922	C1orf109	1	37681570	403
ENSG00000185090	MANEAL	1	37793816	404
ENSG00000196449	YRDC	1	37802945	405
ENSG00000197982	C1orf122	1	37807790	406
ENSG00000188786	MTF1	1	37809570	407
ENSG00000204084	INPP5B	1	37860697	408
ENSG00000183431	SF3A3	1	37956975	409
ENSG00000183386	FHL3	1	37996765	410
ENSG00000183520	UTP11	1	38012716	411
ENSG00000116954	RRAGC	1	38838198	412
ENSG00000214114	MYCBP	1	38862490	413
ENSG00000131233	GJA9	1	38874069	414
ENSG00000158315	RHBDL2	1	38885807	415
ENSG00000174574	AKIRIN1	1	38991244	416
ENSG00000168653	NDUFS5	1	39026295	417
ENSG00000127603	MACF1	1	39084167	418
ENSG00000183682	BMP8A	1	39491626	419
ENSG00000291129	PPIEL	1	39522280	420
ENSG00000090621	PABPC4	1	39560816	421
ENSG00000163909	HEYL	1	39623435	422
ENSG00000084072	PPIE	1	39738845	423
ENSG00000116985	BMP8B	1	39757182	424
ENSG00000043514	TRIT1	1	39838110	425
ENSG00000116990	MYCL	1	39895428	426
ENSG00000236546	MYCL-AS1	1	39897741	427
ENSG00000168389	MFSD2A	1	39955112	428
ENSG00000131236	CAP1	1	40040065	429
ENSG00000131238	PPT1	1	40071461	430
ENSG00000117000	RLF	1	40161387	431
ENSG00000084073	ZMPSTE24	1	40258078	432
ENSG00000084070	SMAP2	1	40373672	433
ENSG00000187801	ZFP69B	1	40450064	434
ENSG00000187815	ZFP69	1	40477220	435
ENSG00000164002	EXO5	1	40508719	436
ENSG00000117010	ZNF684	1	40531637	437
ENSG00000117016	RIMS3	1	40620680	438
ENSG00000066136	NFYC	1	40691699	439
ENSG00000179862	CITED4	1	40861054	440
ENSG00000171793	CTPS1	1	40979696	441
ENSG00000281207	SLFNL1-AS1	1	41014590	442
ENSG00000171790	SLFNL1	1	41015597	443
ENSG00000010803	SCMH1	1	41027199	444
ENSG00000127124	HIVEP3	1	41506365	445
ENSG00000198815	FOXJ3	1	42176539	446
ENSG00000177181	RIMKLA	1	42380792	447
ENSG00000066185	ZMYND12	1	42430329	448
ENSG00000186409	CCDC30	1	42456107	449
ENSG00000127125	PPCS	1	42456341	450
ENSG00000171960	PPIH	1	42657770	451
ENSG00000065978	YBX1	1	42682418	452
ENSG00000117385	P3H1	1	42746335	453
ENSG00000164008	C1orf50	1	42767249	454
ENSG00000177868	SVBP	1	42807052	455
ENSG00000164010	ERMAP	1	42817122	456
ENSG00000164011	ZNF691	1	42846563	457
ENSG00000117394	SLC2A1	1	42925375	458
ENSG00000117395	EBNA1BP2	1	43164174	459
ENSG00000243710	CFAP57	1	43172330	460
ENSG00000253313	C1orf210	1	43281877	461
ENSG00000066056	TIE1	1	43300954	462
ENSG00000117400	MPL	1	43336875	463
ENSG00000066322	ELOVL1	1	43363397	464
ENSG00000159479	MED8	1	43383917	465
ENSG00000198198	SZT2	1	43389884	466
ENSG00000178922	HYI	1	43450607	467
ENSG00000142949	PTPRF	1	43522238	468
ENSG00000066135	KDM4A	1	43650149	469
ENSG00000126091	ST3GAL3	1	43707465	470
ENSG00000288573	LOC101929609	1	43944370	471
ENSG00000117408	IPO13	1	43946852	472
ENSG00000132768	DPH2	1	43969997	473
ENSG00000117410	ATP6V0B	1	43974960	474
ENSG00000117411	B4GALT2	1	43979202	475
ENSG00000159214	CCDC24	1	43991596	476
ENSG00000196517	SLC6A9	1	43996483	477
ENSG00000178028	DMAP1	1	44213471	478
ENSG00000117419	ERI3	1	44221070	479
ENSG00000233602	ERI3-IT1	1	44222595	480
ENSG00000187147	RNF220	1	44405160	481
ENSG00000126106	TMEM53	1	44653247	482
ENSG00000198520	ARMH1	1	44674696	483
ENSG00000142945	KIF2C	1	44739704	484
ENSG00000142937	RPS8	1	44775540	485
ENSG00000173846	PLK3	1	44799952	486
ENSG00000188396	DYNLT4	1	44805908	487
ENSG00000222009	BTBD19	1	44807442	488
ENSG00000117425	PTCH2	1	44819844	489
ENSG00000070785	EIF2B3	1	44850522	490
ENSG00000126107	HECTD3	1	45002547	491
ENSG00000126088	UROD	1	45012254	492
ENSG00000162415	ZSWIM5	1	45016399	493
ENSG00000132781	MUTYH	1	45329242	494
ENSG00000132773	TOE1	1	45339751	495
ENSG00000070759	TESK2	1	45343883	496
ENSG00000280670	CCDC163	1	45493863	497
ENSG00000132763	MMACHC	1	45500229	498
ENSG00000117450	PRDX1	1	45511035	499
ENSG00000117448	AKR1A1	1	45550779	500
ENSG00000132780	NASP	1	45583988	501
ENSG00000159588	CCDC17	1	45620044	502
ENSG00000159592	GPBP1L1	1	45627304	503
ENSG00000159596	TMEM69	1	45688181	504
ENSG00000197429	IPP	1	45694324	505
ENSG00000086015	MAST2	1	45786992	506
ENSG00000117461	PIK3R3	1	46040140	507
ENSG00000278139	P3R3URF-PIK3R3	1	46040140	508
ENSG00000117472	TSPAN1	1	46175087	509
ENSG00000085998	POMGNT1	1	46188681	510
ENSG00000085999	RAD54L	1	46247688	511
ENSG00000132128	LRRC41	1	46278400	512
ENSG00000173660	UQCRH	1	46303698	513
ENSG00000117481	NSUN4	1	46340177	514
ENSG00000117480	FAAH	1	46394317	515
ENSG00000269956	MKNK1-AS1	1	46538696	516
ENSG00000079277	MKNK1	1	46557407	517
ENSG00000142961	MOB3C	1	46607715	518
ENSG00000123472	ATPAF1	1	46635039	519
ENSG00000228237	EFCAB14-AS1	1	46674036	520
ENSG00000159658	EFCAB14	1	46675159	521
ENSG00000187048	CYP4A11	1	46929177	522
ENSG00000186377	CYP4X1	1	46961364	523
ENSG00000186160	CYP4Z1	1	47055525	524
ENSG00000162365	CYP4A22	1	47137425	525
ENSG00000162367	TAL1	1	47216290	526
ENSG00000123473	STIL	1	47250139	527
ENSG00000162368	CMPK1	1	47333790	528
ENSG00000237424	FOXD2-AS1	1	47432133	529
ENSG00000269113	TRABD2B	1	47760528	530
ENSG00000117834	SLC5A9	1	48221113	531
ENSG00000132122	SPATA6	1	48258643	532
ENSG00000186094	AGBL4	1	48520157	533
ENSG00000162373	BEND5	1	48727519	534
ENSG00000185104	FAF1	1	50437028	535
ENSG00000123080	CDKN2C	1	50968695	536
ENSG00000123091	RNF11	1	51236273	537
ENSG00000085831	TTC39A	1	51287258	538
ENSG00000085832	EPS15	1	51354263	539
ENSG00000117859	OSBPL9	1	51617084	540
ENSG00000078618	NRDC	1	51789192	541
ENSG00000169213	RAB3B	1	51907956	542
ENSG00000117862	TXNDC12	1	52020131	543
ENSG00000198841	KTI12	1	52032103	544
ENSG00000134717	BTF3L4	1	52056185	545
ENSG00000157077	ZFYVE9	1	52142001	546
ENSG00000154222	CC2D1B	1	52348437	547
ENSG00000134748	PRPF38A	1	52404564	548
ENSG00000134744	TUT4	1	52423275	549
ENSG00000116157	GPX7	1	52602371	550
ENSG00000182183	SHISAL2A	1	52631438	551
ENSG00000162377	COA7	1	52684449	552
ENSG00000162378	ZYG11B	1	52726453	553
ENSG00000203995	ZYG11A	1	52842736	554
ENSG00000121310	ECHDC2	1	52895910	555
ENSG00000116171	SCP2	1	52927229	556
ENSG00000174348	PODN	1	53062198	557
ENSG00000162383	SLC1A7	1	53087183	558
ENSG00000157184	CPT2	1	53196824	559
ENSG00000162384	CZIB	1	53214099	560
ENSG00000162385	MAGOH	1	53226900	561
ENSG00000157193	LRP8	1	53242364	562
ENSG00000058804	NDC1	1	53765478	563
ENSG00000058799	YIPF1	1	53851733	564
ENSG00000211452	DIO1	1	53894187	565
ENSG00000081870	HSPB11	1	53921561	566
ENSG00000116212	LRRC42	1	53946350	567
ENSG00000116209	TMEM59	1	54026681	568
ENSG00000116205	TCEANC2	1	54053608	569
ENSG00000215883	CYB5RL	1	54169651	570
ENSG00000116221	MRPL37	1	54200167	571
ENSG00000157216	SSBP3	1	54225432	572
ENSG00000198711	SSBP3-AS1	1	54236443	573
ENSG00000162390	ACOT11	1	54548228	574
ENSG00000162391	FAM151A	1	54609180	575
ENSG00000184313	MROH7	1	54641740	576
ENSG00000271723	MROH7-TTC4	1	54641740	577
ENSG00000243725	TTC4	1	54715822	578
ENSG00000162396	PARS2	1	54756898	579
ENSG00000006555	TTC22	1	54779696	580
ENSG00000162398	LEXM	1	54806063	581
ENSG00000116133	DHCR24	1	54849627	582
ENSG00000169174	PCSK9	1	55039548	583
ENSG00000162402	USP24	1	55066359	584
ENSG00000223956	LINC01767	1	56414963	585
ENSG00000162407	PLPP3	1	56494761	586
ENSG00000162409	PRKAA2	1	56645314	587
ENSG00000187889	FYB2	1	56718789	588
ENSG00000157131	C8A	1	56854796	589
ENSG00000021852	C8B	1	56929207	590
ENSG00000173406	DAB1	1	56994778	591
ENSG00000162600	OMA1	1	58480719	592
ENSG00000184292	TACSTD2	1	58575433	593
ENSG00000162601	MYSM1	1	58654739	594
ENSG00000177606	JUN	1	58780791	595
ENSG00000234807	LOC101926907	1	58808920	596
ENSG00000172456	FGGY	1	59296405	597
ENSG00000134709	HOOK1	1	59814922	598
ENSG00000134716	CYP2J2	1	59893308	599
ENSG00000162599	NFIA	1	61077227	600
ENSG00000237853	NFIA-AS1	1	61248945	601
ENSG00000162604	TM2D1	1	61681046	602
ENSG00000132849	PATJ	1	61742477	603
ENSG00000132854	KANK4	1	62236165	604
ENSG00000162607	USP1	1	62436304	605
ENSG00000116641	DOCK7	1	62454726	606
ENSG00000132855	ANGPTL3	1	62597520	607
ENSG00000125703	ATG4C	1	62783765	608
ENSG00000088035	ALG6	1	63367627	609
ENSG00000142856	ITGB3BP	1	63440770	610
ENSG00000203965	EFCAB7	1	63523321	611
ENSG00000079739	PGM1	1	63593411	612
ENSG00000185483	ROR1	1	63774017	613
ENSG00000158966	CACHD1	1	64470129	614
ENSG00000162437	RAVER2	1	64744973	615
ENSG00000162434	JAK1	1	64833223	616
ENSG00000226891	LINC01359	1	64979577	617
ENSG00000162433	AK4	1	65147342	618
ENSG00000116675	DNAJC6	1	65264694	619
ENSG00000116678	LEPR	1	65420652	620
ENSG00000213625	LEPROT	1	65420668	621
ENSG00000184588	PDE4B	1	65792510	622
ENSG00000118473	SGIP1	1	66533272	623
ENSG00000152760	DYNLT5	1	66752147	624
ENSG00000152763	DNAI4	1	66812885	625
ENSG00000198160	MIER1	1	66924895	626
ENSG00000116704	SLC35D1	1	66999350	627
ENSG00000162594	IL23R	1	67138639	628
ENSG00000081985	IL12RB2	1	67307351	629
ENSG00000142864	SERBP1	1	67407810	630
ENSG00000235200	LINC01702	1	67521856	631
ENSG00000116717	GADD45A	1	67685201	632
ENSG00000172380	GNG12	1	67701475	633
ENSG00000232284	GNG12-AS1	1	67832288	634
ENSG00000162595	DIRAS3	1	68045886	635
ENSG00000116729	WLS	1	68098459	636
ENSG00000033122	LRRC7	1	69567334	637
ENSG00000066557	LRRC40	1	70144805	638
ENSG00000116754	SRSF11	1	70205696	639
ENSG00000118454	ANKRD13C	1	70258999	640
ENSG00000197568	HHLA3	1	70353839	641
ENSG00000116761	CTH	1	70411218	642
ENSG00000050628	PTGER3	1	70852358	643
ENSG00000132485	ZRANB2	1	71063291	644
ENSG00000207721	MIR186	1	71067631	645
ENSG00000172260	NEGR1	1	71395943	646
ENSG00000162620	LRRIQ3	1	74026015	647
ENSG00000254685	FPGT	1	74198212	648
ENSG00000259030	FPGT-TNNI3K	1	74198212	649
ENSG00000116783	TNNI3K	1	74235387	650
ENSG00000178965	ERICH3	1	74568113	651
ENSG00000116791	CRYZ	1	74705470	652
ENSG00000162623	TYW3	1	74733152	653
ENSG00000137968	SLC44A5	1	75202129	654
ENSG00000117054	ACADM	1	75724347	655
ENSG00000137955	RABGGTB	1	75786194	656
ENSG00000184005	ST6GALNAC3	1	76074734	657
ENSG00000142892	PIGK	1	77088989	658
ENSG00000154027	AK5	1	77281908	659
ENSG00000036549	ZZZ3	1	77561526	660
ENSG00000077254	USP33	1	77695987	661
ENSG00000180488	MIGA1	1	77779624	662
ENSG00000162614	NEXN	1	77888515	663
ENSG00000162613	FUBP1	1	77944055	664
ENSG00000162616	DNAJB4	1	77979158	665
ENSG00000137960	GIPC2	1	78044970	666
ENSG00000237413	MGC27382	1	78229599	667
ENSG00000122420	PTGFR	1	78490974	668
ENSG00000137959	IFI44L	1	78620387	669
ENSG00000137965	IFI44	1	78648943	670
ENSG00000162618	ADGRL4	1	78889764	671
ENSG00000117114	ADGRL2	1	81306104	672
ENSG00000233008	LINC01725	1	83575787	673
ENSG00000137941	TTLL7	1	83865021	674
ENSG00000142875	PRKACB	1	84077975	675
ENSG00000117133	RPF1	1	84479266	676
ENSG00000174021	GNG5	1	84498325	677
ENSG00000122432	SPATA1	1	84506301	678
ENSG00000117151	CTBS	1	84549611	679
ENSG00000117155	SSX2IP	1	84643706	680
ENSG00000153898	MCOLN2	1	84925583	681
ENSG00000055732	MCOLN3	1	85018082	682
ENSG00000097096	SYDE2	1	85156381	683
ENSG00000162642	C1orf52	1	85249953	684
ENSG00000142867	BCL10	1	85265776	685
ENSG00000153904	DDAH1	1	85318485	686
ENSG00000142871	CCN1	1	85580761	687
ENSG00000117174	ZNHIT6	1	85649417	688
ENSG00000171502	COL24A1	1	85728507	689
ENSG00000122417	ODF2L	1	86346824	690
ENSG00000097033	SH3GLB1	1	86704570	691
ENSG00000183291	SELENOF	1	86862445	692
ENSG00000153936	HS2ST1	1	86914635	693
ENSG00000267272	LINC01140	1	87129765	694
ENSG00000143013	LMO4	1	87328880	695
ENSG00000065243	PKN2	1	88684144	696
ENSG00000137947	GTF2B	1	88852633	697
ENSG00000137944	KYAT3	1	88921044	698
ENSG00000213516	RBMXL1	1	88979456	699
ENSG00000117226	GBP3	1	89006677	700
ENSG00000117228	GBP1	1	89052319	701
ENSG00000162645	GBP2	1	89106132	702
ENSG00000213512	GBP7	1	89131742	703
ENSG00000162654	GBP4	1	89181144	704
ENSG00000154451	GBP5	1	89258950	705
ENSG00000290525	GBP1P1	1	89407679	706
ENSG00000197147	LRRC8B	1	89522626	707
ENSG00000171488	LRRC8C	1	89615810	708
ENSG00000171492	LRRC8D	1	89821014	709
ENSG00000162664	ZNF326	1	89995095	710
ENSG00000233593	LINC02609	1	90782984	711
ENSG00000122482	ZNF644	1	90915298	712
ENSG00000162669	HFM1	1	91260766	713
ENSG00000097046	CDC7	1	91498968	714
ENSG00000069702	TGFBR3	1	91680343	715
ENSG00000189195	BTBD8	1	92080345	716
ENSG00000174842	GLMN	1	92245786	717
ENSG00000122484	RPAP2	1	92299050	718
ENSG00000162676	GFI1	1	92473043	719
ENSG00000067208	EVI5	1	92508696	720
ENSG00000122406	RPL5	1	92831986	721
ENSG00000154511	DIPK1A	1	92832729	722
ENSG00000143033	MTF2	1	93079235	723
ENSG00000117500	TMED5	1	93149742	724
ENSG00000122483	CCDC18	1	93179802	725
ENSG00000117505	DR1	1	93345907	726
ENSG00000137942	FNBP1L	1	93448067	727
ENSG00000137936	BCAR3	1	93561741	728
ENSG00000067334	DNTTIP2	1	93866284	729
ENSG00000023909	GCLM	1	93885199	730
ENSG00000198691	ABCA4	1	93992834	731
ENSG00000137962	ARHGAP29	1	94168905	732
ENSG00000117528	ABCD3	1	94418086	733
ENSG00000117525	F3	1	94529173	734
ENSG00000224081	SLC44A3-AS1	1	94616352	735
ENSG00000143036	SLC44A3	1	94820351	736
ENSG00000117519	CNN3	1	94896949	737
ENSG00000172339	ALG14	1	94974405	738
ENSG00000230427	ALG14-AS1	1	95061596	739
ENSG00000152078	TLCD4	1	95092517	740
ENSG00000271092	TLCD4-RWDD3	1	95117923	741
ENSG00000226026	RWDD3-DT	1	95163219	742
ENSG00000122481	RWDD3	1	95234155	743
ENSG00000117569	PTBP2	1	96721605	744
ENSG00000188641	DPYD	1	97077743	745
ENSG00000232878	DPYD-AS1	1	97095923	746
ENSG00000235777	DPYD-AS2	1	97796921	747
ENSG00000162627	SNX7	1	98661284	748
ENSG00000099260	PALMD	1	99646113	749
ENSG00000156869	FRRS1	1	99703967	750
ENSG00000162688	AGL	1	99850077	751
ENSG00000117620	SLC35A3	1	99968401	752
ENSG00000156875	MFSD14A	1	100038078	753
ENSG00000156876	SASS6	1	100082632	754
ENSG00000122435	TRMT13	1	100133080	755
ENSG00000122477	LRRC39	1	100148448	756
ENSG00000137992	DBT	1	100186919	757
ENSG00000137996	RTCA	1	100266158	758
ENSG00000079335	CDC14A	1	100345001	759
ENSG00000181656	GPR88	1	100538139	760
ENSG00000162692	VCAM1	1	100719640	761
ENSG00000162694	EXTL2	1	100872372	762
ENSG00000162695	SLC30A7	1	100896090	763
ENSG00000117543	DPH5	1	100975218	764
ENSG00000233184	DPH5-DT	1	101025846	765
ENSG00000289355	LOC101928334	1	101150510	766
ENSG00000170989	S1PR1	1	101236749	767
ENSG00000185946	RNPC3	1	103525699	768
ENSG00000240038	AMY2B	1	103554644	769
ENSG00000243480	AMY2A	1	103617332	770
ENSG00000237763	AMY1A	1	103655519	771
ENSG00000174876	AMY1B	1	103687415	772
ENSG00000187733	AMY1C	1	103745430	773
ENSG00000198890	PRMT6	1	107056674	774
ENSG00000134215	VAV3	1	107571161	775
ENSG00000085491	SLC25A24	1	108134043	776
ENSG00000162636	EEIG2	1	108560100	777
ENSG00000162639	HENMT1	1	108648288	778
ENSG00000134186	PRPF38B	1	108692310	779
ENSG00000116266	STXBP3	1	108746674	780
ENSG00000121957	GPSM2	1	108875350	781
ENSG00000121940	CLCC1	1	108929508	782
ENSG00000085433	WDR47	1	108970211	783
ENSG00000197780	TAF13	1	109064140	784
ENSG00000215717	TMEM167B	1	109090764	785
ENSG00000278249	SCARNA2	1	109100193	786
ENSG00000031698	SARS1	1	109213893	787
ENSG00000143126	CELSR2	1	109249539	788
ENSG00000134222	PSRC1	1	109279554	789
ENSG00000134243	SORT1	1	109309565	790
ENSG00000143106	PSMA5	1	109399042	791
ENSG00000143028	SYPL2	1	109466478	792
ENSG00000162650	ATXN7L2	1	109483905	793
ENSG00000174151	CYB561D1	1	109493606	794
ENSG00000181754	AMIGO1	1	109504178	795
ENSG00000065135	GNAI3	1	109548615	796
ENSG00000134183	GNAT2	1	109603091	797
ENSG00000116337	AMPD2	1	109619813	798
ENSG00000168765	GSTM4	1	109656076	799
ENSG00000213366	GSTM2	1	109668022	800
ENSG00000134184	GSTM1	1	109687817	801
ENSG00000134201	GSTM5	1	109711751	802
ENSG00000134202	GSTM3	1	109733932	803
ENSG00000184371	CSF1	1	109910506	804
ENSG00000168710	AHCYL1	1	109984765	805
ENSG00000143093	STRIP1	1	110031577	806
ENSG00000156150	ALX3	1	110059870	807
ENSG00000116396	KCNC4	1	110210314	808
ENSG00000162775	RBM15	1	110339323	809
ENSG00000168679	SLC16A4	1	110362851	810
ENSG00000134248	LAMTOR5	1	110401253	811
ENSG00000224699	LAMTOR5-AS1	1	110407809	812
ENSG00000177301	KCNA2	1	110593580	813
ENSG00000177272	KCNA3	1	110653560	814
ENSG00000143119	CD53	1	110871167	815
ENSG00000121931	LRIF1	1	110877252	816
ENSG00000156171	DRAM2	1	111117170	817
ENSG00000134255	CEPT1	1	111139383	818
ENSG00000162777	DENND2D	1	111185969	819
ENSG00000085465	OVGP1	1	111414319	820
ENSG00000116455	WDR77	1	111439890	821
ENSG00000116459	ATP5PB	1	111449464	822
ENSG00000143110	C1orf162	1	111462027	823
ENSG00000121933	TMIGD3	1	111483348	824
ENSG00000282608	ADORA3	1	111499429	825
ENSG00000116473	RAP1A	1	111542009	826
ENSG00000197852	INKA2	1	111722064	827
ENSG00000064703	DDX20	1	111755901	828
ENSG00000171385	KCND3	1	111770662	829
ENSG00000232558	KCND3-IT1	1	111853762	830
ENSG00000237556	KCND3-AS1	1	111909657	831
ENSG00000231437	LINC01750	1	111990536	832
ENSG00000231246	LINC02884	1	112229673	833
ENSG00000143079	CTTNBP2NL	1	112391085	834
ENSG00000134245	WNT2B	1	112466541	835
ENSG00000007341	ST7L	1	112517444	836
ENSG00000116489	CAPZA1	1	112619775	837
ENSG00000155363	MOV10	1	112674312	838
ENSG00000155366	RHOC	1	112701127	839
ENSG00000155380	SLC16A1	1	112911847	840
ENSG00000226419	SLC16A1-AS1	1	112956415	841
ENSG00000238198	LRIG2-DT	1	113011687	842
ENSG00000198799	LRIG2	1	113073170	843
ENSG00000081026	MAGI3	1	113390474	844
ENSG00000116793	PHTF1	1	113696831	845
ENSG00000081019	RSBN1	1	113761832	846
ENSG00000226167	AP4B1-AS1	1	113812612	847
ENSG00000134242	PTPN22	1	113813811	848
ENSG00000188761	BCL2L15	1	113876816	849
ENSG00000134262	AP4B1	1	113894194	850
ENSG00000118655	DCLRE1B	1	113904619	851
ENSG00000235527	HIPK1-AS1	1	113924001	852
ENSG00000163349	HIPK1	1	113929324	853
ENSG00000116774	OLFML3	1	113979391	854
ENSG00000197323	TRIM33	1	114392787	855
ENSG00000116752	BCAS2	1	114567557	856
ENSG00000175984	DENND2C	1	114582850	857
ENSG00000116748	AMPD1	1	114673098	858
ENSG00000213281	NRAS	1	114704469	859
ENSG00000009307	CSDE1	1	114716913	860
ENSG00000052723	SIKE1	1	114769479	861
ENSG00000134198	TSPAN2	1	115048011	862
ENSG00000134259	NGF	1	115285915	863
ENSG00000173218	VANGL1	1	115641970	864
ENSG00000118729	CASQ2	1	115700003	865
ENSG00000163393	SLC22A15	1	115976513	866
ENSG00000173212	MAB21L3	1	116111401	867
ENSG00000163399	ATP1A1	1	116372986	868
ENSG00000203865	ATP1A1-AS1	1	116392865	869
ENSG00000116815	CD58	1	116500390	870
ENSG00000143061	IGSF3	1	116574398	871
ENSG00000116824	CD2	1	116754430	872
ENSG00000134247	PTGFRN	1	116909916	873
ENSG00000134256	CD101	1	116987997	874
ENSG00000116830	TTF2	1	117060303	875
ENSG00000134253	TRIM45	1	117107711	876
ENSG00000134258	VTCN1	1	117143587	877
ENSG00000198162	MAN1A2	1	117367393	878
ENSG00000183508	TENT5C	1	117606048	879
ENSG00000196505	GDAP2	1	117863485	880
ENSG00000065183	WDR3	1	117929739	881
ENSG00000155761	SPAG17	1	117953590	882
ENSG00000092607	TBX15	1	118883046	883
ENSG00000116874	WARS2	1	119031216	884
ENSG00000231365	WARS2-AS1	1	119140396	885
ENSG00000232650	LINC01780	1	119328252	886
ENSG00000116882	HAO2	1	119361913	887
ENSG00000230921	HAO2-IT1	1	119368946	888
ENSG00000203859	HSD3B2	1	119414931	889
ENSG00000260941	LINC00622	1	119597702	890
ENSG00000143067	ZNF697	1	119619377	891
ENSG00000092621	PHGDH	1	119711934	892
ENSG00000134240	HMGCS2	1	119747996	893
ENSG00000134250	NOTCH2	1	119911553	894
ENSG00000265808	SEC22B	1	120150898	895
ENSG00000270231	NBPF8	1	120415027	896
ENSG00000270392	PFN1P2	1	120432204	897
ENSG00000286106	NOTCH2NLR	1	120723939	898
ENSG00000273136	NBPF26	1	120805556	899
ENSG00000275538	RNVU1-19	1	120850819	900
ENSG00000291135	FCGR1BP	1	121087345	901
ENSG00000171943	SRGAP2C	1	121184975	902
ENSG00000230806	SRGAP2-AS1	1	121360156	903
ENSG00000227082	LINC02798	1	121397662	904
ENSG00000291141	EMBP1	1	121519112	905
ENSG00000206737	RNVU1-18	1	143729407	906
ENSG00000273213	H3-7	1	143902386	907
ENSG00000232527	LINC02802	1	144218357	908
ENSG00000266338	NBPF15	1	144421386	909
ENSG00000196369	SRGAP2B	1	144887191	910
ENSG00000207501	RNVU1-14	1	145281116	911
ENSG00000162825	NBPF20	1	145289900	912
ENSG00000291005	NBPF25P	1	145572345	913
ENSG00000117262	GPR89A	1	145607960	914
ENSG00000174827	PDZK1	1	145670852	915
ENSG00000117281	CD160	1	145719312	916
ENSG00000265491	RNF115	1	145738868	917
ENSG00000186141	POLR3C	1	145823183	918
ENSG00000186364	NUDT17	1	145844985	919
ENSG00000131788	PIAS3	1	145848522	920
ENSG00000198483	ANKRD35	1	145866560	921
ENSG00000143127	ITGA10	1	145891208	922
ENSG00000131779	PEX11B	1	145911348	923
ENSG00000211451	GNRHR2	1	145919013	924
ENSG00000265241	RBM8A	1	145921556	925
ENSG00000234222	LIX1L-AS1	1	145926831	926
ENSG00000271601	LIX1L	1	145933423	927
ENSG00000121851	POLR3GL	1	145959037	928
ENSG00000265972	TXNIP	1	145992435	929
ENSG00000168509	HJV	1	146017468	930
ENSG00000201558	RNVU1-6	1	146052081	931
ENSG00000271425	NBPF10	1	146064699	932
ENSG00000264343	NOTCH2NLA	1	146151908	933
ENSG00000268043	NBPF12	1	146938545	934
ENSG00000131791	PRKAB2	1	147155106	935
ENSG00000131778	CHD1L	1	147172747	936
ENSG00000131781	FMO5	1	147183963	937
ENSG00000116128	BCL9	1	147541501	938
ENSG00000162836	ACP6	1	147626182	939
ENSG00000265107	GJA5	1	147756199	940
ENSG00000188092	GPR89B	1	147928374	941
ENSG00000206585	RNVU1-7	1	148038753	942
ENSG00000263956	NBPF11	1	148102046	943
ENSG00000291232	PDE4DIPP6	1	148402483	944
ENSG00000274020	LINC01138	1	148432959	945
ENSG00000270629	NBPF14	1	148531385	946
ENSG00000286019	NOTCH2NLB	1	148595666	947
ENSG00000177144	NUDT4B	1	148748774	948
ENSG00000178104	PDE4DIP	1	148808181	949
ENSG00000269713	NBPF9	1	149054033	950
ENSG00000286219	NOTCH2NLC	1	149390621	951
ENSG00000271383	NBPF19	1	149475898	952
ENSG00000291158	LINC00869	1	149607012	953
ENSG00000150337	FCGR1A	1	149782071	954
ENSG00000203814	H2BC18	1	149782689	955
ENSG00000270882	H4C14	1	149832657	956
ENSG00000288825	H2AC18	1	149842218	957
ENSG00000288859	H2AC19	1	149851061	958
ENSG00000270276	H4C15	1	149860764	959
ENSG00000184678	H2BC21	1	149884460	960
ENSG00000184260	H2AC20	1	149886975	961
ENSG00000184270	H2AC21	1	149887469	962
ENSG00000178096	BOLA1	1	149899568	963
ENSG00000159164	SV2A	1	149903318	964
ENSG00000143368	SF3B4	1	149923317	965
ENSG00000014914	MTMR11	1	149928651	966
ENSG00000264522	OTUD7B	1	149937812	967
ENSG00000136631	VPS45	1	150067279	968
ENSG00000023902	PLEKHO1	1	150149434	969
ENSG00000143401	ANP32E	1	150218417	970
ENSG00000118298	CA14	1	150257258	971
ENSG00000117362	APH1A	1	150265399	972
ENSG00000118292	C1orf54	1	150270317	973
ENSG00000159208	CIART	1	150282554	974
ENSG00000266472	MRPS21	1	150293842	975
ENSG00000117360	PRPF3	1	150321468	976
ENSG00000163125	RPRD2	1	150364111	977
ENSG00000143374	TARS2	1	150487411	978
ENSG00000143369	ECM1	1	150508109	979
ENSG00000143382	ADAMTSL4	1	150549369	980
ENSG00000143384	ADAMTSL4-AS1	1	150560895	981
ENSG00000143420	ENSA	1	150621246	982
ENSG00000143457	GOLPH3L	1	150646230	983
ENSG00000163131	CTSS	1	150730188	984
ENSG00000143387	CTSK	1	150796208	985
ENSG00000143437	ARNT	1	150809713	986
ENSG00000143379	SETDB1	1	150926263	987
ENSG00000143418	CERS2	1	150965173	988
ENSG00000143412	ANXA9	1	150982286	989
ENSG00000143409	MINDY1	1	150996536	990
ENSG00000143363	PRUNE1	1	151008405	991
ENSG00000163141	BNIPL	1	151036321	992
ENSG00000143443	C1orf56	1	151047751	993
ENSG00000197622	CDC42SE1	1	151050971	994
ENSG00000213190	MLLT11	1	151060397	995
ENSG00000143458	GABPB2	1	151070180	996
ENSG00000143434	SEMA6C	1	151131685	997
ENSG00000163155	LYSMD1	1	151148496	998
ENSG00000163154	TNFAIP8L2	1	151156649	999
ENSG00000163156	TNFAIP8L2-SCNM1	1	151156649	1000
ENSG00000163159	VPS72	1	151176304	1001
ENSG00000143398	PIP5K1A	1	151197954	1002
ENSG00000159352	PSMD4	1	151254734	1003
ENSG00000143373	ZNF687	1	151281522	1004
ENSG00000143393	PI4KB	1	151291797	1005
ENSG00000143390	RFX5	1	151340640	1006
ENSG00000143416	SELENBP1	1	151364304	1007
ENSG00000159377	PSMB4	1	151399573	1008
ENSG00000143442	POGZ	1	151402724	1009
ENSG00000143375	CGN	1	151510858	1010
ENSG00000143367	TUFT1	1	151540294	1011
ENSG00000143376	SNX27	1	151612027	1012
ENSG00000159409	CELF3	1	151696652	1013
ENSG00000143436	MRPL9	1	151759647	1014
ENSG00000182134	TDRKH	1	151769433	1015
ENSG00000213171	LINGO4	1	151800264	1016
ENSG00000143365	RORC	1	151806071	1017
ENSG00000225556	C2CD4D	1	151837818	1018
ENSG00000196407	THEM5	1	151847101	1019
ENSG00000159445	THEM4	1	151870866	1020
ENSG00000197747	S100A10	1	151982915	1021
ENSG00000163191	S100A11	1	152032506	1022
ENSG00000197915	HRNR	1	152212076	1023
ENSG00000143631	FLG	1	152302165	1024
ENSG00000237975	FLG-AS1	1	152313459	1025
ENSG00000143520	FLG2	1	152348735	1026
ENSG00000163220	S100A9	1	153357854	1027
ENSG00000143546	S100A8	1	153390032	1028
ENSG00000197956	S100A6	1	153534599	1029
ENSG00000196154	S100A4	1	153543621	1030
ENSG00000188643	S100A16	1	153606883	1031
ENSG00000189334	S100A14	1	153614255	1032
ENSG00000189171	S100A13	1	153618799	1033
ENSG00000160678	S100A1	1	153628434	1034
ENSG00000160679	CHTOP	1	153633982	1035
ENSG00000143553	SNAPIN	1	153658654	1036
ENSG00000143621	ILF2	1	153661788	1037
ENSG00000169418	NPR1	1	153678649	1038
ENSG00000143624	INTS3	1	153728050	1039
ENSG00000143554	SLC27A3	1	153775407	1040
ENSG00000143614	GATAD2B	1	153804725	1041
ENSG00000284738	LOC101928059	1	153923369	1042
ENSG00000198837	DENND4B	1	153929501	1043
ENSG00000160741	CRTC2	1	153947675	1044
ENSG00000143570	SLC39A1	1	153959099	1045
ENSG00000143578	CREB3L4	1	153967487	1046
ENSG00000143543	JTB	1	153974269	1047
ENSG00000143545	RAB13	1	153981605	1048
ENSG00000177954	RPS27	1	153990755	1049
ENSG00000143552	NUP210L	1	153992582	1050
ENSG00000143549	TPM3	1	154155304	1051
ENSG00000143612	C1orf43	1	154206720	1052
ENSG00000143569	UBAP2L	1	154220172	1053
ENSG00000143575	HAX1	1	154272629	1054
ENSG00000143515	ATP8B2	1	154325525	1055
ENSG00000228013	IL6R-AS1	1	154402321	1056
ENSG00000160712	IL6R	1	154405193	1057
ENSG00000169291	SHE	1	154467195	1058
ENSG00000163239	TDRD10	1	154502219	1059
ENSG00000160714	UBE2Q1	1	154548577	1060
ENSG00000229780	UBE2Q1-AS1	1	154553609	1061
ENSG00000160716	CHRNB2	1	154567778	1062
ENSG00000160710	ADAR	1	154582057	1063
ENSG00000143603	KCNN3	1	154697455	1064
ENSG00000163344	PMVK	1	154924740	1065
ENSG00000163346	PBXIP1	1	154944080	1066
ENSG00000163348	PYGO2	1	154957026	1067
ENSG00000160691	SHC1	1	154962298	1068
ENSG00000173207	CKS1B	1	154974642	1069
ENSG00000160688	FLAD1	1	154983344	1070
ENSG00000160685	ZBTB7B	1	155002628	1071
ENSG00000163354	DCST2	1	155018513	1072
ENSG00000143537	ADAM15	1	155051316	1073
ENSG00000243364	EFNA4	1	155063740	1074
ENSG00000169242	EFNA1	1	155127876	1075
ENSG00000169241	SLC50A1	1	155135375	1076
ENSG00000179085	DPM3	1	155139891	1077
ENSG00000163463	KRTCAP2	1	155169408	1078
ENSG00000169231	THBS3	1	155195588	1079
ENSG00000231064	THBS3-AS1	1	155196035	1080
ENSG00000173171	MTX1	1	155208699	1081
ENSG00000291137	GBAP1	1	155213825	1082
ENSG00000177628	GBA1	1	155234452	1083
ENSG00000160767	ENTREP3	1	155247205	1084
ENSG00000116521	SCAMP3	1	155255981	1085
ENSG00000176444	CLK2	1	155262868	1086
ENSG00000143630	HCN3	1	155277427	1087
ENSG00000143627	PKLR	1	155289293	1088
ENSG00000160752	FDPS	1	155308748	1089
ENSG00000225855	RUSC1-AS1	1	155316854	1090
ENSG00000160753	RUSC1	1	155320894	1091
ENSG00000116539	ASH1L	1	155335263	1092
ENSG00000237872	POU5F1P4	1	155433180	1093
ENSG00000235919	ASH1L-AS1	1	155562042	1094
ENSG00000125459	MSTO1	1	155610170	1095
ENSG00000163374	YY1AP1	1	155659442	1096
ENSG00000132676	DAP3	1	155687902	1097
ENSG00000116580	GON4L	1	155749658	1098
ENSG00000132718	SYT11	1	155859502	1099
ENSG00000143622	RIT1	1	155897808	1100
ENSG00000132680	KHDC4	1	155913045	1101
ENSG00000207475	SNORA80E	1	155919909	1102
ENSG00000281394	SCARNA4	1	155925958	1103
ENSG00000116584	ARHGEF2	1	155946839	1104
ENSG00000163479	SSR2	1	156009048	1105
ENSG00000160803	UBQLN4	1	156033129	1106
ENSG00000116586	LAMTOR2	1	156054782	1107
ENSG00000254726	MEX3A	1	156072013	1108
ENSG00000160789	LMNA	1	156082546	1109
ENSG00000196189	SEMA4A	1	156149672	1110
ENSG00000160785	SLC25A44	1	156193932	1111
ENSG00000160783	PMF1	1	156212988	1112
ENSG00000260238	PMF1-BGLAP	1	156212988	1113
ENSG00000160781	PAQR6	1	156243320	1114
ENSG00000198952	SMG5	1	156249224	1115
ENSG00000163472	TMEM79	1	156282913	1116
ENSG00000198715	GLMP	1	156292687	1117
ENSG00000163468	CCT3	1	156308961	1118
ENSG00000163467	TSACC	1	156337314	1119
ENSG00000132677	RHBG	1	156366044	1120
ENSG00000116604	MEF2D	1	156463727	1121
ENSG00000183856	IQGAP3	1	156525405	1122
ENSG00000163382	NAXE	1	156591776	1123
ENSG00000160818	GPATCH4	1	156594308	1124
ENSG00000132688	NES	1	156668763	1125
ENSG00000143319	ISG20L2	1	156721891	1126
ENSG00000143303	METTL25B	1	156728469	1127
ENSG00000143314	MRPL24	1	156737303	1128
ENSG00000143321	HDGF	1	156742107	1129
ENSG00000143294	PRCC	1	156767535	1130
ENSG00000027869	SH2D2A	1	156806238	1131
ENSG00000187800	PEAR1	1	156893697	1132
ENSG00000132694	ARHGEF11	1	156934840	1133
ENSG00000117036	ETV3	1	157121191	1134
ENSG00000143297	FCRL5	1	157513377	1135
ENSG00000160856	FCRL3	1	157676481	1136
ENSG00000132704	FCRL2	1	157745733	1137
ENSG00000163534	FCRL1	1	157792249	1138
ENSG00000073754	CD5L	1	157827068	1139
ENSG00000183853	KIRREL1	1	157993273	1140
ENSG00000158473	CD1D	1	158178030	1141
ENSG00000158481	CD1C	1	158289887	1142
ENSG00000158488	CD1E	1	158353123	1143
ENSG00000163563	MNDA	1	158831351	1144
ENSG00000163564	PYHIN1	1	158931547	1145
ENSG00000163565	IFI16	1	158999970	1146
ENSG00000163568	AIM2	1	159059226	1147
ENSG00000179639	FCER1A	1	159283888	1148
ENSG00000184155	OR10J5	1	159535078	1149
ENSG00000132703	APCS	1	159587826	1150
ENSG00000132693	CRP	1	159712289	1151
ENSG00000158716	DUSP23	1	159780962	1152
ENSG00000181036	FCRL6	1	159800506	1153
ENSG00000158714	SLAMF8	1	159826689	1154
ENSG00000188004	SNHG28	1	159834478	1155
ENSG00000158710	TAGLN2	1	159918111	1156
ENSG00000085552	IGSF9	1	159927041	1157
ENSG00000162723	SLAMF9	1	159951492	1158
ENSG00000143315	PIGM	1	160024953	1159
ENSG00000177807	KCNJ10	1	160037467	1160
ENSG00000162729	IGSF8	1	160091339	1161
ENSG00000018625	ATP1A2	1	160115759	1162
ENSG00000227741	LOC729867	1	160202199	1163
ENSG00000162734	PEA15	1	160205384	1164
ENSG00000132716	DCAF8	1	160215720	1165
ENSG00000228606	DCAF8-DT	1	160261749	1166
ENSG00000162735	PEX19	1	160276809	1167
ENSG00000122218	COPA	1	160288594	1168
ENSG00000162736	NCSTN	1	160343328	1169
ENSG00000162738	VANGL2	1	160400564	1170
ENSG00000162739	SLAMF6	1	160485030	1171
ENSG00000066294	CD84	1	160541094	1172
ENSG00000117090	SLAMF1	1	160608100	1173
ENSG00000117091	CD48	1	160678746	1174
ENSG00000026751	SLAMF7	1	160739057	1175
ENSG00000122224	LY9	1	160796112	1176
ENSG00000122223	CD244	1	160830160	1177
ENSG00000179914	ITLN1	1	160876540	1178
ENSG00000158769	F11R	1	160995211	1179
ENSG00000215845	TSTD1	1	161037631	1180
ENSG00000158773	USF1	1	161039251	1181
ENSG00000186517	ARHGAP30	1	161046942	1182
ENSG00000162755	KLHDC9	1	161098361	1183
ENSG00000143256	PFDN2	1	161100556	1184
ENSG00000158793	NIT1	1	161118092	1185
ENSG00000158796	DEDD	1	161120974	1186
ENSG00000143222	UFC1	1	161132703	1187
ENSG00000143258	USP21	1	161159487	1188
ENSG00000143224	PPOX	1	161165824	1189
ENSG00000158850	B4GALT3	1	161171310	1190
ENSG00000158859	ADAMTS4	1	161184302	1191
ENSG00000158864	NDUFS2	1	161199315	1192
ENSG00000158869	FCER1G	1	161215295	1193
ENSG00000158874	APOA2	1	161222292	1194
ENSG00000158882	TOMM40L	1	161225939	1195
ENSG00000143257	NR1I3	1	161229666	1196
ENSG00000248485	PCP4L1	1	161258734	1197
ENSG00000158887	MPZ	1	161303594	1198
ENSG00000143252	SDHC	1	161314376	1199
ENSG00000188931	CFAP126	1	161364733	1200
ENSG00000143226	FCGR2A	1	161505430	1201
ENSG00000173110	HSPA6	1	161524540	1202
ENSG00000203747	FCGR3A	1	161541759	1203
ENSG00000225217	HSPA7	1	161606059	1204
ENSG00000162747	FCGR3B	1	161623196	1205
ENSG00000072694	FCGR2B	1	161647243	1206
ENSG00000081721	DUSP12	1	161749786	1207
ENSG00000118217	ATF6	1	161766320	1208
ENSG00000162745	OLFML2B	1	161983192	1209
ENSG00000198929	NOS1AP	1	162069691	1210
ENSG00000171722	SPATA46	1	162373203	1211
ENSG00000239887	C1orf226	1	162378841	1212
ENSG00000198574	SH2D1B	1	162395268	1213
ENSG00000152332	UHMK1	1	162497174	1214
ENSG00000117143	UAP1	1	162561440	1215
ENSG00000162733	DDR2	1	162630863	1216
ENSG00000132196	HSD17B7	1	162790702	1217
ENSG00000117152	RGS4	1	163068606	1218
ENSG00000143248	RGS5	1	163142299	1219
ENSG00000185630	PBX1	1	164559184	1220
ENSG00000233693	PBX1-AS1	1	164769116	1221
ENSG00000143198	MGST3	1	165631234	1222
ENSG00000143149	ALDH9A1	1	165662212	1223
ENSG00000143183	TMCO1	1	165724291	1224
ENSG00000143179	UCK2	1	165827614	1225
ENSG00000188859	FAM78B	1	166055918	1226
ENSG00000229588	LOC112268276	1	166161051	1227
ENSG00000143157	POGK	1	166839447	1228
ENSG00000152382	TADA1	1	166856510	1229
ENSG00000143195	ILDR2	1	166908187	1230
ENSG00000143190	POU2F1	1	167220878	1231
ENSG00000198821	CD247	1	167430640	1232
ENSG00000143162	CREG1	1	167541013	1233
ENSG00000198771	RCSD1	1	167630193	1234
ENSG00000197965	MPZL1	1	167721982	1235
ENSG00000143199	ADCY10	1	167809080	1236
ENSG00000143158	MPC2	1	167916675	1237
ENSG00000143164	DCAF6	1	167936239	1238
ENSG00000143147	GPR161	1	168079542	1239
ENSG00000143155	TIPRL	1	168178962	1240
ENSG00000213064	SFT2D2	1	168226004	1241
ENSG00000214262	ANKRD36BP1	1	168245565	1242
ENSG00000143178	TBX19	1	168280877	1243
ENSG00000228697	LOC101928565	1	168464114	1244
ENSG00000143184	XCL1	1	168574128	1245
ENSG00000143196	DPT	1	168695468	1246
ENSG00000143153	ATP1B1	1	169106690	1247
ENSG00000143156	NME7	1	169132530	1248
ENSG00000117475	BLZF1	1	169367879	1249
ENSG00000117477	CCDC181	1	169394870	1250
ENSG00000117479	SLC19A2	1	169463909	1251
ENSG00000198734	F5	1	169511951	1252
ENSG00000174175	SELP	1	169588849	1253
ENSG00000188404	SELL	1	169690667	1254
ENSG00000007908	SELE	1	169722640	1255
ENSG00000230704	LOC101928628	1	169762914	1256
ENSG00000171806	METTL18	1	169792524	1257
ENSG00000000460	C1orf112	1	169794730	1258
ENSG00000000457	SCYL3	1	169849631	1259
ENSG00000075945	KIFAP3	1	169921326	1260
ENSG00000120370	GORAB	1	170532122	1261
ENSG00000116132	PRRX1	1	170662728	1262
ENSG00000117501	MROH9	1	170935471	1263
ENSG00000007933	FMO3	1	171090873	1264
ENSG00000221390	MIR1295A	1	171101728	1265
ENSG00000283598	MIR1295B	1	171101739	1266
ENSG00000117507	FMO6P	1	171137740	1267
ENSG00000094963	FMO2	1	171185208	1268
ENSG00000010932	FMO1	1	171248471	1269
ENSG00000076258	FMO4	1	171314131	1270
ENSG00000117523	PRRC2C	1	171485496	1271
ENSG00000117533	VAMP4	1	171700160	1272
ENSG00000010165	METTL13	1	171781660	1273
ENSG00000197959	DNM3	1	171841495	1274
ENSG00000180999	C1orf105	1	172418560	1275
ENSG00000135845	PIGC	1	172441457	1276
ENSG00000094975	SUCO	1	172532349	1277
ENSG00000117560	FASLG	1	172659008	1278
ENSG00000117586	TNFSF4	1	173183729	1279
ENSG00000203739	PRDX6-AS1	1	173417789	1280
ENSG00000117592	PRDX6	1	173477335	1281
ENSG00000076321	KLHL20	1	173714912	1282
ENSG00000120334	CENPL	1	173799550	1283
ENSG00000117593	DARS2	1	173824673	1284
ENSG00000234741	GAS5	1	173863899	1285
ENSG00000185278	ZBTB37	1	173868082	1286
ENSG00000117601	SERPINC1	1	173903519	1287
ENSG00000135870	RC3H1	1	173931084	1288
ENSG00000152061	RABGAP1L	1	174159414	1289
ENSG00000203737	GPR52	1	174447964	1290
ENSG00000229531	RABGAP1L-AS1	1	174934947	1291
ENSG00000116161	CACYBP	1	174999435	1292
ENSG00000120333	MRPS14	1	175012958	1293
ENSG00000120332	TNN	1	175067833	1294
ENSG00000235750	KIAA0040	1	175156986	1295
ENSG00000116147	TNR	1	175315194	1296
ENSG00000227740	LINC02803	1	175866080	1297
ENSG00000143207	COP1	1	175944826	1298
ENSG00000116183	PAPPA2	1	176463159	1299
ENSG00000152092	ASTN1	1	176855117	1300
ENSG00000120341	SEC16B	1	177928788	1301
ENSG00000242193	CRYZL2P	1	178006136	1302
ENSG00000075391	RASAL2	1	178093729	1303
ENSG00000213057	C1orf220	1	178542796	1304
ENSG00000116191	RALGPS2	1	178725147	1305
ENSG00000116194	ANGPTL1	1	178849535	1306
ENSG00000116199	FAM20B	1	179025804	1307
ENSG00000186283	TOR3A	1	179082070	1308
ENSG00000143322	ABL2	1	179099330	1309
ENSG00000057252	SOAT1	1	179293714	1310
ENSG00000169905	TOR1AIP2	1	179839976	1311
ENSG00000143337	TOR1AIP1	1	179882042	1312
ENSG00000135837	CEP350	1	179954773	1313
ENSG00000116260	QSOX1	1	180154833	1314
ENSG00000121454	LHX4	1	180228372	1315
ENSG00000230124	ACBD6	1	180269663	1316
ENSG00000143324	XPR1	1	180632022	1317
ENSG00000135835	KIAA1614	1	180912897	1318
ENSG00000135823	STX6	1	180972712	1319
ENSG00000153029	MR1	1	181033392	1320
ENSG00000162783	IER5	1	181088700	1321
ENSG00000179930	ZNF648	1	182053740	1322
ENSG00000135821	GLUL	1	182378093	1323
ENSG00000203730	TEDDM1	1	182398117	1324
ENSG00000121446	RGSL1	1	182447876	1325
ENSG00000135828	RNASEL	1	182573634	1326
ENSG00000143333	RGS16	1	182598623	1327
ENSG00000135838	NPL	1	182789449	1328
ENSG00000135829	DHX9	1	182839347	1329
ENSG00000135862	LAMC1	1	183023420	1330
ENSG00000058085	LAMC2	1	183186264	1331
ENSG00000232860	SMG7-AS1	1	183460874	1332
ENSG00000116698	SMG7	1	183471993	1333
ENSG00000116701	NCF2	1	183555562	1334
ENSG00000162704	ARPC5	1	183620846	1335
ENSG00000143344	RGL1	1	183636094	1336
ENSG00000173627	APOBEC4	1	183646275	1337
ENSG00000198756	COLGALT2	1	183929662	1338
ENSG00000198860	TSEN15	1	184051730	1339
ENSG00000116667	C1orf21	1	184387029	1340
ENSG00000116406	EDEM3	1	184690237	1341
ENSG00000135842	NIBAN1	1	184791032	1342
ENSG00000121481	RNF2	1	185045430	1343
ENSG00000121486	TRMT1L	1	185118085	1344
ENSG00000116668	SWT1	1	185157060	1345
ENSG00000116679	IVNS1ABP	1	185292367	1346
ENSG00000143341	HMCN1	1	185734391	1347
ENSG00000116690	PRG4	1	186296273	1348
ENSG00000047410	TPR	1	186311652	1349
ENSG00000157181	ODR4	1	186375758	1350
ENSG00000229739	PDC-AS1	1	186435161	1351
ENSG00000116703	PDC	1	186443566	1352
ENSG00000073756	PTGS2	1	186671791	1353
ENSG00000116711	PLA2G4A	1	186828900	1354
ENSG00000150681	RGS18	1	192158462	1355
ENSG00000090104	RGS1	1	192575773	1356
ENSG00000116741	RGS2	1	192809039	1357
ENSG00000116750	UCHL5	1	193012254	1358
ENSG00000116747	RO60	1	193059454	1359
ENSG00000023572	GLRX2	1	193096465	1360
ENSG00000134371	CDC73	1	193121958	1361
ENSG00000162630	B3GALT2	1	193178730	1362
ENSG00000162687	KCNT2	1	196225779	1363
ENSG00000000971	CFH	1	196651878	1364
ENSG00000116785	CFHR3	1	196774800	1365
ENSG00000244414	CFHR1	1	196819730	1366
ENSG00000134365	CFHR4	1	196888051	1367
ENSG00000080910	CFHR2	1	196943738	1368
ENSG00000134389	CFHR5	1	196975022	1369
ENSG00000143278	F13B	1	197038741	1370
ENSG00000066279	ASPM	1	197084127	1371
ENSG00000177888	ZBTB41	1	197153682	1372
ENSG00000213047	DENND1B	1	197504748	1373
ENSG00000203724	C1orf53	1	197902630	1374
ENSG00000143355	LHX9	1	197912505	1375
ENSG00000151414	NEK7	1	198156998	1376
ENSG00000081237	PTPRC	1	198638968	1377
ENSG00000116833	NR5A2	1	200027710	1378
ENSG00000203721	LINC00862	1	200342544	1379
ENSG00000162702	ZNF281	1	200404951	1380
ENSG00000118193	KIF14	1	200551497	1381
ENSG00000118197	DDX59	1	200640805	1382
ENSG00000118200	CAMSAP2	1	200738905	1383
ENSG00000116852	KIF21B	1	200969390	1384
ENSG00000116857	TMEM9	1	201134771	1385
ENSG00000163395	IGFN1	1	201190780	1386
ENSG00000159166	LAD1	1	201380833	1387
ENSG00000159173	TNNI1	1	201403784	1388
ENSG00000174307	PHLDA3	1	201464278	1389
ENSG00000159176	CSRP1	1	201483530	1390
ENSG00000224536	CSRP1-AS1	1	201507213	1391
ENSG00000134369	NAV1	1	201539127	1392
ENSG00000198700	IPO9	1	201829157	1393
ENSG00000198892	SHISA4	1	201888669	1394
ENSG00000163431	LMOD1	1	201896456	1395
ENSG00000134375	TIMM17A	1	201955503	1396
ENSG00000176393	RNPEP	1	201982648	1397
ENSG00000163435	ELF3	1	202010583	1398
ENSG00000170075	GPR37L1	1	202118669	1399
ENSG00000143862	ARL8A	1	202133404	1400
ENSG00000143851	PTPN7	1	202147012	1401
ENSG00000243323	PTPRVP	1	202168051	1402
ENSG00000133067	LGR6	1	202193990	1403
ENSG00000077157	PPP1R12B	1	202348699	1404
ENSG00000143858	SYT2	1	202590596	1405
ENSG00000117139	KDM5B	1	202724495	1406
ENSG00000234996	ACTG1P25	1	202861754	1407
ENSG00000183155	RABIF	1	202878282	1408
ENSG00000117153	KLHL12	1	202891116	1409
ENSG00000159346	ADIPOR1	1	202940825	1410
ENSG00000159348	CYB5R1	1	202961873	1411
ENSG00000163444	TMEM183A	1	203007367	1412
ENSG00000133048	CHI3L1	1	203178931	1413
ENSG00000159388	BTG2	1	203305519	1414
ENSG00000122176	FMOD	1	203340628	1415
ENSG00000188783	PRELP	1	203475806	1416
ENSG00000058668	ATP2B4	1	203626787	1417
ENSG00000122188	LAX1	1	203765132	1418
ENSG00000058673	ZC3H11A	1	203795537	1419
ENSG00000257315	ZBED6	1	203797523	1420
ENSG00000182004	SNRPE	1	203861599	1421
ENSG00000143842	SOX13	1	204073096	1422
ENSG00000143845	ETNK2	1	204131062	1423
ENSG00000230550	ERLNC1	1	204141408	1424
ENSG00000143839	REN	1	204154819	1425
ENSG00000174567	GOLT1A	1	204198158	1426
ENSG00000143850	PLEKHA6	1	204218853	1427
ENSG00000158615	PPP1R15B	1	204398684	1428
ENSG00000133056	PIK3C2B	1	204422630	1429
ENSG00000198625	MDM4	1	204516377	1430
ENSG00000170382	LRRN2	1	204617170	1431
ENSG00000163531	NFASC	1	204828652	1432
ENSG00000184144	CNTN2	1	205042937	1433
ENSG00000174529	TMEM81	1	205083129	1434
ENSG00000117222	RBBP5	1	205086142	1435
ENSG00000133059	DSTYK	1	205142497	1436
ENSG00000163545	NUAK2	1	205302059	1437
ENSG00000117266	CDK18	1	205504593	1438
ENSG00000174514	MFSD4A	1	205569014	1439
ENSG00000158711	ELK4	1	205607943	1440
ENSG00000158715	SLC45A3	1	205657851	1441
ENSG00000069275	NUCKS1	1	205712822	1442
ENSG00000117280	RAB29	1	205767986	1443
ENSG00000133065	SLC41A1	1	205789095	1444
ENSG00000162877	PM20D1	1	205828025	1445
ENSG00000276600	RAB7B	1	205976740	1446
ENSG00000263961	RHEX	1	206053173	1447
ENSG00000266028	SRGAP2	1	206203556	1448
ENSG00000263528	IKBKE	1	206470243	1449
ENSG00000266094	RASSF5	1	206507531	1450
ENSG00000143486	EIF2D	1	206572484	1451
ENSG00000143479	DYRK3	1	206635536	1452
ENSG00000162889	MAPKAPK2	1	206684905	1453
ENSG00000162894	FCMR	1	206903282	1454
ENSG00000162896	PIGR	1	206928522	1455
ENSG00000162897	FCAMR	1	206957955	1456
ENSG00000182795	C1orf116	1	207018521	1457
ENSG00000180667	YOD1	1	207043849	1458
ENSG00000123836	PFKFB2	1	207053063	1459
ENSG00000123843	C4BPB	1	207088795	1460
ENSG00000123838	C4BPA	1	207104232	1461
ENSG00000196352	CD55	1	207321674	1462
ENSG00000203710	CR1	1	207496152	1463
ENSG00000197721	CR1L	1	207645133	1464
ENSG00000117335	CD46	1	207752038	1465
ENSG00000174059	CD34	1	207880972	1466
ENSG00000076356	PLXNA2	1	208022242	1467
ENSG00000196878	LAMB3	1	209614870	1468
ENSG00000227591	HSD11B1-AS1	1	209661359	1469
ENSG00000123689	G0S2	1	209675412	1470
ENSG00000117594	HSD11B1	1	209686180	1471
ENSG00000009790	TRAF3IP3	1	209756053	1472
ENSG00000162757	C1orf74	1	209779208	1473
ENSG00000117595	IRF6	1	209785617	1474
ENSG00000117597	UTP25	1	209827972	1475
ENSG00000054392	HHAT	1	210327873	1476
ENSG00000143473	KCNH1	1	210678314	1477
ENSG00000117625	RCOR3	1	211259277	1478
ENSG00000082512	TRAF5	1	211326594	1479
ENSG00000153363	LINC00467	1	211382755	1480
ENSG00000170385	SLC30A1	1	211571568	1481
ENSG00000123684	LPGAT1	1	211743457	1482
ENSG00000143493	INTS7	1	211940328	1483
ENSG00000143476	DTL	1	212035553	1484
ENSG00000220749	RPL21P28	1	212051486	1485
ENSG00000226251	LINC02608	1	212213002	1486
ENSG00000066027	PPP2R5A	1	212285410	1487
ENSG00000065600	PACC1	1	212363928	1488
ENSG00000117691	NENF	1	212432920	1489
ENSG00000162772	ATF3	1	212565334	1490
ENSG00000117697	NSL1	1	212726153	1491
ENSG00000203705	TATDN3	1	212791828	1492
ENSG00000198468	FLVCR1-DT	1	212856604	1493
ENSG00000162769	FLVCR1	1	212858275	1494
ENSG00000143494	VASH2	1	212950541	1495
ENSG00000174606	ANGEL2	1	212992182	1496
ENSG00000136643	RPS6KC1	1	213051233	1497
ENSG00000230461	PROX1-AS1	1	213819641	1498
ENSG00000117707	PROX1	1	213983239	1499
ENSG00000143499	SMYD2	1	214281159	1500
ENSG00000152104	PTPN14	1	214348700	1501
ENSG00000117724	CENPF	1	214603195	1502
ENSG00000136636	KCTD3	1	215567304	1503
ENSG00000042781	USH2A	1	215622891	1504
ENSG00000196482	ESRRG	1	216503246	1505
ENSG00000092978	GPATCH2	1	217426992	1506
ENSG00000067533	RRP15	1	218285293	1507
ENSG00000092969	TGFB2	1	218345284	1508
ENSG00000143353	LYPLAL1	1	219173831	1509
ENSG00000215817	ZC3H11B	1	219608012	1510
ENSG00000196660	SLC30A10	1	219910395	1511
ENSG00000136628	EPRS1	1	219968600	1512
ENSG00000162813	BPNT1	1	220057482	1513
ENSG00000067704	IARS2	1	220094132	1514
ENSG00000118873	RAB3GAP2	1	220148293	1515
ENSG00000116141	MARK1	1	220528136	1516
ENSG00000162817	C1orf115	1	220690363	1517
ENSG00000117791	MTARC2	1	220747417	1518
ENSG00000186205	MTARC1	1	220786697	1519
ENSG00000238078	LINC01352	1	220829255	1520
ENSG00000136630	HLX	1	220879443	1521
ENSG00000143507	DUSP10	1	221701420	1522
ENSG00000143512	HHIPL2	1	222501521	1523
ENSG00000143498	TAF1A	1	222557902	1524
ENSG00000225265	TAF1A-AS1	1	222589920	1525
ENSG00000154305	MIA3	1	222618097	1526
ENSG00000186063	AIDA	1	222668013	1527
ENSG00000162819	BROX	1	222712553	1528
ENSG00000197520	FAM177B	1	222737216	1529
ENSG00000154309	DISP1	1	222814514	1530
ENSG00000187554	TLR5	1	223108401	1531
ENSG00000143502	SUSD4	1	223220826	1532
ENSG00000162909	CAPN2	1	223701593	1533
ENSG00000143514	TP53BP2	1	223779893	1534
ENSG00000143756	FBXO28	1	224114111	1535
ENSG00000143753	DEGS1	1	224183240	1536
ENSG00000143748	NVL	1	224227334	1537
ENSG00000143771	CNIH4	1	224356879	1538
ENSG00000162923	WDR26	1	224385143	1539
ENSG00000143786	CNIH3	1	224434640	1540
ENSG00000185842	DNAH14	1	224928422	1541
ENSG00000143815	LBR	1	225401502	1542
ENSG00000154380	ENAH	1	225486829	1543
ENSG00000143742	SRP9	1	225777813	1544
ENSG00000143819	EPHX1	1	225810074	1545
ENSG00000196187	TMEM63A	1	225840556	1546
ENSG00000143811	PYCR2	1	225919877	1547
ENSG00000143751	SDE2	1	225982702	1548
ENSG00000163041	H3-3A	1	226062716	1549
ENSG00000182827	ACBD3	1	226144679	1550
ENSG00000234478	ACBD3-AS1	1	226148003	1551
ENSG00000183814	LIN9	1	226231149	1552
ENSG00000143799	PARP1	1	226360691	1553
ENSG00000203685	STUM	1	226548746	1554
ENSG00000143772	ITPKB	1	226631690	1555
ENSG00000143801	PSEN2	1	226870572	1556
ENSG00000163050	COQ8A	1	226939339	1557
ENSG00000143776	CDC42BPA	1	226989858	1558
ENSG00000181450	ZNF678	1	227563556	1559
ENSG00000143740	SNAP47	1	227728168	1560
ENSG00000081692	JMJD4	1	227731189	1561
ENSG00000276255	LINC02809	1	228073909	1562
ENSG00000143761	ARF1	1	228082660	1563
ENSG00000143793	C1orf35	1	228100731	1564
ENSG00000162910	MRPL55	1	228106679	1565
ENSG00000143774	GUK1	1	228140084	1566
ENSG00000181873	IBA57	1	228165804	1567
ENSG00000154358	OBSCN	1	228208044	1568
ENSG00000154370	TRIM11	1	228393672	1569
ENSG00000162931	TRIM17	1	228406877	1570
ENSG00000168159	RNF187	1	228487382	1571
ENSG00000116574	RHOU	1	228644647	1572
ENSG00000177788	RAB4A-AS1	1	229256892	1573
ENSG00000168118	RAB4A	1	229271062	1574
ENSG00000154429	CCSAP	1	229321015	1575
ENSG00000069248	NUP133	1	229440259	1576
ENSG00000135776	ABCB10	1	229516582	1577
ENSG00000135801	TAF5L	1	229593111	1578
ENSG00000135763	URB2	1	229626216	1579
ENSG00000143641	GALNT2	1	230057789	1580
ENSG00000177614	PGBD5	1	230314490	1581
ENSG00000135775	COG2	1	230642481	1582
ENSG00000135744	AGT	1	230702523	1583
ENSG00000119280	C1orf198	1	230837119	1584
ENSG00000143643	TTC13	1	230906243	1585
ENSG00000173409	ARV1	1	230979082	1586
ENSG00000182118	FAM89A	1	231018958	1587
ENSG00000143633	C1orf131	1	231223765	1588
ENSG00000116906	GNPAT	1	231241210	1589
ENSG00000116903	EXOC8	1	231332753	1590
ENSG00000010072	SPRTN	1	231337980	1591
ENSG00000135766	EGLN1	1	231363751	1592
ENSG00000270106	TSNAX-DISC1	1	231528653	1593
ENSG00000116918	TSNAX	1	231528669	1594
ENSG00000162946	DISC1	1	231626790	1595
ENSG00000286071	LOC105373170	1	231809603	1596
ENSG00000116991	SIPA1L2	1	232397965	1597
ENSG00000212916	MAP10	1	232804892	1598
ENSG00000135778	NTPCR	1	232950611	1599
ENSG00000135749	PCNX2	1	232983435	1600
ENSG00000143674	MAP3K21	1	233327724	1601
ENSG00000135750	KCNK1	1	233614106	1602
ENSG00000231663	COA6-AS1	1	234372807	1603
ENSG00000168275	COA6	1	234373456	1604
ENSG00000059588	TARBP1	1	234391313	1605
ENSG00000168264	IRF2BP2	1	234604269	1606
ENSG00000238005	LNCATV	1	234957342	1607
ENSG00000280587	LINC01348	1	235065474	1608
ENSG00000173726	TOMM20	1	235109341	1609
ENSG00000188739	RBM34	1	235131183	1610
ENSG00000054267	ARID4B	1	235166895	1611
ENSG00000152904	GGPS1	1	235327216	1612
ENSG00000284770	TBCE	1	235367360	1613
ENSG00000162885	B3GALNT2	1	235440654	1614
ENSG00000143669	LYST	1	235661031	1615
ENSG00000116962	NID1	1	235975830	1616
ENSG00000077585	GPR137B	1	236142529	1617
ENSG00000086619	ERO1B	1	236213064	1618
ENSG00000116977	LGALS8	1	236518214	1619
ENSG00000119285	HEATR1	1	236549005	1620
ENSG00000116984	MTR	1	236794304	1621
ENSG00000198626	RYR2	1	237042184	1622
ENSG00000133019	CHRM3	1	239386565	1623
ENSG00000233355	CHRM3-AS2	1	239707126	1624
ENSG00000180875	GREM2	1	240489573	1625
ENSG00000091483	FH	1	241497557	1626
ENSG00000117009	KMO	1	241531883	1627
ENSG00000054277	OPN3	1	241593124	1628
ENSG00000203668	CHML	1	241628864	1629
ENSG00000162843	WDR64	1	241652278	1630
ENSG00000180287	PLD5	1	242082986	1631
ENSG00000291217	LINC01347	1	243056314	1632
ENSG00000143702	CEP170	1	243124428	1633
ENSG00000054282	SDCCAG8	1	243255418	1634
ENSG00000117020	AKT3	1	243488233	1635
ENSG00000179456	ZBTB18	1	244048939	1636
ENSG00000035687	ADSS2	1	244408492	1637
ENSG00000179397	CATSPERE	1	244452013	1638
ENSG00000121644	DESI2	1	244652760	1639
ENSG00000203667	COX20	1	244835306	1640
ENSG00000153187	HNRNPU	1	244850297	1641
ENSG00000203666	EFCAB2	1	244969739	1642
ENSG00000162849	KIF26B	1	245154985	1643
ENSG00000185420	SMYD3	1	245749340	1644
ENSG00000162851	TFB2M	1	246540561	1645
ENSG00000162852	CNST	1	246566337	1646
ENSG00000143653	SCCPDH	1	246724409	1647
ENSG00000153207	AHCTF1	1	246839098	1648
ENSG00000277462	ZNF670	1	247034637	1649
ENSG00000188295	ZNF669	1	247099962	1650
ENSG00000196418	ZNF124	1	247121975	1651
ENSG00000283881	MIR3916	1	247201967	1652
ENSG00000162714	ZNF496	1	247297415	1653
ENSG00000162711	NLRP3	1	247416156	1654
ENSG00000175137	SH3BP5L	1	248810446	1655
ENSG00000171161	ZNF672	1	248838219	1656
ENSG00000171163	ZNF692	1	248850004	1657
ENSG00000185220	PGBD2	1	248873827	1658
ENSG00000184731	FAM110C	2	38814	1
ENSG00000035115	SH3YL1	2	218136	2
ENSG00000143727	ACP1	2	264869	3
ENSG00000189292	ALKAL2	2	279558	4
ENSG00000151353	TMEM18	2	663877	5
ENSG00000130508	PXDN	2	1631887	6
ENSG00000032389	EIPR1	2	3188925	7
ENSG00000171853	TRAPPC12	2	3379245	8
ENSG00000182551	ADI1	2	3497366	9
ENSG00000171865	RNASEH1	2	3531813	10
ENSG00000234171	RNASEH1-DT	2	3558386	11
ENSG00000171863	RPS7	2	3575260	12
ENSG00000118004	COLEC11	2	3594832	13
ENSG00000151360	ALLC	2	3645368	14
ENSG00000134326	CMPK2	2	6840417	15
ENSG00000134321	RSAD2	2	6865733	16
ENSG00000151692	RNF144A	2	6917412	17
ENSG00000236790	LINC00299	2	8007771	18
ENSG00000236008	LINC01814	2	8559833	19
ENSG00000115738	ID2	2	8682056	20
ENSG00000134313	KIDINS220	2	8721081	21
ENSG00000143797	MBOAT2	2	8852690	22
ENSG00000151693	ASAP2	2	9206765	23
ENSG00000119185	ITGB1BP1	2	9403475	24
ENSG00000119203	CPSF3	2	9423537	25
ENSG00000134330	IAH1	2	9474532	26
ENSG00000151694	ADAM17	2	9488486	27
ENSG00000134308	YWHAQ	2	9583967	28
ENSG00000115750	TAF1B	2	9843442	29
ENSG00000134317	GRHL1	2	9951693	30
ENSG00000172059	KLF11	2	10043550	31
ENSG00000205795	CYS1	2	10056799	32
ENSG00000171848	RRM2	2	10122568	33
ENSG00000285872	LOC101929691	2	10287613	34
ENSG00000115756	HPCAL1	2	10302124	35
ENSG00000115758	ODC1	2	10439968	36
ENSG00000115761	NOL10	2	10570754	37
ENSG00000143882	ATP6V1C2	2	10720973	38
ENSG00000143870	PDIA6	2	10783391	39
ENSG00000162976	SLC66A3	2	11155372	40
ENSG00000134318	ROCK2	2	11179759	41
ENSG00000169016	E2F6	2	11444375	42
ENSG00000196208	GREB1	2	11481675	43
ENSG00000134324	LPIN1	2	11677544	44
ENSG00000071575	TRIB2	2	12716872	45
ENSG00000162981	LRATD1	2	14632717	46
ENSG00000151779	NBAS	2	14998067	47
ENSG00000079785	DDX1	2	15591868	48
ENSG00000197872	CYRIA	2	16549459	49
ENSG00000214842	RAD51AP2	2	17510579	50
ENSG00000163032	VSNL1	2	17539972	51
ENSG00000163029	SMC6	2	17663812	52
ENSG00000178295	GEN1	2	17753687	53
ENSG00000170745	KCNS3	2	17877847	54
ENSG00000240857	RDH14	2	18554723	55
ENSG00000250741	NT5C1B-RDH14	2	18554723	56
ENSG00000185013	NT5C1B	2	18562871	57
ENSG00000236204	LINC01376	2	18986451	58
ENSG00000228784	LINC00954	2	19868854	59
ENSG00000183891	TTC32	2	19896631	60
ENSG00000118965	WDR35	2	19910260	61
ENSG00000068697	LAPTM4A	2	20032650	62
ENSG00000115884	SDC1	2	20200797	63
ENSG00000055917	PUM2	2	20248691	64
ENSG00000143878	RHOB	2	20447074	65
ENSG00000118960	HS1BP3	2	20552934	66
ENSG00000231948	HS1BP3-IT1	2	20590775	67
ENSG00000143869	GDF7	2	20667144	68
ENSG00000118961	LDAH	2	20682489	69
ENSG00000084674	APOB	2	21001429	70
ENSG00000218819	TDRD15	2	21123932	71
ENSG00000119771	KLHL29	2	23385179	72
ENSG00000119778	ATAD2B	2	23687624	73
ENSG00000173960	UBXN2A	2	23927172	74
ENSG00000163026	WDCP	2	24029336	75
ENSG00000119782	FKBP1B	2	24033205	76
ENSG00000115128	SF3B6	2	24067586	77
ENSG00000219626	FAM228B	2	24076833	78
ENSG00000115129	TP53I3	2	24077428	79
ENSG00000176732	PFN4	2	24114809	80
ENSG00000198399	ITSN2	2	24202864	81
ENSG00000084676	NCOA1	2	24491254	82
ENSG00000184924	PTRHD1	2	24790267	83
ENSG00000138092	CENPO	2	24793115	84
ENSG00000138031	ADCY3	2	24819169	85
ENSG00000115137	DNAJC27	2	24943636	86
ENSG00000224165	DNAJC27-AS1	2	24972112	87
ENSG00000084710	EFR3B	2	25042076	88
ENSG00000119772	DNMT3A	2	25227874	89
ENSG00000138101	DTNB	2	25377243	90
ENSG00000143970	ASXL2	2	25733753	91
ENSG00000084731	KIF3C	2	25926598	92
ENSG00000084733	RAB10	2	26034084	93
ENSG00000157833	GAREM2	2	26173088	94
ENSG00000084754	HADHA	2	26190635	95
ENSG00000138029	HADHB	2	26244748	96
ENSG00000173567	ADGRF3	2	26308173	97
ENSG00000138018	SELENOI	2	26346143	98
ENSG00000213699	SLC35F6	2	26764284	99
ENSG00000084764	MAPRE3	2	26970637	100
ENSG00000205500	MAPRE3-AS1	2	26984772	101
ENSG00000119777	TMEM214	2	27032965	102
ENSG00000084693	AGBL5	2	27051423	103
ENSG00000228474	OST4	2	27070472	104
ENSG00000138080	EMILIN1	2	27078615	105
ENSG00000138030	KHK	2	27086760	106
ENSG00000138028	CGREF1	2	27099353	107
ENSG00000143994	ABHD1	2	27123780	108
ENSG00000138073	PREB	2	27130756	109
ENSG00000138074	SLC5A6	2	27199587	110
ENSG00000138085	ATRAID	2	27212041	111
ENSG00000084774	CAD	2	27217369	112
ENSG00000115204	MPV17	2	27309492	113
ENSG00000115207	GTF3C2	2	27325849	114
ENSG00000234945	GTF3C2-AS1	2	27335542	115
ENSG00000115211	EIF2B4	2	27364352	116
ENSG00000115234	SNX17	2	27370496	117
ENSG00000163795	ZNF513	2	27377231	118
ENSG00000115241	PPM1G	2	27381199	119
ENSG00000115216	NRBP1	2	27427790	120
ENSG00000157992	KRTCAP3	2	27442366	121
ENSG00000138002	IFT172	2	27444373	122
ENSG00000115226	FNDC4	2	27491883	123
ENSG00000084734	GCKR	2	27496839	124
ENSG00000221843	C2orf16	2	27576522	125
ENSG00000243943	ZNF512	2	27582969	126
ENSG00000176714	CCDC121	2	27625638	127
ENSG00000198522	GPN1	2	27628648	128
ENSG00000119760	SUPT7L	2	27642568	129
ENSG00000163798	SLC4A1AP	2	27663471	130
ENSG00000243147	MRPL33	2	27771717	131
ENSG00000171174	RBKS	2	27781364	132
ENSG00000158019	BABAM2	2	27888709	133
ENSG00000223522	LOC100505716	2	28307691	134
ENSG00000075426	FOSL2	2	28392855	135
ENSG00000163803	PLB1	2	28488578	136
ENSG00000213639	PPP1CB	2	28751748	137
ENSG00000163806	SPDYA	2	28810834	138
ENSG00000171103	TRMT61B	2	28849821	139
ENSG00000163811	WDR43	2	28894667	140
ENSG00000189350	TOGARAM2	2	28981298	141
ENSG00000115295	CLIP4	2	29097676	142
ENSG00000171094	ALK	2	29190992	143
ENSG00000119801	YPEL5	2	30146568	144
ENSG00000213626	LBH	2	30231534	145
ENSG00000172954	LCLAT1	2	30447241	146
ENSG00000158089	GALNT14	2	30888518	147
ENSG00000013016	EHD3	2	31234152	148
ENSG00000158125	XDH	2	31334320	149
ENSG00000277893	SRD5A2	2	31522480	150
ENSG00000162959	MEMO1	2	31861303	151
ENSG00000162961	DPY30	2	32011649	152
ENSG00000021574	SPAST	2	32063551	153
ENSG00000152683	SLC30A6	2	32165841	154
ENSG00000091106	NLRC4	2	32224449	155
ENSG00000119820	YIPF4	2	32277904	156
ENSG00000115760	BIRC6	2	32356907	157
ENSG00000290864	BIRC6-AS2	2	32557520	158
ENSG00000018699	TTC27	2	32628035	159
ENSG00000049323	LTBP1	2	32902129	160
ENSG00000152689	RASGRP3	2	33436348	161
ENSG00000119812	RASGRP3-AS1	2	33555045	162
ENSG00000150938	CRIM1	2	36355778	163
ENSG00000171055	FEZ2	2	36552239	164
ENSG00000115808	STRN	2	36837698	165
ENSG00000008869	HEATR5B	2	36980895	166
ENSG00000152133	GPATCH11	2	37084451	167
ENSG00000055332	EIF2AK2	2	37099210	168
ENSG00000218739	CEBPZOS	2	37196493	169
ENSG00000115816	CEBPZ	2	37201612	170
ENSG00000003509	NDUFAF7	2	37231631	171
ENSG00000115825	PRKD3	2	37250502	172
ENSG00000115828	QPCT	2	37344630	173
ENSG00000163171	CDC42EP3	2	37641944	174
ENSG00000237803	PIRAT1	2	37826247	175
ENSG00000115841	RMDN2	2	37920789	176
ENSG00000138061	CYP1B1	2	38067603	177
ENSG00000232973	CYP1B1-AS1	2	38131105	178
ENSG00000119787	ATL2	2	38293954	179
ENSG00000143889	HNRNPLL	2	38561969	180
ENSG00000143891	GALM	2	38665922	181
ENSG00000115875	SRSF7	2	38743599	182
ENSG00000152147	GEMIN6	2	38778210	183
ENSG00000163214	DHX57	2	38797729	184
ENSG00000188010	MORN2	2	38875962	185
ENSG00000214694	ARHGEF33	2	38889882	186
ENSG00000115904	SOS1	2	38981549	187
ENSG00000205111	CDKL4	2	39168045	188
ENSG00000011566	MAP4K3	2	39248941	189
ENSG00000231312	MAP4K3-DT	2	39437416	190
ENSG00000152154	TMEM178A	2	39646748	191
ENSG00000138050	THUMPD2	2	39736060	192
ENSG00000227028	SLC8A1-AS1	2	39917634	193
ENSG00000183023	SLC8A1	2	40094523	194
ENSG00000162878	PKDCC	2	42048021	195
ENSG00000143924	EML4	2	42169353	196
ENSG00000115944	COX7A2L	2	42335559	197
ENSG00000057935	MTA3	2	42494569	198
ENSG00000162881	OXER1	2	42762499	199
ENSG00000162882	HAAO	2	42767087	200
ENSG00000152518	ZFP36L2	2	43222402	201
ENSG00000279873	LINC01126	2	43227211	202
ENSG00000115970	THADA	2	43230836	203
ENSG00000152527	PLEKHH2	2	43637260	204
ENSG00000138036	DYNC2LI1	2	43774039	205
ENSG00000138075	ABCG5	2	43806154	206
ENSG00000143921	ABCG8	2	43831942	207
ENSG00000138095	LRPPRC	2	43886224	208
ENSG00000138032	PPM1B	2	44168803	209
ENSG00000138079	SLC3A1	2	44275464	210
ENSG00000138078	PREPL	2	44317607	211
ENSG00000143919	CAMKMT	2	44361714	212
ENSG00000068784	SRBD1	2	45388680	213
ENSG00000171132	PRKCE	2	45651315	214
ENSG00000116016	EPAS1	2	46297407	215
ENSG00000250565	ATP6V1E2	2	46511847	216
ENSG00000119729	RHOQ	2	46542409	217
ENSG00000250116	RHOQ-AS1	2	46568256	218
ENSG00000151665	PIGF	2	46580937	219
ENSG00000119878	CRIPT	2	46617215	220
ENSG00000171150	SOCS5	2	46698960	221
ENSG00000180398	MCFD2	2	46901870	222
ENSG00000068724	TTC7A	2	46915866	223
ENSG00000143933	CALM2	2	47160082	224
ENSG00000119888	EPCAM	2	47369311	225
ENSG00000095002	MSH2	2	47403067	226
ENSG00000184261	KCNK12	2	47509290	227
ENSG00000116062	MSH6	2	47783082	228
ENSG00000138081	FBXO11	2	47806920	229
ENSG00000233230	LOC100506235	2	47906598	230
ENSG00000170802	FOXN2	2	48314640	231
ENSG00000162869	PPP1R21	2	48440766	232
ENSG00000068781	STON1-GTF2A1L	2	48529925	233
ENSG00000243244	STON1	2	48530169	234
ENSG00000138039	LHCGR	2	48686774	235
ENSG00000179915	NRXN1	2	49918503	236
ENSG00000115239	ASB3	2	53669980	237
ENSG00000143942	CHAC2	2	53767783	238
ENSG00000068912	ERLEC1	2	53786931	239
ENSG00000119737	GPR75	2	53852912	240
ENSG00000068878	PSME4	2	53864069	241
ENSG00000170634	ACYP2	2	53970838	242
ENSG00000178021	TSPYL6	2	54253178	243
ENSG00000115306	SPTBN1	2	54456327	244
ENSG00000214595	EML6	2	54723467	245
ENSG00000115310	RTN4	2	54972189	246
ENSG00000162994	CLHC1	2	55172547	247
ENSG00000143947	RPS27A	2	55231903	248
ENSG00000085760	MTIF2	2	55235583	249
ENSG00000162997	PRORSD1P	2	55282319	250
ENSG00000115355	CCDC88A	2	55287817	251
ENSG00000163001	CFAP36	2	55519595	252
ENSG00000275052	PPP4R3B	2	55547292	253
ENSG00000138035	PNPT1	2	55634061	254
ENSG00000115380	EFEMP1	2	55865967	255
ENSG00000028116	VRK2	2	57907651	256
ENSG00000115392	FANCL	2	58159243	257
ENSG00000119866	BCL11A	2	60450520	258
ENSG00000115421	PAPOLG	2	60756248	259
ENSG00000162924	REL	2	60881521	260
ENSG00000162927	PUS10	2	60940218	261
ENSG00000162928	PEX13	2	61017720	262
ENSG00000162929	SANBR	2	61065870	263
ENSG00000212978	C2orf74-DT	2	61141592	264
ENSG00000237651	C2orf74	2	61145068	265
ENSG00000173209	AHSA2P	2	61177418	266
ENSG00000115464	USP34	2	61187463	267
ENSG00000082898	XPO1	2	61477849	268
ENSG00000170264	FAM161A	2	61800240	269
ENSG00000115484	CCT4	2	61868085	270
ENSG00000173163	COMMD1	2	61888391	271
ENSG00000170340	B3GNT2	2	62196115	272
ENSG00000186889	TMEM17	2	62452778	273
ENSG00000115504	EHBP1	2	62673878	274
ENSG00000231609	EHBP1-AS1	2	63043922	275
ENSG00000143951	WDPCP	2	63119559	276
ENSG00000014641	MDH1	2	63588963	277
ENSG00000169764	UGP2	2	63840964	278
ENSG00000143952	VPS54	2	63892149	279
ENSG00000197329	PELI1	2	64092652	280
ENSG00000119862	LGALSL	2	64454162	281
ENSG00000119844	AFTPH	2	64524305	282
ENSG00000179833	SERTAD2	2	64631621	283
ENSG00000115902	SLC1A4	2	64988479	284
ENSG00000011523	CEP68	2	65056402	285
ENSG00000138069	RAB1A	2	65086854	286
ENSG00000138071	ACTR2	2	65227695	287
ENSG00000198369	SPRED2	2	65307425	288
ENSG00000234255	LOC105374780	2	65437887	289
ENSG00000143995	MEIS1	2	66435125	290
ENSG00000143971	ETAA1	2	67397317	291
ENSG00000197223	C1D	2	68041130	292
ENSG00000243667	DNAAF10	2	68129805	293
ENSG00000115946	PNO1	2	68157830	294
ENSG00000221823	PPP3R1	2	68178857	295
ENSG00000119865	CNRIP1	2	68284171	296
ENSG00000115956	PLEK	2	68365282	297
ENSG00000204923	FBXO48	2	68459422	298
ENSG00000169621	APLF	2	68467585	299
ENSG00000163219	ARHGAP25	2	68710510	300
ENSG00000163217	BMP10	2	68860909	301
ENSG00000169604	ANTXR1	2	69013144	302
ENSG00000198380	GFPT1	2	69319769	303
ENSG00000169599	NFU1	2	69395750	304
ENSG00000115977	AAK1	2	69457997	305
ENSG00000196975	ANXA4	2	69643808	306
ENSG00000288869	SMANTIS	2	69789549	307
ENSG00000087338	GMCL1	2	69829660	308
ENSG00000124380	SNRNP27	2	69893956	309
ENSG00000059728	MXD1	2	69915041	310
ENSG00000179818	ASPRV1	2	69960089	311
ENSG00000169564	PCBP1	2	70087477	312
ENSG00000115998	C2orf42	2	70149880	313
ENSG00000116001	TIA1	2	70209444	314
ENSG00000116005	PCYOX1	2	70258137	315
ENSG00000143977	SNRPG	2	70281362	316
ENSG00000035141	FAM136A	2	70295976	317
ENSG00000163235	TGFA	2	70447284	318
ENSG00000075340	ADD2	2	70656784	319
ENSG00000152672	CLEC4F	2	70808643	320
ENSG00000116031	CD207	2	70825248	321
ENSG00000144031	ANKRD53	2	70978445	322
ENSG00000144043	TEX261	2	70985942	323
ENSG00000124357	NAGK	2	71068278	324
ENSG00000124370	MCEE	2	71109684	325
ENSG00000124383	MPHOSPH10	2	71130634	326
ENSG00000124374	PAIP2B	2	71182738	327
ENSG00000075292	ZNF638	2	71331755	328
ENSG00000135636	DYSF	2	71453154	329
ENSG00000003137	CYP26B1	2	72129238	330
ENSG00000144036	EXOC6B	2	72175984	331
ENSG00000116096	SPR	2	72887408	332
ENSG00000135638	EMX1	2	72910949	333
ENSG00000144040	SFXN5	2	72942036	334
ENSG00000135631	RAB11FIP5	2	73073382	335
ENSG00000135632	SMYD5	2	73214245	336
ENSG00000135617	PRADC1	2	73228006	337
ENSG00000135624	CCT7	2	73233425	338
ENSG00000163013	FBXO41	2	73254682	339
ENSG00000116127	ALMS1	2	73385758	340
ENSG00000230002	ALMS1-IT1	2	73457103	341
ENSG00000144035	NAT8	2	73640723	342
ENSG00000290727	ALMS1P1	2	73644919	343
ENSG00000204872	NAT8B	2	73700509	344
ENSG00000144034	TPRKB	2	73729837	345
ENSG00000144048	DUSP11	2	73762198	346
ENSG00000124356	STAMBP	2	73828911	347
ENSG00000286244	LOC112268419	2	73848334	348
ENSG00000114956	DGUOK	2	73926827	349
ENSG00000187605	TET3	2	73982036	350
ENSG00000163170	BOLA3	2	74135400	351
ENSG00000225439	BOLA3-DT	2	74147981	352
ENSG00000114978	MOB1A	2	74152528	353
ENSG00000065911	MTHFD2	2	74198563	354
ENSG00000188687	SLC4A5	2	74216242	355
ENSG00000204843	DCTN1	2	74361154	356
ENSG00000005448	WDR54	2	74421721	357
ENSG00000114993	RTKN	2	74425835	358
ENSG00000274049	INO80B-WBP1	2	74455023	359
ENSG00000115274	INO80B	2	74455087	360
ENSG00000239779	WBP1	2	74458438	361
ENSG00000115275	MOGS	2	74461057	362
ENSG00000204822	MRPL53	2	74471982	363
ENSG00000135637	CCDC142	2	74472832	364
ENSG00000115282	TTC31	2	74483052	365
ENSG00000179528	LBX2	2	74497517	366
ENSG00000257702	LBX2-AS1	2	74502593	367
ENSG00000115289	PCGF1	2	74505043	368
ENSG00000115307	AUP1	2	74526652	369
ENSG00000115317	HTRA2	2	74529405	370
ENSG00000115318	LOXL3	2	74532258	371
ENSG00000115325	DOK1	2	74549020	372
ENSG00000135622	SEMA4F	2	74654228	373
ENSG00000159399	HK2	2	74834126	374
ENSG00000115350	POLE4	2	74958643	375
ENSG00000115353	TACR1	2	75046463	376
ENSG00000115363	EVA1A	2	75492318	377
ENSG00000231172	EVA1A-AS	2	75524068	378
ENSG00000115364	MRPL19	2	75646783	379
ENSG00000005436	GCFC2	2	75655606	380
ENSG00000176204	LRRTM4	2	76747723	381
ENSG00000234653	LRRTM4-AS1	2	76985965	382
ENSG00000163541	SUCLG1	2	84423528	383
ENSG00000115423	DNAH6	2	84459572	384
ENSG00000186854	TRABD2A	2	84821650	385
ENSG00000034510	TMSB10	2	84905656	386
ENSG00000176407	KCMF1	2	84971161	387
ENSG00000152284	TCF7L1	2	85133392	388
ENSG00000152291	TGOLN2	2	85318027	389
ENSG00000042445	RETSAT	2	85341955	390
ENSG00000115459	ELMOD3	2	85354394	391
ENSG00000042493	CAPG	2	85394748	392
ENSG00000152292	SH2D6	2	85418931	393
ENSG00000168906	MAT2A	2	85539168	394
ENSG00000115486	GGCX	2	85544720	395
ENSG00000118640	VAMP8	2	85577535	396
ENSG00000168899	VAMP5	2	85584431	397
ENSG00000168894	RNF181	2	85593823	398
ENSG00000168890	TMEM150A	2	85598547	399
ENSG00000168883	USP39	2	85602843	400
ENSG00000168887	C2orf68	2	85605254	401
ENSG00000115523	GNLY	2	85694294	402
ENSG00000168874	ATOH8	2	85753786	403
ENSG00000115525	ST3GAL5	2	85837120	404
ENSG00000068654	POLR1A	2	86020216	405
ENSG00000132300	PTCD3	2	86106235	406
ENSG00000208772	SNORD94	2	86135870	407
ENSG00000132305	IMMT	2	86143932	408
ENSG00000132313	MRPL35	2	86199433	409
ENSG00000068615	REEP1	2	86213993	410
ENSG00000115548	KDM3A	2	86440647	411
ENSG00000115561	CHMP3	2	86503430	412
ENSG00000249884	RNF103-CHMP3	2	86503430	413
ENSG00000228363	CHMP3-AS1	2	86562704	414
ENSG00000239305	RNF103	2	86603393	415
ENSG00000153561	RMND5A	2	86720291	416
ENSG00000153563	CD8A	2	86784605	417
ENSG00000172116	CD8B	2	86815337	418
ENSG00000187627	RGPD1	2	86913577	419
ENSG00000183281	PLGLB1	2	87010464	420
ENSG00000285793	ANAPC1P2	2	87030675	421
ENSG00000204745	LOC102724642	2	87125147	422
ENSG00000222041	CYTOR	2	87455427	423
ENSG00000234231	ANAPC1P4	2	87700983	424
ENSG00000125551	PLGLB2	2	87748087	425
ENSG00000185304	RGPD2	2	87757198	426
ENSG00000172086	KRCC1	2	88027205	427
ENSG00000163586	FABP1	2	88122982	428
ENSG00000144115	THNSL2	2	88170295	429
ENSG00000225420	LOC101928371	2	88538720	430
ENSG00000172071	EIF2AK3	2	88556740	431
ENSG00000234028	EIF2AK3-DT	2	88627829	432
ENSG00000153574	RPIA	2	88691673	433
ENSG00000291127	ANKRD36BP2	2	88765902	434
ENSG00000211592	IGKC	2	88857361	435
ENSG00000211594	IGKJ4	2	88860886	436
ENSG00000211597	IGKJ1	2	88861886	437
ENSG00000211598	IGKV4-1	2	88885572	438
ENSG00000243466	IGKV1-5	2	88947301	439
ENSG00000241755	IGKV1-9	2	89009982	440
ENSG00000241351	IGKV3-11	2	89027171	441
ENSG00000243290	IGKV1-12	2	89040224	442
ENSG00000244437	IGKV3-15	2	89085177	443
ENSG00000240864	IGKV1-16	2	89099859	444
ENSG00000240382	IGKV1-17	2	89117342	445
ENSG00000239951	IGKV3-20	2	89142574	446
ENSG00000241294	IGKV2-24	2	89176328	447
ENSG00000244116	IGKV2-28	2	89221698	448
ENSG00000243238	IGKV2-30	2	89244781	449
ENSG00000242076	IGKV1-33	2	89268001	450
ENSG00000242371	IGKV1-39	2	89319625	451
ENSG00000290846	LOC107985911	2	89542839	452
ENSG00000251546	IGKV1D-39	2	89862505	453
ENSG00000239975	IGKV1D-33	2	89914071	454
ENSG00000242534	IGKV2D-28	2	89960015	455
ENSG00000211625	IGKV3D-20	2	90038945	456
ENSG00000224041	IGKV3D-15	2	90114887	457
ENSG00000211632	IGKV3D-11	2	90172899	458
ENSG00000259916	AQP7B	2	94587227	459
ENSG00000229089	ANKRD20A8P	2	94760928	460
ENSG00000144029	MRPS5	2	95085369	461
ENSG00000144026	ZNF514	2	95122987	462
ENSG00000275111	ZNF2	2	95165809	463
ENSG00000155066	PROM2	2	95274449	464
ENSG00000115041	KCNIP3	2	95297325	465
ENSG00000115042	FAHD2A	2	95402672	466
ENSG00000174501	ANKRD36C	2	95848932	467
ENSG00000186281	GPAT2	2	96021946	468
ENSG00000274286	ADRA2B	2	96112876	469
ENSG00000084090	STARD7	2	96184859	470
ENSG00000135956	TMEM127	2	96248514	471
ENSG00000144021	CIAO1	2	96266159	472
ENSG00000144028	SNRNP200	2	96274338	473
ENSG00000198885	ITPRIPL1	2	96325324	474
ENSG00000121152	NCAPH	2	96335766	475
ENSG00000196843	ARID5A	2	96536752	476
ENSG00000114982	KANSL3	2	96593170	477
ENSG00000249715	FER1L5	2	96642719	478
ENSG00000114988	LMAN2L	2	96705929	479
ENSG00000158158	CNNM4	2	96760902	480
ENSG00000273265	CNNM3-DT	2	96812239	481
ENSG00000168763	CNNM3	2	96814946	482
ENSG00000163126	ANKRD23	2	96837912	483
ENSG00000213337	ANKRD39	2	96847990	484
ENSG00000168758	SEMA4C	2	96859718	485
ENSG00000144199	FAHD2B	2	97080738	486
ENSG00000135976	ANKRD36	2	97113153	487
ENSG00000196912	ANKRD36B	2	97492663	488
ENSG00000135940	COX5B	2	97646062	489
ENSG00000115073	ACTR1B	2	97655939	490
ENSG00000228486	C2orf92	2	97663922	491
ENSG00000115085	ZAP70	2	97712030	492
ENSG00000075568	TMEM131	2	97756336	493
ENSG00000040933	INPP4A	2	98444538	494
ENSG00000183513	COA5	2	98599314	495
ENSG00000115446	UNC50	2	98608548	496
ENSG00000071073	MGAT4A	2	98619106	497
ENSG00000196872	CRACDL	2	98793846	498
ENSG00000135951	TSGA10	2	98997261	499
ENSG00000273045	C2orf15	2	99141613	500
ENSG00000144182	LIPT1	2	99154967	501
ENSG00000158411	MITD1	2	99161427	502
ENSG00000185414	MRPL30	2	99181184	503
ENSG00000185674	LYG2	2	99242246	504
ENSG00000144214	LYG1	2	99284238	505
ENSG00000115514	TXNDC9	2	99306184	506
ENSG00000158417	EIF5B	2	99337389	507
ENSG00000135945	REV1	2	99400477	508
ENSG00000144218	AFF3	2	99545419	509
ENSG00000170500	LONRF2	2	100271875	510
ENSG00000115526	CHST10	2	100391860	511
ENSG00000115539	PDCL3	2	100562993	512
ENSG00000170485	NPAS2	2	100820139	513
ENSG00000071082	RPL31	2	101002229	514
ENSG00000204634	TBC1D8	2	101006435	515
ENSG00000158435	CNOT11	2	101252886	516
ENSG00000163162	RNF149	2	101271213	517
ENSG00000212283	SNORD89	2	101272936	518
ENSG00000071054	MAP4K4	2	101697703	519
ENSG00000115590	IL1R2	2	101991805	520
ENSG00000115594	IL1R1	2	102069638	521
ENSG00000115598	IL1RL2	2	102186973	522
ENSG00000115602	IL1RL1	2	102311502	523
ENSG00000115604	IL18R1	2	102355796	524
ENSG00000115607	IL18RAP	2	102418550	525
ENSG00000135953	MFSD9	2	102713867	526
ENSG00000170417	TMEM182	2	102736910	527
ENSG00000225765	LINC01831	2	104412152	528
ENSG00000135972	MRPS9	2	105037469	529
ENSG00000231851	MRPS9-AS1	2	105097052	530
ENSG00000135966	TGFBRAP1	2	105249408	531
ENSG00000135974	C2orf49	2	105337365	532
ENSG00000115641	FHL2	2	105357712	533
ENSG00000071051	NCK2	2	105744649	534
ENSG00000115652	UXS1	2	106093303	535
ENSG00000291125	PLGLA	2	106382114	536
ENSG00000153165	RGPD3	2	106404680	537
ENSG00000144057	ST6GAL2	2	106801600	538
ENSG00000196862	RGPD4	2	107826921	539
ENSG00000198203	SULT1C2	2	108288895	540
ENSG00000198075	SULT1C4	2	108377954	541
ENSG00000135968	GCC2	2	108448561	542
ENSG00000214184	GCC2-AS1	2	108507527	543
ENSG00000169756	LIMS1	2	108533671	544
ENSG00000153201	RANBP2	2	108719446	545
ENSG00000163006	CCDC138	2	108786733	546
ENSG00000135960	EDAR	2	108894471	547
ENSG00000172985	SH3RF3	2	109129205	548
ENSG00000186522	SEPTIN10	2	109542797	549
ENSG00000198142	SOWAHC	2	109614364	550
ENSG00000015568	RGPD5	2	109760594	551
ENSG00000284337	LIMS3-LOC440895	2	109898432	552
ENSG00000256977	LIMS3	2	109898688	553
ENSG00000204588	LINC01123	2	109986980	554
ENSG00000144063	MALL	2	110083870	555
ENSG00000144061	NPHP1	2	110122311	556
ENSG00000175701	MTLN	2	110211529	557
ENSG00000290732	LOC100507334	2	110245638	558
ENSG00000256671	LIMS4	2	110386341	559
ENSG00000290733	LOC100288570	2	110402917	560
ENSG00000183054	RGPD6	2	110513802	561
ENSG00000169679	BUB1	2	110637528	562
ENSG00000153093	ACOXL	2	110732539	563
ENSG00000153094	BCL2L11	2	111120914	564
ENSG00000172965	MIR4435-2HG	2	111195866	565
ENSG00000153107	ANAPC1	2	111766150	566
ENSG00000153208	MERTK	2	111898607	567
ENSG00000153214	TMEM87B	2	112055266	568
ENSG00000144152	FBLN7	2	112138385	569
ENSG00000144161	ZC3H8	2	112211529	570
ENSG00000188177	ZC3H6	2	112275594	571
ENSG00000169629	RGPD8	2	112368369	572
ENSG00000114999	TTL	2	112482127	573
ENSG00000125630	POLR1B	2	112542036	574
ENSG00000125611	CHCHD5	2	112584447	575
ENSG00000144136	SLC20A1	2	112645938	576
ENSG00000169607	CKAP2L	2	112736349	577
ENSG00000125538	IL1B	2	112829751	578
ENSG00000136689	IL1RN	2	113099365	579
ENSG00000125637	PSD4	2	113157399	580
ENSG00000125618	PAX8	2	113215997	581
ENSG00000189223	PAX8-AS1	2	113235527	582
ENSG00000136682	ZNG1B	2	113437691	583
ENSG00000291134	WASH2P	2	113583653	584
ENSG00000144134	RABL2A	2	113627218	585
ENSG00000115084	SLC35F5	2	113702677	586
ENSG00000115091	ACTR3	2	113889934	587
ENSG00000234199	LINC01191	2	113969322	588
ENSG00000175497	DPP10	2	114442641	589
ENSG00000088205	DDX18	2	117814691	590
ENSG00000125633	CCDC93	2	117915481	591
ENSG00000125629	INSIG2	2	118088418	592
ENSG00000019169	MARCO	2	118942169	593
ENSG00000115107	STEAP3	2	119222476	594
ENSG00000229867	STEAP3-AS1	2	119244422	595
ENSG00000186132	C2orf76	2	119281472	596
ENSG00000155368	DBI	2	119366977	597
ENSG00000171227	TMEM37	2	119429912	598
ENSG00000080293	SCTR	2	119439843	599
ENSG00000163075	CFAP221	2	119544392	600
ENSG00000144120	TMEM177	2	119679167	601
ENSG00000088179	PTPN4	2	119759922	602
ENSG00000115109	EPB41L5	2	120013032	603
ENSG00000226479	TMEM185B	2	120217479	604
ENSG00000144118	RALB	2	120252850	605
ENSG00000163083	INHBB	2	120346136	606
ENSG00000074047	GLI2	2	120735865	607
ENSG00000115112	TFCP2L1	2	121216587	608
ENSG00000074054	CLASP1	2	121337776	609
ENSG00000264229	RNU4ATAC	2	121530880	610
ENSG00000236859	NIFK-AS1	2	121649654	611
ENSG00000155438	NIFK	2	121726945	612
ENSG00000211460	TSN	2	121755545	613
ENSG00000136732	GYPC	2	126655935	614
ENSG00000136717	BIN1	2	127048023	615
ENSG00000163161	ERCC3	2	127257290	616
ENSG00000169967	MAP3K2	2	127298668	617
ENSG00000115718	PROC	2	127418143	618
ENSG00000163166	IWS1	2	127480807	619
ENSG00000169994	MYO7B	2	127535689	620
ENSG00000072163	LIMS2	2	127638381	621
ENSG00000144230	GPR17	2	127645864	622
ENSG00000136709	WDR33	2	127701027	623
ENSG00000173349	SFT2D3	2	127701497	624
ENSG00000144231	POLR2D	2	127843553	625
ENSG00000144233	AMMECR1L	2	127861630	626
ENSG00000136715	SAP130	2	127941217	627
ENSG00000136731	UGGT1	2	128091184	628
ENSG00000136720	HS6ST1	2	128265480	629
ENSG00000222014	RAB6C	2	129979666	630
ENSG00000136699	SMPD4	2	130151392	631
ENSG00000152082	MZT2B	2	130182262	632
ENSG00000136710	CCDC115	2	130337933	633
ENSG00000136718	IMP4	2	130342242	634
ENSG00000072135	PTPN18	2	130356012	635
ENSG00000136002	ARHGEF4	2	130836914	636
ENSG00000152102	FAM168B	2	131047876	637
ENSG00000115762	PLEKHB2	2	131104847	638
ENSG00000233087	RAB6D	2	131360492	639
ENSG00000173272	MZT2A	2	131469724	640
ENSG00000152117	SMPD4BP	2	131492813	641
ENSG00000287151	C2orf27A	2	131682499	642
ENSG00000183840	GPR39	2	132416805	643
ENSG00000150551	LYPD1	2	132643286	644
ENSG00000176771	NCKAP5	2	132671788	645
ENSG00000233729	NCKAP5-AS1	2	132915557	646
ENSG00000152127	MGAT5	2	134119922	647
ENSG00000153086	ACMSD	2	134838319	648
ENSG00000082258	CCNT2	2	134918810	649
ENSG00000176601	MAP3K19	2	134963875	650
ENSG00000115839	RAB3GAP1	2	135052281	651
ENSG00000121988	ZRANB3	2	135164218	652
ENSG00000048991	R3HDM1	2	135531429	653
ENSG00000144224	UBXN4	2	135741855	654
ENSG00000076003	MCM6	2	135839626	655
ENSG00000115866	DARS1	2	135905881	656
ENSG00000121966	CXCR4	2	136114349	657
ENSG00000144229	THSD7B	2	136765545	658
ENSG00000150540	HNMT	2	137964068	659
ENSG00000144228	SPOPL	2	138501770	660
ENSG00000168702	LRP1B	2	140231423	661
ENSG00000115919	KYNU	2	142877664	662
ENSG00000075884	ARHGAP15	2	143070973	663
ENSG00000121964	GTDC1	2	143944414	664
ENSG00000169554	ZEB2	2	144384081	665
ENSG00000238057	ZEB2-AS1	2	144519614	666
ENSG00000121989	ACVR2A	2	147844517	667
ENSG00000115947	ORC4	2	147930396	668
ENSG00000204406	MBD5	2	148021011	669
ENSG00000135999	EPC2	2	148644751	670
ENSG00000168280	KIF5C	2	148875227	671
ENSG00000187123	LYPD6	2	149329985	672
ENSG00000168288	MMADHC	2	149569637	673
ENSG00000231969	MMADHC-DT	2	149587358	674
ENSG00000162947	LINC01931	2	149767506	675
ENSG00000286081	LOC105373682	2	150150633	676
ENSG00000231420	LINC01817	2	150234892	677
ENSG00000115963	RND3	2	150468193	678
ENSG00000184898	RBM43	2	151247940	679
ENSG00000123609	NMI	2	151270465	680
ENSG00000080345	RIF1	2	151409902	681
ENSG00000183091	NEB	2	151485334	682
ENSG00000162980	ARL5A	2	151798797	683
ENSG00000182389	CACNB4	2	151832771	684
ENSG00000115145	STAM2	2	152116801	685
ENSG00000157827	FMNL2	2	152335170	686
ENSG00000196504	PRPF40A	2	152651593	687
ENSG00000177917	ARL6IP6	2	152717648	688
ENSG00000162989	KCNJ3	2	154698581	689
ENSG00000226383	LINC01876	2	156020535	690
ENSG00000153234	NR4A2	2	156324432	691
ENSG00000115159	GPD2	2	156435290	692
ENSG00000136541	ERMN	2	157318613	693
ENSG00000115165	CYTIP	2	157412782	694
ENSG00000123612	ACVR1C	2	157526767	695
ENSG00000115170	ACVR1	2	157736446	696
ENSG00000007001	UPP2	2	157995179	697
ENSG00000153237	CCDC148	2	158171073	698
ENSG00000144283	PKP4	2	158456880	699
ENSG00000204380	PKP4-AS1	2	158658337	700
ENSG00000115183	TANC1	2	158968600	701
ENSG00000196151	WDSUB1	2	159235793	702
ENSG00000123636	BAZ2B	2	159315312	703
ENSG00000224152	BAZ2B-AS1	2	159615294	704
ENSG00000136536	MARCHF7	2	159712457	705
ENSG00000241399	CD302	2	159768628	706
ENSG00000248672	LY75-CD302	2	159768628	707
ENSG00000054219	LY75	2	159803355	708
ENSG00000153246	PLA2R1	2	159932002	709
ENSG00000153250	RBMS1	2	160272151	710
ENSG00000136560	TANK	2	161136955	711
ENSG00000227403	LINC01806	2	161244739	712
ENSG00000115233	PSMD14	2	161308425	713
ENSG00000144290	SLC4A10	2	161620963	714
ENSG00000197635	DPP4	2	161992241	715
ENSG00000078098	FAP	2	162170684	716
ENSG00000115267	IFIH1	2	162267074	717
ENSG00000115271	GCA	2	162318763	718
ENSG00000184611	KCNH7	2	162371407	719
ENSG00000182263	FIGN	2	163602611	720
ENSG00000115290	GRB14	2	164492417	721
ENSG00000082438	COBLL1	2	164657931	722
ENSG00000206869	SNORA70F	2	164687643	723
ENSG00000169507	SLC38A11	2	164898199	724
ENSG00000153253	SCN3A	2	165087526	725
ENSG00000136531	SCN2A	2	165208056	726
ENSG00000178662	CSRNP3	2	165469680	727
ENSG00000115339	GALNT3	2	165747588	728
ENSG00000123607	TTC21B	2	165873362	729
ENSG00000144285	SCN1A	2	165984641	730
ENSG00000169432	SCN9A	2	166195185	731
ENSG00000136546	SCN7A	2	166403573	732
ENSG00000198648	STK39	2	167954020	733
ENSG00000172292	CERS6	2	168455862	734
ENSG00000227617	CERS6-AS1	2	168771951	735
ENSG00000163072	NOSTRIN	2	168786539	736
ENSG00000073734	ABCB11	2	168915468	737
ENSG00000073737	DHRS9	2	169067077	738
ENSG00000081479	LRP2	2	169127109	739
ENSG00000163093	BBS5	2	169479494	740
ENSG00000239474	KLHL41	2	169509702	741
ENSG00000138399	FASTKD1	2	169527880	742
ENSG00000138398	PPIG	2	169584343	743
ENSG00000154479	CFAP210	2	169645425	744
ENSG00000144362	PHOSPHO2	2	169694454	745
ENSG00000213160	PHOSPHO2-KLHL23	2	169694469	746
ENSG00000138385	SSB	2	169798871	747
ENSG00000138382	METTL5	2	169811757	748
ENSG00000144357	UBR3	2	169827454	749
ENSG00000222033	LINC01124	2	170712439	750
ENSG00000204334	ERICH2	2	170770042	751
ENSG00000115806	GORASP2	2	170928477	752
ENSG00000198586	TLK1	2	170990823	753
ENSG00000123600	METTL8	2	171315746	754
ENSG00000115827	DCAF17	2	171434166	755
ENSG00000071967	CYBRD1	2	171522233	756
ENSG00000077380	DYNC1I2	2	171687465	757
ENSG00000115840	SLC25A12	2	171783405	758
ENSG00000128708	HAT1	2	171922425	759
ENSG00000172878	METAP1D	2	171999953	760
ENSG00000091409	ITGA6	2	172427336	761
ENSG00000152256	PDK1	2	172555373	762
ENSG00000091428	RAPGEF4	2	172735282	763
ENSG00000091436	MAP3K20	2	173075435	764
ENSG00000238133	MAP3K20-AS1	2	173197712	765
ENSG00000172845	SP3	2	173900775	766
ENSG00000138430	OLA1	2	174072447	767
ENSG00000138433	CIR1	2	174348022	768
ENSG00000144306	SCRN3	2	174395729	769
ENSG00000163328	GPR155	2	174431571	770
ENSG00000115935	WIPF1	2	174559574	771
ENSG00000128656	CHN1	2	174798809	772
ENSG00000115966	ATF2	2	175072250	773
ENSG00000154518	ATP5MC3	2	175176258	774
ENSG00000144320	LNPK	2	175923862	775
ENSG00000128654	MTX2	2	176269423	776
ENSG00000170144	HNRNPA3	2	177212694	777
ENSG00000116044	NFE2L2	2	177230303	778
ENSG00000213963	LOC100130691	2	177283508	779
ENSG00000018510	AGPS	2	177392773	780
ENSG00000196659	TTC30B	2	177548998	781
ENSG00000197557	TTC30A	2	177612999	782
ENSG00000128655	PDE11A	2	177623244	783
ENSG00000229941	PDE11A-AS1	2	177673322	784
ENSG00000155636	RBM45	2	178112409	785
ENSG00000079156	OSBPL6	2	178194465	786
ENSG00000223960	CHROMR	2	178413659	787
ENSG00000180228	PRKRA	2	178431414	788
ENSG00000204311	PJVK	2	178450592	789
ENSG00000079150	FKBP7	2	178463664	790
ENSG00000116095	PLEKHA3	2	178480454	791
ENSG00000237298	TTN-AS1	2	178522827	792
ENSG00000155657	TTN	2	178525989	793
ENSG00000163492	CCDC141	2	178825308	794
ENSG00000187231	SESTD1	2	179101678	795
ENSG00000144331	ZNF385B	2	179441982	796
ENSG00000163510	CWC22	2	179944876	797
ENSG00000170035	UBE2E3	2	180980385	798
ENSG00000115232	ITGA4	2	181456892	799
ENSG00000188452	CERKL	2	181536672	800
ENSG00000138434	ITPRID2	2	181891730	801
ENSG00000150722	PPP1R1C	2	181954241	802
ENSG00000115252	PDE1A	2	182136453	803
ENSG00000077232	DNAJC10	2	182716257	804
ENSG00000162998	FRZB	2	182833275	805
ENSG00000061676	NCKAP1	2	182909115	806
ENSG00000162999	DUSP19	2	183078747	807
ENSG00000163002	NUP35	2	183117480	808
ENSG00000188738	FSIP2	2	185738804	809
ENSG00000231646	FSIP2-AS1	2	185783691	810
ENSG00000065548	ZC3H15	2	186486253	811
ENSG00000138448	ITGAV	2	186590056	812
ENSG00000144369	FAM171B	2	186694060	813
ENSG00000064989	CALCRL	2	187341964	814
ENSG00000003436	TFPI	2	187464230	815
ENSG00000144366	GULP1	2	188291669	816
ENSG00000168542	COL3A1	2	188974373	817
ENSG00000284180	MIR3606	2	188995630	818
ENSG00000204262	COL5A2	2	189031898	819
ENSG00000115368	WDR75	2	189441433	820
ENSG00000138449	SLC40A1	2	189560590	821
ENSG00000138381	ASNSD1	2	189661399	822
ENSG00000286053	ASDURF	2	189661399	823
ENSG00000151687	ANKAR	2	189674292	824
ENSG00000128694	OSGEPL1	2	189746660	825
ENSG00000128699	ORMDL1	2	189763859	826
ENSG00000064933	PMS1	2	189784085	827
ENSG00000187699	C2orf88	2	189879479	828
ENSG00000198130	HIBCH	2	190203920	829
ENSG00000151689	INPP1	2	190343589	830
ENSG00000151690	MFSD6	2	190408355	831
ENSG00000189362	NEMP2	2	190454088	832
ENSG00000233654	NEMP2-DT	2	190534525	833
ENSG00000138386	NAB1	2	190648860	834
ENSG00000115419	GLS	2	190880821	835
ENSG00000115415	STAT1	2	190968989	836
ENSG00000231858	STAT4-AS1	2	191021526	837
ENSG00000138378	STAT4	2	191029576	838
ENSG00000128641	MYO1B	2	191245400	839
ENSG00000173559	NABP1	2	191678072	840
ENSG00000168497	CAVIN2	2	191834310	841
ENSG00000144339	TMEFF2	2	191948300	842
ENSG00000196950	SLC39A10	2	195575944	843
ENSG00000118997	DNAH7	2	195737604	844
ENSG00000081320	STK17B	2	196133583	845
ENSG00000138411	HECW2	2	196194072	846
ENSG00000229056	HECW2-AS1	2	196260024	847
ENSG00000144395	CCDC150	2	196639632	848
ENSG00000119041	GTF3C3	2	196763035	849
ENSG00000197121	PGAP1	2	196833004	850
ENSG00000065413	ANKRD44	2	196962617	851
ENSG00000236977	ANKRD44-IT1	2	197250858	852
ENSG00000115524	SF3B1	2	197391974	853
ENSG00000115520	COQ10B	2	197453423	854
ENSG00000144381	HSPD1	2	197486584	855
ENSG00000115541	HSPE1	2	197500379	856
ENSG00000270757	HSPE1-MOB4	2	197500379	857
ENSG00000115540	MOB4	2	197515554	858
ENSG00000162944	RFTN2	2	197568224	859
ENSG00000247626	MARS2	2	197705369	860
ENSG00000115896	PLCL1	2	197804593	861
ENSG00000119042	SATB2	2	199269500	862
ENSG00000226124	FTCDNL1	2	199663332	863
ENSG00000178074	C2orf69	2	199911293	864
ENSG00000162971	TYW5	2	199928913	865
ENSG00000162972	MAIP1	2	199955317	866
ENSG00000196141	SPATS2L	2	200305879	867
ENSG00000155729	KCTD18	2	200488958	868
ENSG00000163535	SGO2	2	200510198	869
ENSG00000138356	AOX1	2	200585952	870
ENSG00000230408	BZW1-AS1	2	200780495	871
ENSG00000082153	BZW1	2	200811546	872
ENSG00000013441	CLK1	2	200853009	873
ENSG00000240344	PPIL3	2	200870907	874
ENSG00000196290	NIF3L1	2	200889327	875
ENSG00000115942	ORC2	2	200908977	876
ENSG00000155744	HYCC2	2	200973718	877
ENSG00000119013	NDUFB3	2	201071784	878
ENSG00000003402	CFLAR	2	201116104	879
ENSG00000226312	CFLAR-AS1	2	201140289	880
ENSG00000003400	CASP10	2	201182885	881
ENSG00000064012	CASP8	2	201233443	882
ENSG00000155749	FLACC1	2	201288271	883
ENSG00000115993	TRAK2	2	201377207	884
ENSG00000082146	STRADB	2	201451734	885
ENSG00000155754	C2CD6	2	201487421	886
ENSG00000155755	TMEM237	2	201620186	887
ENSG00000082126	MPP4	2	201644874	888
ENSG00000003393	ALS2	2	201700267	889
ENSG00000155760	FZD7	2	202034587	890
ENSG00000182329	KIAA2012	2	202073255	891
ENSG00000116030	SUMO1	2	202206171	892
ENSG00000055044	NOP58	2	202265763	893
ENSG00000204217	BMPR2	2	202376310	894
ENSG00000138439	FAM117B	2	202634969	895
ENSG00000163596	ICA1L	2	202773150	896
ENSG00000138442	WDR12	2	202874261	897
ENSG00000138380	CARF	2	202912218	898
ENSG00000144426	NBEAL1	2	203013784	899
ENSG00000119004	CYP20A1	2	203238982	900
ENSG00000138443	ABI2	2	203325013	901
ENSG00000173166	RAPH1	2	203433682	902
ENSG00000178562	CD28	2	203706475	903
ENSG00000163600	ICOS	2	203936763	904
ENSG00000116117	PARD3B	2	204545475	905
ENSG00000118257	NRP2	2	205682500	906
ENSG00000114933	INO80D	2	205993721	907
ENSG00000023228	NDUFS1	2	206114817	908
ENSG00000114942	EEF1B2	2	206159594	909
ENSG00000204186	ZDBF2	2	206273572	910
ENSG00000114948	ADAM23	2	206443532	911
ENSG00000118246	FASTKD2	2	206765388	912
ENSG00000144410	CPO	2	206792477	913
ENSG00000118263	KLF7	2	207074137	914
ENSG00000118260	CREB1	2	207529943	915
ENSG00000144401	METTL21A	2	207580631	916
ENSG00000163249	CCNYL1	2	207711540	917
ENSG00000163251	FZD5	2	207753889	918
ENSG00000178385	PLEKHM3	2	207821288	919
ENSG00000138413	IDH1	2	208236227	920
ENSG00000115020	PIKFYVE	2	208266178	921
ENSG00000144407	PTH2R	2	208359692	922
ENSG00000078018	MAP2	2	209424047	923
ENSG00000144406	UNC80	2	209771832	924
ENSG00000197713	RPE	2	210002565	925
ENSG00000144445	KANSL1L	2	210021421	926
ENSG00000115361	ACADL	2	210187923	927
ENSG00000115365	LANCL1	2	210431249	928
ENSG00000021826	CPS1	2	210477685	929
ENSG00000280837	CPS1-IT1	2	210617571	930
ENSG00000178568	ERBB4	2	211375717	931
ENSG00000030419	IKZF2	2	212999692	932
ENSG00000144451	SPAG16	2	213284369	933
ENSG00000138376	BARD1	2	214725645	934
ENSG00000138363	ATIC	2	215311974	935
ENSG00000115414	FN1	2	215360440	936
ENSG00000235770	LINC00607	2	215611563	937
ENSG00000230838	LINC01614	2	215718043	938
ENSG00000118242	MREG	2	215939097	939
ENSG00000115425	PECR	2	216031656	940
ENSG00000163449	TMEM169	2	216081866	941
ENSG00000079246	XRCC5	2	216109348	942
ENSG00000260804	LINC01963	2	216216889	943
ENSG00000138375	SMARCAL1	2	216412484	944
ENSG00000197756	RPL37A	2	216498844	945
ENSG00000115457	IGFBP2	2	216632828	946
ENSG00000115461	IGFBP5	2	216672105	947
ENSG00000079308	TNS1	2	217799588	948
ENSG00000275458	MIR6809	2	217900513	949
ENSG00000180871	CXCR2	2	218125294	950
ENSG00000163466	ARPC2	2	218217138	951
ENSG00000127837	AAMP	2	218264127	952
ENSG00000127838	PNKD	2	218270485	953
ENSG00000135926	TMBIM1	2	218274192	954
ENSG00000018280	SLC11A1	2	218381766	955
ENSG00000144579	CTDSP1	2	218398233	956
ENSG00000127831	VIL1	2	218419123	957
ENSG00000135913	USP37	2	218450251	958
ENSG00000144580	CNOT9	2	218568578	959
ENSG00000115556	PLCD4	2	218606871	960
ENSG00000115568	ZNF142	2	218633329	961
ENSG00000074582	BCS1L	2	218659683	962
ENSG00000163481	RNF25	2	218663874	963
ENSG00000163482	STK36	2	218672049	964
ENSG00000135912	TTLL4	2	218710835	965
ENSG00000135929	CYP27A1	2	218781733	966
ENSG00000115592	PRKAG3	2	218819949	967
ENSG00000181378	CFAP65	2	219002846	968
ENSG00000187736	NHEJ1	2	219075324	969
ENSG00000213901	SLC23A3	2	219161465	970
ENSG00000115649	CNPPD1	2	219171897	971
ENSG00000144567	RETREG2	2	219178227	972
ENSG00000158552	ZFAND2B	2	219206782	973
ENSG00000115657	ABCB6	2	219209772	974
ENSG00000198925	ATG9A	2	219219380	975
ENSG00000163516	ANKZF1	2	219229806	976
ENSG00000163521	GLB1L	2	219236598	977
ENSG00000115661	STK16	2	219245469	978
ENSG00000127824	TUBA4A	2	219249710	979
ENSG00000135924	DNAJB2	2	219279366	980
ENSG00000123992	DNPEP	2	219372043	981
ENSG00000072195	SPEG	2	219434215	982
ENSG00000144591	GMPPA	2	219498887	983
ENSG00000123989	CHPF	2	219538947	984
ENSG00000188760	TMEM198	2	219543663	985
ENSG00000124006	OBSL1	2	219549408	986
ENSG00000144589	STK11IP	2	219597857	987
ENSG00000116106	EPHA4	2	221418027	988
ENSG00000163082	SGPP2	2	222423988	989
ENSG00000116120	FARSB	2	222566899	990
ENSG00000124003	MOGAT1	2	222671658	991
ENSG00000123983	ACSL3	2	222861036	992
ENSG00000152049	KCNE4	2	223051930	993
ENSG00000152056	AP1S3	2	223755326	994
ENSG00000085449	WDFY1	2	223875348	995
ENSG00000135900	MRPL44	2	223950846	996
ENSG00000135919	SERPINE2	2	223975045	997
ENSG00000124019	FAM124B	2	224378698	998
ENSG00000036257	CUL3	2	224470150	999
ENSG00000135905	DOCK10	2	224765090	1000
ENSG00000169047	IRS1	2	226731317	1001
ENSG00000144468	RHBDD1	2	226800159	1002
ENSG00000081052	COL4A4	2	226970293	1003
ENSG00000169031	COL4A3	2	227164589	1004
ENSG00000236432	MFF-DT	2	227221052	1005
ENSG00000168958	MFF	2	227325233	1006
ENSG00000168955	TM4SF20	2	227362038	1007
ENSG00000173744	AGFG1	2	227472169	1008
ENSG00000135917	SLC19A3	2	227683763	1009
ENSG00000153823	PID1	2	229023973	1010
ENSG00000153827	TRIP12	2	229763837	1011
ENSG00000153832	FBXO36	2	229922503	1012
ENSG00000163053	SLC16A14	2	230034976	1013
ENSG00000135899	SP110	2	230165473	1014
ENSG00000079263	SP140	2	230202743	1015
ENSG00000185404	SP140L	2	230327152	1016
ENSG00000067066	SP100	2	230416156	1017
ENSG00000135932	CAB39	2	230712842	1018
ENSG00000135916	ITM2C	2	230864185	1019
ENSG00000204128	C2orf72	2	231037523	1020
ENSG00000173692	PSMD1	2	231056864	1021
ENSG00000135914	HTR2B	2	231108230	1022
ENSG00000135931	ARMC9	2	231198628	1023
ENSG00000156966	B3GNT7	2	231395710	1024
ENSG00000115053	NCL	2	231453531	1025
ENSG00000171596	NMUR1	2	231519903	1026
ENSG00000187514	PTMA	2	231708525	1027
ENSG00000284378	MIR1244-1	2	231713314	1028
ENSG00000156973	PDE6D	2	231732425	1029
ENSG00000144524	COPS7B	2	231781671	1030
ENSG00000144535	DIS3L2	2	231961583	1031
ENSG00000196811	CHRNG	2	232539692	1032
ENSG00000221944	TIGD1	2	232547970	1033
ENSG00000135930	EIF4E2	2	232550587	1034
ENSG00000115468	EFHD1	2	232606057	1035
ENSG00000204120	GIGYF2	2	232697331	1036
ENSG00000115474	KCNJ13	2	232765802	1037
ENSG00000182600	SNORC	2	232865678	1038
ENSG00000066248	NGEF	2	232878686	1039
ENSG00000222001	LOC101928881	2	233012614	1040
ENSG00000168918	INPP5D	2	233060342	1041
ENSG00000085978	ATG16L1	2	233251571	1042
ENSG00000252010	SCARNA5	2	233275726	1043
ENSG00000251791	SCARNA6	2	233288676	1044
ENSG00000077044	DGKD	2	233354494	1045
ENSG00000085982	USP40	2	233475091	1046
ENSG00000242366	UGT1A8	2	233617645	1047
ENSG00000242515	UGT1A10	2	233636477	1048
ENSG00000241119	UGT1A9	2	233671898	1049
ENSG00000244122	UGT1A7	2	233681938	1050
ENSG00000167165	UGT1A6	2	233691670	1051
ENSG00000288705	UGT1A5	2	233712992	1052
ENSG00000244474	UGT1A4	2	233718736	1053
ENSG00000288702	UGT1A3	2	233729127	1054
ENSG00000227802	DNAJB3	2	233742750	1055
ENSG00000178836	LOC100286922	2	233754316	1056
ENSG00000241635	UGT1A1	2	233760270	1057
ENSG00000185038	MROH2A	2	233774022	1058
ENSG00000224287	MSL3P1	2	233865437	1059
ENSG00000144481	TRPM8	2	233917342	1060
ENSG00000072080	SPP2	2	234050667	1061
ENSG00000188042	ARL4C	2	234493041	1062
ENSG00000280744	LINC01173	2	234682668	1063
ENSG00000130147	SH3BP4	2	234952017	1064
ENSG00000157985	AGAP1	2	235494043	1065
ENSG00000132321	IQCA1	2	236324147	1066
ENSG00000144476	ACKR3	2	236537131	1067
ENSG00000124835	LOC93463	2	237048599	1068
ENSG00000198612	COPS8	2	237085441	1069
ENSG00000163359	COL6A3	2	237324012	1070
ENSG00000115648	MLPH	2	237486410	1071
ENSG00000124839	RAB17	2	237574322	1072
ENSG00000124831	LRRFIP1	2	237627576	1073
ENSG00000177483	RBM44	2	237798048	1074
ENSG00000132329	RAMP1	2	237858555	1075
ENSG00000184182	UBE2F	2	237966945	1076
ENSG00000258984	UBE2F-SCLY	2	237966945	1077
ENSG00000132330	SCLY	2	238061001	1078
ENSG00000144488	ESPNL	2	238100340	1079
ENSG00000132323	ILKAP	2	238170401	1080
ENSG00000132326	PER2	2	238244038	1081
ENSG00000204104	TRAF3IP1	2	238320489	1082
ENSG00000065802	ASB1	2	238426927	1083
ENSG00000068024	HDAC4	2	239048168	1084
ENSG00000130414	NDUFA10	2	239892442	1085
ENSG00000172428	COPS9	2	240126548	1086
ENSG00000063660	GPC1	2	240435663	1087
ENSG00000144504	ANKMY1	2	240468632	1088
ENSG00000188542	DUSP28	2	240559239	1089
ENSG00000142327	RNPEPL1	2	240568484	1090
ENSG00000260942	CAPN10-DT	2	240582750	1091
ENSG00000142330	CAPN10	2	240586734	1092
ENSG00000130294	KIF1A	2	240713764	1093
ENSG00000172482	AGXT	2	240868824	1094
ENSG00000172478	MAB21L4	2	240886048	1095
ENSG00000226321	CROCC2	2	240906160	1096
ENSG00000233392	UICLM	2	240954617	1097
ENSG00000162804	SNED1	2	240997410	1098
ENSG00000122085	MTERF4	2	241072168	1099
ENSG00000115687	PASK	2	241106099	1100
ENSG00000115685	PPP1R7	2	241149573	1101
ENSG00000146205	ANO7	2	241188514	1102
ENSG00000115677	HDLBP	2	241227264	1103
ENSG00000168385	SEPTIN2	2	241315187	1104
ENSG00000006607	FARP2	2	241356285	1105
ENSG00000288080	LOC105373973	2	241360878	1106
ENSG00000115694	STK25	2	241492670	1107
ENSG00000176720	BOK	2	241558745	1108
ENSG00000176946	THAP4	2	241584405	1109
ENSG00000168397	ATG4B	2	241637659	1110
ENSG00000168393	DTYMK	2	241675747	1111
ENSG00000168395	ING5	2	241687017	1112
ENSG00000180902	D2HGDH	2	241734629	1113
ENSG00000204099	NEU4	2	241809193	1114
ENSG00000237940	LINC01238	2	241970683	1115
ENSG00000280119	LOC285097	2	242001209	1116
ENSG00000134121	CHL1	3	196588	1
ENSG00000224957	LINC01266	3	592105	2
ENSG00000144619	CNTN4	3	2098803	3
ENSG00000072756	TRNT1	3	3126937	4
ENSG00000113851	CRBN	3	3148490	5
ENSG00000144455	LOC100130207	3	3700814	6
ENSG00000175928	LRRN1	3	3799431	7
ENSG00000170364	SETMAR	3	4303304	8
ENSG00000150995	ITPR1	3	4493348	9
ENSG00000235947	EGOT	3	4749192	10
ENSG00000235831	BHLHE40-AS1	3	4896809	11
ENSG00000134107	BHLHE40	3	4979420	12
ENSG00000134108	ARL8B	3	5122292	13
ENSG00000134109	EDEM1	3	5187707	14
ENSG00000196277	GRM7	3	6861115	15
ENSG00000071282	LMCD1	3	8501807	16
ENSG00000125046	SSUH2	3	8619400	17
ENSG00000070950	RAD18	3	8877075	18
ENSG00000196220	SRGAP3	3	8980591	19
ENSG00000134077	THUMPD3	3	9362862	20
ENSG00000206573	THUMPD3-AS1	3	9385264	21
ENSG00000168137	SETD5	3	9397615	22
ENSG00000163719	MTMR14	3	9649465	23
ENSG00000156983	BRPF1	3	9731729	24
ENSG00000114026	OGG1	3	9749944	25
ENSG00000134072	CAMK1	3	9757345	26
ENSG00000171148	TADA3	3	9779964	27
ENSG00000241553	ARPC4	3	9792495	28
ENSG00000250151	ARPC4-TTLL3	3	9792548	29
ENSG00000214021	TTLL3	3	9809915	30
ENSG00000156990	RPUSD3	3	9836253	31
ENSG00000171135	JAGN1	3	9890610	32
ENSG00000163701	IL17RE	3	9902087	33
ENSG00000163702	IL17RC	3	9917074	34
ENSG00000163703	CRELD1	3	9933788	35
ENSG00000163704	PRRT3	3	9945542	36
ENSG00000125037	EMC3	3	9962680	37
ENSG00000186162	CIDECP1	3	10017553	38
ENSG00000144554	FANCD2	3	10026387	39
ENSG00000254999	BRK1	3	10115675	40
ENSG00000134086	VHL	3	10141635	41
ENSG00000134070	IRAK2	3	10164919	42
ENSG00000157014	TATDN2	3	10248459	43
ENSG00000240288	GHRLOS	3	10280952	44
ENSG00000231177	LINC00852	3	10284419	45
ENSG00000157017	GHRL	3	10285666	46
ENSG00000157020	SEC13	3	10300929	47
ENSG00000157087	ATP2B2	3	10324023	48
ENSG00000132164	SLC6A11	3	10816200	49
ENSG00000157103	SLC6A1	3	10992734	50
ENSG00000232287	SLC6A1-AS1	3	11006098	51
ENSG00000196639	HRH1	3	11137238	52
ENSG00000197548	ATG7	3	11272348	53
ENSG00000144560	VGLL4	3	11556067	54
ENSG00000144559	TAMM41	3	11721896	55
ENSG00000132170	PPARG	3	12287485	56
ENSG00000154743	TSEN2	3	12484432	57
ENSG00000225526	MKRN2OS	3	12539131	58
ENSG00000075975	MKRN2	3	12557014	59
ENSG00000132155	RAF1	3	12583601	60
ENSG00000144712	CAND2	3	12796654	61
ENSG00000144713	RPL32	3	12834485	62
ENSG00000207496	SNORA7A	3	12840312	63
ENSG00000144711	IQSEC1	3	12897043	64
ENSG00000132182	NUP210	3	13316235	65
ENSG00000163517	HDAC11	3	13478903	66
ENSG00000163520	FBLN2	3	13549125	67
ENSG00000163528	CHCHD4	3	14112077	68
ENSG00000170876	TMEM43	3	14124940	69
ENSG00000154767	XPC	3	14145145	70
ENSG00000170860	LSM3	3	14178817	71
ENSG00000131389	SLC6A6	3	14402576	72
ENSG00000144596	GRIP2	3	14485105	73
ENSG00000154781	CCDC174	3	14651746	74
ENSG00000131379	C3orf20	3	14673470	75
ENSG00000154783	FGD5	3	14818962	76
ENSG00000225733	FGD5-AS1	3	14942779	77
ENSG00000177463	NR2C2	3	14947583	78
ENSG00000131368	MRPS25	3	15042251	79
ENSG00000131381	RBSN	3	15070069	80
ENSG00000131375	CAPN7	3	15206246	81
ENSG00000224660	SH3BP5-AS1	3	15254184	82
ENSG00000131370	SH3BP5	3	15254353	83
ENSG00000206562	METTL6	3	15381275	84
ENSG00000144597	EAF1	3	15427598	85
ENSG00000206561	COLQ	3	15450133	86
ENSG00000131373	HACL1	3	15560699	87
ENSG00000169814	BTD	3	15601352	88
ENSG00000206560	ANKRD28	3	15667236	89
ENSG00000131386	GALNT15	3	16174579	90
ENSG00000154813	DPH3	3	16257061	91
ENSG00000154814	OXNAD1	3	16265078	92
ENSG00000131378	RFTN1	3	16315845	93
ENSG00000154822	PLCL2	3	16802691	94
ENSG00000131374	TBC1D5	3	17157162	95
ENSG00000182568	SATB1	3	18345377	96
ENSG00000183960	KCNH8	3	19148510	97
ENSG00000163576	EFHB	3	19879472	98
ENSG00000144566	RAB5A	3	19947080	99
ENSG00000183977	PP2D1	3	19979961	100
ENSG00000114166	KAT2B	3	20040407	101
ENSG00000129810	SGO1	3	20160593	102
ENSG00000151789	ZNF385D	3	21412218	103
ENSG00000223351	ZNF385D-AS2	3	21957139	104
ENSG00000182247	UBE2E2	3	23203007	105
ENSG00000170142	UBE2E1	3	23805955	106
ENSG00000197885	NKIRAS1	3	23889949	107
ENSG00000174748	RPL15	3	23916545	108
ENSG00000174738	NR1D2	3	23945286	109
ENSG00000151090	THRB	3	24117153	110
ENSG00000077092	RARB	3	24829323	111
ENSG00000077097	TOP2B	3	25597905	112
ENSG00000151092	NGLY1	3	25718944	113
ENSG00000151093	OXSM	3	25788283	114
ENSG00000163491	NEK10	3	27107336	115
ENSG00000033867	SLC4A7	3	27372721	116
ENSG00000163508	EOMES	3	27715949	117
ENSG00000187118	CMC1	3	28241593	118
ENSG00000163512	AZI2	3	28321047	119
ENSG00000206559	ZCWPW2	3	28348721	120
ENSG00000144642	RBMS3	3	29280860	121
ENSG00000289450	LOC101927995	3	30349332	122
ENSG00000163513	TGFBR2	3	30606472	123
ENSG00000163527	STT3B	3	31532638	124
ENSG00000144645	OSBPL10	3	31660825	125
ENSG00000197385	ZNF860	3	31981750	126
ENSG00000152642	GPD1L	3	32106511	127
ENSG00000170293	CMTM8	3	32238679	128
ENSG00000153551	CMTM7	3	32391825	129
ENSG00000091317	CMTM6	3	32481312	130
ENSG00000144635	DYNC1LI1	3	32525971	131
ENSG00000182973	CNOT10	3	32685188	132
ENSG00000183813	CCR4	3	32951555	133
ENSG00000170266	GLB1	3	32996608	134
ENSG00000188167	TMPPE	3	33090422	135
ENSG00000170275	CRTAP	3	33114014	136
ENSG00000173705	SUSD5	3	33150041	137
ENSG00000153558	FBXL2	3	33277025	138
ENSG00000153560	UBP1	3	33388336	139
ENSG00000163539	CLASP2	3	33496245	140
ENSG00000271643	PDCD6IP-DT	3	33783819	141
ENSG00000170248	PDCD6IP	3	33798571	142
ENSG00000172995	ARPP21	3	35639525	143
ENSG00000144681	STAC	3	36380343	144
ENSG00000168016	TRANK1	3	36826817	145
ENSG00000178567	EPM2AIP1	3	36985043	146
ENSG00000076242	MLH1	3	36993350	147
ENSG00000093167	LRRFIP2	3	37052626	148
ENSG00000270194	GOLGA4-AS1	3	37241791	149
ENSG00000144674	GOLGA4	3	37243269	150
ENSG00000198590	APRG1	3	37379111	151
ENSG00000144668	ITGA9	3	37452141	152
ENSG00000235257	ITGA9-AS1	3	37753689	153
ENSG00000144677	CTDSPL	3	37861880	154
ENSG00000136059	VILL	3	37993587	155
ENSG00000187091	PLCD1	3	38007496	156
ENSG00000008226	DLEC1	3	38038595	157
ENSG00000060971	ACAA1	3	38122710	158
ENSG00000172936	MYD88	3	38138661	159
ENSG00000172939	OXSR1	3	38165051	160
ENSG00000093217	XYLB	3	38346760	161
ENSG00000229589	ACVR2B-AS1	3	38451027	162
ENSG00000114739	ACVR2B	3	38453890	163
ENSG00000157036	EXOG	3	38496127	164
ENSG00000168356	SCN11A	3	38845764	165
ENSG00000114742	WDR48	3	39052002	166
ENSG00000114745	GORASP1	3	39096599	167
ENSG00000168026	TTC21A	3	39107661	168
ENSG00000144655	CSRNP1	3	39141851	169
ENSG00000168329	CX3CR1	3	39263494	170
ENSG00000144659	SLC25A38	3	39383353	171
ENSG00000168028	RPSA	3	39406720	172
ENSG00000206760	SNORA6	3	39408391	173
ENSG00000202363	SNORA62	3	39411054	174
ENSG00000170011	MYRIP	3	39808914	175
ENSG00000280739	EIF1B-AS1	3	40173145	176
ENSG00000114784	EIF1B	3	40309707	177
ENSG00000168032	ENTPD3	3	40387182	178
ENSG00000223797	ENTPD3-AS1	3	40390951	179
ENSG00000188846	RPL14	3	40457339	180
ENSG00000177873	ZNF619	3	40477113	181
ENSG00000177842	ZNF620	3	40502604	182
ENSG00000172888	ZNF621	3	40523854	183
ENSG00000168036	CTNNB1	3	41199422	184
ENSG00000168038	ULK4	3	41246599	185
ENSG00000182606	TRAK1	3	42013802	186
ENSG00000114812	VIPR1	3	42489299	187
ENSG00000093183	SEC22C	3	42547969	188
ENSG00000008324	SS18L2	3	42581840	189
ENSG00000114857	NKTR	3	42600007	190
ENSG00000114853	ZBTB47	3	42653697	191
ENSG00000244607	CCDC13	3	42704118	192
ENSG00000181061	HIGD1A	3	42782908	193
ENSG00000144648	ACKR2	3	42809445	194
ENSG00000180432	CYP8B1	3	42872192	195
ENSG00000182983	ZNF662	3	42906142	196
ENSG00000144649	GASK1A	3	42979311	197
ENSG00000144647	POMGNT2	3	43079229	198
ENSG00000163788	SNRK	3	43286512	199
ENSG00000160746	ANO10	3	43365848	200
ENSG00000011198	ABHD5	3	43690870	201
ENSG00000179152	TCAIM	3	44337465	202
ENSG00000185219	ZNF445	3	44431705	203
ENSG00000178917	ZNF852	3	44498737	204
ENSG00000196345	ZKSCAN7	3	44555193	205
ENSG00000144792	ZNF660	3	44584964	206
ENSG00000186448	ZNF197	3	44625036	207
ENSG00000169981	ZNF35	3	44648732	208
ENSG00000196653	ZNF502	3	44712643	209
ENSG00000186446	ZNF501	3	44729606	210
ENSG00000163807	KIAA1143	3	44748744	211
ENSG00000163808	KIF15	3	44761740	212
ENSG00000169964	TMEM42	3	44861912	213
ENSG00000163812	ZDHHC3	3	44915261	214
ENSG00000075914	EXOSC7	3	44975291	215
ENSG00000163815	CLEC3B	3	45026207	216
ENSG00000163814	CDCP1	3	45082277	217
ENSG00000011376	LARS2	3	45388564	218
ENSG00000144791	LIMD1	3	45594105	219
ENSG00000211456	SACM1L	3	45689362	220
ENSG00000163818	LZTFL1	3	45823316	221
ENSG00000173585	CCR9	3	45886504	222
ENSG00000163820	FYCO1	3	45917903	223
ENSG00000172215	CXCR6	3	45940688	224
ENSG00000173578	XCR1	3	46016990	225
ENSG00000163823	CCR1	3	46201711	226
ENSG00000121807	CCR2	3	46353744	227
ENSG00000160791	CCR5	3	46370142	228
ENSG00000121797	CCRL2	3	46407166	229
ENSG00000012223	LTF	3	46435645	230
ENSG00000163825	RTP3	3	46497976	231
ENSG00000163827	LRRC2	3	46515385	232
ENSG00000241186	TDGF1	3	46574535	233
ENSG00000178038	ALS2CL	3	46668995	234
ENSG00000286651	PRSS43P	3	46753043	235
ENSG00000178055	PRSS42P	3	46829542	236
ENSG00000160801	PTH1R	3	46877689	237
ENSG00000160799	CCDC12	3	46916310	238
ENSG00000160796	NBEAL2	3	46979666	239
ENSG00000181555	SETD2	3	47016408	240
ENSG00000088727	KIF9	3	47228026	241
ENSG00000114648	KLHL18	3	47282940	242
ENSG00000076201	PTPN23	3	47381001	243
ENSG00000114650	SCAP	3	47413681	244
ENSG00000163832	ELP6	3	47495640	245
ENSG00000173473	SMARCC1	3	47585269	246
ENSG00000132153	DHX30	3	47802909	247
ENSG00000047849	MAP4	3	47850695	248
ENSG00000164045	CDC25A	3	48157146	249
ENSG00000164048	ZNF589	3	48241104	250
ENSG00000172113	NME6	3	48288402	251
ENSG00000164050	PLXNB1	3	48403854	252
ENSG00000164051	CCDC51	3	48432170	253
ENSG00000232112	TMA7	3	48440257	254
ENSG00000164053	ATRIP	3	48446710	255
ENSG00000164054	SHISA5	3	48467798	256
ENSG00000114268	PFKFB4	3	48517684	257
ENSG00000114270	COL7A1	3	48564073	258
ENSG00000010256	UQCRC1	3	48599002	259
ENSG00000225697	SLC26A6	3	48625723	260
ENSG00000008300	CELSR3	3	48636463	261
ENSG00000213672	NCKIPSD	3	48663814	262
ENSG00000068745	IP6K2	3	48688003	263
ENSG00000114302	PRKAR2A	3	48744601	264
ENSG00000224424	PRKAR2A-AS1	3	48847937	265
ENSG00000178537	SLC25A20	3	48856926	266
ENSG00000177479	ARIH2	3	48918821	267
ENSG00000178467	P4HTM	3	48989908	268
ENSG00000178252	WDR6	3	49007391	269
ENSG00000178149	DALRD3	3	49015399	270
ENSG00000178057	NDUFAF3	3	49020475	271
ENSG00000178035	IMPDH2	3	49024325	272
ENSG00000198218	QRICH1	3	49029707	273
ENSG00000172053	QARS1	3	49095932	274
ENSG00000172046	USP19	3	49108046	275
ENSG00000172037	LAMB2	3	49121114	276
ENSG00000177352	CCDC71	3	49162535	277
ENSG00000185909	KLHDC8B	3	49171120	278
ENSG00000173421	IHO1	3	49198428	279
ENSG00000188315	C3orf62	3	49268596	280
ENSG00000114316	USP4	3	49277144	281
ENSG00000233276	GPX1	3	49357171	282
ENSG00000067560	RHOA	3	49359145	283
ENSG00000145022	TCTA	3	49412206	284
ENSG00000145020	AMT	3	49416778	285
ENSG00000145029	NICN1	3	49422333	286
ENSG00000173402	DAG1	3	49468703	287
ENSG00000164061	BSN	3	49554477	288
ENSG00000164062	APEH	3	49673102	289
ENSG00000173531	MST1	3	49683947	290
ENSG00000164068	RNF123	3	49688753	291
ENSG00000176020	AMIGO3	3	49716829	292
ENSG00000173540	GMPPB	3	49719916	293
ENSG00000176095	IP6K1	3	49724294	294
ENSG00000182179	UBA7	3	49805205	295
ENSG00000183763	TRAIP	3	49828595	296
ENSG00000164078	MST1R	3	49886471	297
ENSG00000164077	MON1A	3	49908869	298
ENSG00000004534	RBM6	3	49940041	299
ENSG00000003756	RBM5	3	50088919	300
ENSG00000281691	RBM5-AS1	3	50099603	301
ENSG00000235016	SEMA3F-AS1	3	50116022	302
ENSG00000001617	SEMA3F	3	50155058	303
ENSG00000114349	GNAT1	3	50191610	304
ENSG00000188338	SLC38A3	3	50205268	305
ENSG00000114353	GNAI2	3	50227068	306
ENSG00000012171	SEMA3B	3	50267558	307
ENSG00000179564	LSMEM2	3	50277907	308
ENSG00000214706	IFRD2	3	50287732	309
ENSG00000186792	HYAL3	3	50292832	310
ENSG00000243477	NAA80	3	50296402	311
ENSG00000114378	HYAL1	3	50299889	312
ENSG00000068001	HYAL2	3	50317790	313
ENSG00000114383	TUSC2	3	50324909	314
ENSG00000068028	RASSF1	3	50329786	315
ENSG00000114388	NPRL2	3	50347330	316
ENSG00000114395	CYB561D2	3	50350862	317
ENSG00000126062	TMEM115	3	50354750	318
ENSG00000007402	CACNA2D2	3	50362613	319
ENSG00000088543	C3orf18	3	50558025	320
ENSG00000114735	HEMK1	3	50569152	321
ENSG00000114737	CISH	3	50606454	322
ENSG00000114738	MAPKAPK3	3	50611862	323
ENSG00000088538	DOCK3	3	50674927	324
ENSG00000145050	MANF	3	51385291	325
ENSG00000259956	RBM15B	3	51391285	326
ENSG00000145041	DCAF1	3	51394261	327
ENSG00000164080	RAD54L2	3	51538719	328
ENSG00000164081	TEX264	3	51671175	329
ENSG00000114767	RRP9	3	51933429	330
ENSG00000041880	PARP3	3	51942290	331
ENSG00000090097	PCBP4	3	51957454	332
ENSG00000114779	ABHD14B	3	51968510	333
ENSG00000114786	ABHD14A-ACY1	3	51975064	334
ENSG00000248487	ABHD14A	3	51975064	335
ENSG00000243989	ACY1	3	51983535	336
ENSG00000162244	RPL29	3	51993522	337
ENSG00000164086	DUSP7	3	52048919	338
ENSG00000164087	POC1A	3	52075226	339
ENSG00000023330	ALAS1	3	52198083	340
ENSG00000247596	TWF2	3	52228612	341
ENSG00000164088	PPM1M	3	52245725	342
ENSG00000164091	WDR82	3	52254424	343
ENSG00000168237	GLYCTK	3	52287558	344
ENSG00000114841	DNAH1	3	52313010	345
ENSG00000163930	BAP1	3	52401004	346
ENSG00000010318	PHF7	3	52410624	347
ENSG00000010319	SEMA3G	3	52433035	348
ENSG00000010322	NISCH	3	52455603	349
ENSG00000010327	STAB1	3	52495338	350
ENSG00000168268	NT5DC2	3	52524381	351
ENSG00000168273	UQCC5	3	52535986	352
ENSG00000163939	PBRM1	3	52545367	353
ENSG00000163938	GNL3	3	52685920	354
ENSG00000016864	GLT8D1	3	52694484	355
ENSG00000114902	SPCS1	3	52706106	356
ENSG00000114904	NEK4	3	52708444	357
ENSG00000055957	ITIH1	3	52777599	358
ENSG00000162267	ITIH3	3	52794768	359
ENSG00000055955	ITIH4	3	52812962	360
ENSG00000239799	ITIH4-AS1	3	52823935	361
ENSG00000248592	STIMATE-MUSTN1	3	52833121	362
ENSG00000272573	MUSTN1	3	52833121	363
ENSG00000213533	STIMATE	3	52836756	364
ENSG00000163935	SFMBT1	3	52899209	365
ENSG00000163933	RFT1	3	53071151	366
ENSG00000163932	PRKCD	3	53161209	367
ENSG00000163931	TKT	3	53224707	368
ENSG00000272886	DCP1A	3	53283429	369
ENSG00000157388	CACNA1D	3	53494611	370
ENSG00000016391	CHDH	3	53812335	371
ENSG00000056736	IL17RB	3	53846550	372
ENSG00000113812	ACTR8	3	53858992	373
ENSG00000113811	SELENOK	3	53884417	374
ENSG00000157445	CACNA2D3	3	54122552	375
ENSG00000114251	WNT5A	3	55465715	376
ENSG00000180376	CCDC66	3	56557125	377
ENSG00000163946	TASOR	3	56620132	378
ENSG00000163947	ARHGEF3	3	56727419	379
ENSG00000144730	IL17RD	3	57089982	380
ENSG00000163666	HESX1	3	57197838	381
ENSG00000157500	APPL1	3	57227729	382
ENSG00000239388	ASB14	3	57268342	383
ENSG00000174844	DNAH12	3	57293699	384
ENSG00000174840	PDE12	3	57556274	385
ENSG00000168374	ARF4	3	57571363	386
ENSG00000272146	ARF4-AS1	3	57597789	387
ENSG00000174839	DENND6A	3	57625454	388
ENSG00000163681	SLMAP	3	57756229	389
ENSG00000136068	FLNB	3	58008422	390
ENSG00000244161	FLNB-AS1	3	58162547	391
ENSG00000163687	DNASE1L3	3	58192257	392
ENSG00000163686	ABHD6	3	58237502	393
ENSG00000163684	RPP14	3	58306245	394
ENSG00000255154	HTD2	3	58306245	395
ENSG00000168297	PXK	3	58332890	396
ENSG00000168291	PDHB	3	58427630	397
ENSG00000168301	KCTD6	3	58492096	398
ENSG00000168306	ACOX2	3	58505136	399
ENSG00000168309	FAM107A	3	58564117	400
ENSG00000163689	CFAP20DC	3	58716417	401
ENSG00000189283	FHIT	3	59747277	402
ENSG00000144724	PTPRG	3	61561571	403
ENSG00000241472	PTPRG-AS1	3	62261819	404
ENSG00000114405	C3orf14	3	62318973	405
ENSG00000163618	CADPS	3	62398348	406
ENSG00000163632	C3orf49	3	63816946	407
ENSG00000163634	THOC7	3	63833870	408
ENSG00000240549	THOC7-AS1	3	63860645	409
ENSG00000163635	ATXN7	3	63864557	410
ENSG00000239653	PSMD6-AS2	3	64004022	411
ENSG00000163636	PSMD6	3	64010549	412
ENSG00000241111	PRICKLE2-AS1	3	64067964	413
ENSG00000163637	PRICKLE2	3	64092236	414
ENSG00000226017	PRICKLE2-AS3	3	64187544	415
ENSG00000163638	ADAMTS9	3	64515654	416
ENSG00000241158	ADAMTS9-AS1	3	64561346	417
ENSG00000241684	ADAMTS9-AS2	3	64684870	418
ENSG00000151276	MAGI1	3	65353526	419
ENSG00000272610	MAGI1-IT1	3	65872814	420
ENSG00000240175	MAGI1-AS1	3	65893816	421
ENSG00000144741	SLC25A26	3	66133610	422
ENSG00000144749	LRIG1	3	66378797	423
ENSG00000163376	KBTBD8	3	66998307	424
ENSG00000172340	SUCLG2	3	67360460	425
ENSG00000241316	SUCLG2-DT	3	67654697	426
ENSG00000163378	EOGT	3	68975220	427
ENSG00000144747	TMF1	3	69019827	428
ENSG00000144744	UBA3	3	69054730	429
ENSG00000144746	ARL6IP5	3	69084937	430
ENSG00000114541	FRMD4B	3	69168782	431
ENSG00000187098	MITF	3	69739464	432
ENSG00000114861	FOXP1	3	70952817	433
ENSG00000244203	FOXP1-AS1	3	71289758	434
ENSG00000163412	EIF4E3	3	71675414	435
ENSG00000243083	LINC00870	3	72151257	436
ENSG00000163602	RYBP	3	72374593	437
ENSG00000144736	SHQ1	3	72725702	438
ENSG00000172986	GXYLT2	3	72848522	439
ENSG00000163605	PPP4R2	3	72996743	440
ENSG00000255423	EBLN2	3	73061659	441
ENSG00000121440	PDZRN3	3	73382430	442
ENSG00000113805	CNTN3	3	74262568	443
ENSG00000291223	FAM86DP	3	75421552	444
ENSG00000272690	LINC02018	3	75435308	445
ENSG00000242516	LINC00960	3	75672281	446
ENSG00000227124	ZNF717	3	75729961	447
ENSG00000266396	MIR4273	3	75738280	448
ENSG00000185008	ROBO2	3	75906675	449
ENSG00000169855	ROBO1	3	78597238	450
ENSG00000114480	GBE1	3	81489703	451
ENSG00000175161	CADM2	3	84958989	452
ENSG00000206538	VGLL3	3	86937973	453
ENSG00000281392	LINC00506	3	87089280	454
ENSG00000083937	CHMP2B	3	87227309	455
ENSG00000163320	CGGBP1	3	88051950	456
ENSG00000175105	ZNF654	3	88059197	457
ENSG00000179021	C3orf38	3	88149959	458
ENSG00000044524	EPHA3	3	89107621	459
ENSG00000184500	PROS1	3	93873037	460
ENSG00000169379	ARL13B	3	93980139	461
ENSG00000178750	STX19	3	94014365	462
ENSG00000178700	DHFR2	3	94057922	463
ENSG00000178694	NSUN3	3	94063061	464
ENSG00000080224	EPHA6	3	96814581	465
ENSG00000113966	ARL6	3	97762581	466
ENSG00000080200	CRYBG3	3	97821693	467
ENSG00000170854	RIOX2	3	97941817	468
ENSG00000080822	CLDND1	3	98515473	469
ENSG00000080819	CPOX	3	98569837	470
ENSG00000064225	ST3GAL6	3	98732236	471
ENSG00000057019	DCBLD2	3	98795941	472
ENSG00000144810	COL8A1	3	99638594	473
ENSG00000184220	CMSS1	3	99817862	474
ENSG00000168386	FILIP1L	3	99833144	475
ENSG00000036054	TBC1D23	3	100260992	476
ENSG00000114021	NIT2	3	100334757	477
ENSG00000154174	TOMM70	3	100363431	478
ENSG00000206535	LNP1	3	100401539	479
ENSG00000181458	TMEM45A	3	100492619	480
ENSG00000144820	ADGRG7	3	100609601	481
ENSG00000114354	TFG	3	100709290	482
ENSG00000154175	ABI3BP	3	100749329	483
ENSG00000081148	IMPG2	3	101222546	484
ENSG00000138468	SENP7	3	101324205	485
ENSG00000174173	TRMT10C	3	101561868	486
ENSG00000081154	PCNP	3	101574094	487
ENSG00000066422	ZBTB11	3	101648889	488
ENSG00000256628	ZBTB11-AS1	3	101676430	489
ENSG00000114391	RPL24	3	101681091	490
ENSG00000182504	CEP97	3	101723931	491
ENSG00000144815	NXPE3	3	101779211	492
ENSG00000144802	NFKBIZ	3	101827990	493
ENSG00000214407	RDUR	3	101940859	494
ENSG00000170017	ALCAM	3	105366713	495
ENSG00000114423	CBLB	3	105655461	496
ENSG00000243701	DUBR	3	107240692	497
ENSG00000114439	BBX	3	107522962	498
ENSG00000196776	CD47	3	108043094	499
ENSG00000114446	IFT57	3	108160812	500
ENSG00000163507	CIP2A	3	108545752	501
ENSG00000198919	DZIP3	3	108589490	502
ENSG00000163519	TRAT1	3	108822786	503
ENSG00000241224	C3orf85	3	109136719	504
ENSG00000121570	DPPA4	3	109326141	505
ENSG00000228980	LINC01205	3	109409990	506
ENSG00000177707	NECTIN3	3	111071764	507
ENSG00000153283	CD96	3	111542118	508
ENSG00000240891	PLCXD2	3	111674676	509
ENSG00000144824	PHLDB2	3	111732496	510
ENSG00000144827	ABHD10	3	111979026	511
ENSG00000114529	C3orf52	3	112086335	512
ENSG00000174500	GCSAM	3	112120839	513
ENSG00000091972	CD200	3	112332573	514
ENSG00000186265	BTLA	3	112463030	515
ENSG00000144848	ATG3	3	112532510	516
ENSG00000138459	SLC35A5	3	112561320	517
ENSG00000091986	CCDC80	3	112604386	518
ENSG00000163606	CD200R1	3	112921205	519
ENSG00000163607	GTPBP8	3	112990953	520
ENSG00000163608	NEPRO	3	113002444	521
ENSG00000144857	BOC	3	113211003	522
ENSG00000206530	CFAP44	3	113286930	523
ENSG00000243849	CFAP44-AS1	3	113403998	524
ENSG00000163611	SPICE1	3	113442718	525
ENSG00000072858	SIDT1	3	113532296	526
ENSG00000176542	USF3	3	113648385	527
ENSG00000121579	NAA50	3	113716458	528
ENSG00000114573	ATP6V1A	3	113747035	529
ENSG00000178075	GRAMD1C	3	113828182	530
ENSG00000184307	ZDHHC23	3	113947901	531
ENSG00000163617	CCDC191	3	113964137	532
ENSG00000151576	QTRT2	3	114056737	533
ENSG00000181847	TIGIT	3	114291102	534
ENSG00000181722	ZBTB20	3	114314500	535
ENSG00000241560	ZBTB20-AS1	3	114351811	536
ENSG00000242290	ZBTB20-AS5	3	114453593	537
ENSG00000239946	ZBTB20-AS3	3	114873033	538
ENSG00000242767	ZBTB20-AS4	3	115100423	539
ENSG00000185565	LSAMP	3	115802374	540
ENSG00000114638	UPK1B	3	119173598	541
ENSG00000121578	B4GALT4	3	119211742	542
ENSG00000240254	B4GALT4-AS1	3	119226486	543
ENSG00000031081	ARHGAP31	3	119294289	544
ENSG00000176142	TMEM39A	3	119428949	545
ENSG00000163389	POGLUT1	3	119468955	546
ENSG00000113845	TIMMDC1	3	119498525	547
ENSG00000121594	CD80	3	119524293	548
ENSG00000144843	ADPRH	3	119579492	549
ENSG00000144837	PLA1A	3	119597848	550
ENSG00000121577	POPDC2	3	119642052	551
ENSG00000138495	COX17	3	119669525	552
ENSG00000183833	CFAP91	3	119703022	553
ENSG00000144852	NR1I2	3	119780484	554
ENSG00000082701	GSK3B	3	119821321	555
ENSG00000163428	LRRC58	3	120324509	556
ENSG00000163430	FSTL1	3	120392293	557
ENSG00000284121	MIR198	3	120395668	558
ENSG00000065518	NDUFB4	3	120596336	559
ENSG00000113924	HGD	3	120628168	560
ENSG00000144840	RABL3	3	120684938	561
ENSG00000153767	GTF2E1	3	120742744	562
ENSG00000051341	POLQ	3	121431431	563
ENSG00000163833	FBXO40	3	121593379	564
ENSG00000180353	HCLS1	3	121631399	565
ENSG00000173230	GOLGB1	3	121663199	566
ENSG00000173226	IQCB1	3	121769761	567
ENSG00000145088	EAF2	3	121835180	568
ENSG00000163406	SLC15A2	3	121894401	569
ENSG00000114013	CD86	3	122055362	570
ENSG00000036828	CASR	3	122183668	571
ENSG00000121552	CSTA	3	122325248	572
ENSG00000160124	MIX23	3	122359587	573
ENSG00000114023	FAM162A	3	122384182	574
ENSG00000196981	WDR5B	3	122411846	575
ENSG00000272758	WDR5B-DT	3	122416206	576
ENSG00000114030	KPNA1	3	122421902	577
ENSG00000138496	PARP9	3	122527924	578
ENSG00000163840	DTX3L	3	122564338	579
ENSG00000173200	PARP15	3	122575926	580
ENSG00000173193	PARP14	3	122680726	581
ENSG00000169087	HSPBAP1	3	122739997	582
ENSG00000138463	SLC49A4	3	122795058	583
ENSG00000273033	LINC02035	3	122886513	584
ENSG00000082684	SEMA5B	3	122909082	585
ENSG00000065485	PDIA5	3	123067025	586
ENSG00000121542	SEC22A	3	123201943	587
ENSG00000173175	ADCY5	3	123282296	588
ENSG00000206527	HACD2	3	123491548	589
ENSG00000239523	MYLK-AS1	3	123585513	590
ENSG00000065534	MYLK	3	123610049	591
ENSG00000250174	MYLK-AS2	3	123689644	592
ENSG00000175455	CCDC14	3	123887383	593
ENSG00000160145	KALRN	3	124033341	594
ENSG00000114491	UMPS	3	124730366	595
ENSG00000082781	ITGB5	3	124761948	596
ENSG00000173706	HEG1	3	124965710	597
ENSG00000221955	SLC12A8	3	125082636	598
ENSG00000163848	ZNF148	3	125225669	599
ENSG00000114520	SNX4	3	125446644	600
ENSG00000144909	OSBPL11	3	125528858	601
ENSG00000241288	LINC02614	3	125827237	602
ENSG00000291096	ALG1L1P	3	125929272	603
ENSG00000114544	SLC41A3	3	126006357	604
ENSG00000250012	LOC105374085	3	126084116	605
ENSG00000144908	ALDH1L1	3	126103561	606
ENSG00000250218	ALDH1L1-AS1	3	126103640	607
ENSG00000246022	ALDH1L1-AS2	3	126180065	608
ENSG00000163884	KLF15	3	126288121	609
ENSG00000287440	LOC105374088	3	126312360	610
ENSG00000163885	CFAP100	3	126394893	611
ENSG00000070476	ZXDC	3	126437348	612
ENSG00000159650	UROC1	3	126481166	613
ENSG00000180767	CHST13	3	126524155	614
ENSG00000180697	C3orf22	3	126524439	615
ENSG00000197763	TXNRD3	3	126607059	616
ENSG00000159685	CHCHD6	3	126704240	617
ENSG00000114554	PLXNA1	3	126983259	618
ENSG00000163870	TPRA1	3	127571232	619
ENSG00000073111	MCM2	3	127598411	620
ENSG00000114631	PODXL2	3	127629185	621
ENSG00000114626	ABTB1	3	127672928	622
ENSG00000074416	MGLL	3	127689062	623
ENSG00000187715	KBTBD12	3	127915232	624
ENSG00000058262	SEC61A1	3	128052437	625
ENSG00000175792	RUVBL1	3	128064611	626
ENSG00000132394	EEFSEC	3	128153453	627
ENSG00000163902	RPN1	3	128619969	628
ENSG00000075785	RAB7A	3	128726183	629
ENSG00000177646	ACAD9	3	128879490	630
ENSG00000114656	CFAP92	3	128909873	631
ENSG00000114654	EFCC1	3	129001545	632
ENSG00000172780	RAB43	3	129087569	633
ENSG00000261796	ISY1-RAB43	3	129087569	634
ENSG00000240682	ISY1	3	129127415	635
ENSG00000169714	CNBP	3	129167827	636
ENSG00000289469	LOC105374101	3	129184054	637
ENSG00000181789	COPG1	3	129249575	638
ENSG00000183624	HMCES	3	129278832	639
ENSG00000184897	H1-10	3	129314771	640
ENSG00000290993	RPL32P3	3	129382834	641
ENSG00000207088	SNORA7B	3	129397210	642
ENSG00000172771	EFCAB12	3	129401321	643
ENSG00000129071	MBD4	3	129430944	644
ENSG00000163913	IFT122	3	129440036	645
ENSG00000004399	PLXND1	3	129555213	646
ENSG00000172765	TMCC1	3	129647792	647
ENSG00000271270	TMCC1-DT	3	129893871	648
ENSG00000291081	FAM86HP	3	130097782	649
ENSG00000249846	LINC02021	3	130111707	650
ENSG00000206384	COL6A6	3	130516709	651
ENSG00000196455	PIK3R4	3	130678934	652
ENSG00000017260	ATP2C1	3	130850500	653
ENSG00000034533	ASTE1	3	131013873	654
ENSG00000114670	NEK11	3	131026851	655
ENSG00000250608	NUDT16-DT	3	131325092	656
ENSG00000246082	NUDT16L2P	3	131361845	657
ENSG00000198585	NUDT16	3	131381671	658
ENSG00000114686	MRPL3	3	131462212	659
ENSG00000014257	ACP3	3	132317403	660
ENSG00000138246	DNAJC13	3	132417502	661
ENSG00000240303	ACAD11	3	132558138	662
ENSG00000274810	NPHP3-ACAD11	3	132558138	663
ENSG00000129048	ACKR4	3	132597270	664
ENSG00000081307	UBA5	3	132654446	665
ENSG00000113971	NPHP3	3	132680609	666
ENSG00000091527	CDV3	3	133573629	667
ENSG00000163781	TOPBP1	3	133600238	668
ENSG00000091513	TF	3	133661998	669
ENSG00000144867	SRPRB	3	133784023	670
ENSG00000154917	RAB6B	3	133824235	671
ENSG00000174640	SLCO2A1	3	133932701	672
ENSG00000163785	RYK	3	134157133	673
ENSG00000114019	AMOTL2	3	134355345	674
ENSG00000129055	ANAPC13	3	134477704	675
ENSG00000182923	CEP63	3	134485724	676
ENSG00000154928	EPHB1	3	134595264	677
ENSG00000174611	KY	3	134599923	678
ENSG00000240086	LOC102724019	3	135133058	679
ENSG00000073711	PPP2R3A	3	135965673	680
ENSG00000174579	MSL2	3	136148917	681
ENSG00000114054	PCCB	3	136250325	682
ENSG00000118007	STAG1	3	136336235	683
ENSG00000168917	SLC35G2	3	136819019	684
ENSG00000158092	NCK1	3	136862208	685
ENSG00000174564	IL20RB	3	136957983	686
ENSG00000066405	CLDN18	3	137998816	687
ENSG00000158163	DZIP1L	3	138061990	688
ENSG00000138231	DBR1	3	138160988	689
ENSG00000114098	ARMC8	3	138187248	690
ENSG00000181322	NME9	3	138261436	691
ENSG00000158186	MRAS	3	138347648	692
ENSG00000158220	ESYT3	3	138434573	693
ENSG00000114107	CEP70	3	138494339	694
ENSG00000158234	FAIM	3	138608099	695
ENSG00000051382	PIK3CB	3	138652698	696
ENSG00000175110	MRPS22	3	139343994	697
ENSG00000184432	COPB2	3	139355595	698
ENSG00000248932	COPB2-DT	3	139389803	699
ENSG00000114113	RBP2	3	139452884	700
ENSG00000114115	RBP1	3	139517438	701
ENSG00000163864	NMNAT3	3	139560180	702
ENSG00000158258	CLSTN2	3	139935185	703
ENSG00000114120	SLC25A36	3	140941836	704
ENSG00000175093	SPSB4	3	141051347	705
ENSG00000155893	PXYLP1	3	141231825	706
ENSG00000177311	ZBTB38	3	141324186	707
ENSG00000155903	RASA2	3	141487027	708
ENSG00000114125	RNF7	3	141738209	709
ENSG00000069849	ATP1B3	3	141876643	710
ENSG00000114126	TFDP2	3	141944428	711
ENSG00000175066	GK5	3	142157527	712
ENSG00000114127	XRN1	3	142306610	713
ENSG00000175054	ATR	3	142449235	714
ENSG00000120756	PLS1	3	142596393	715
ENSG00000144935	TRPC1	3	142724034	716
ENSG00000163710	PCOLCE2	3	142817874	717
ENSG00000243818	LOC100507389	3	142926675	718
ENSG00000188582	PAQR9	3	142961238	719
ENSG00000241570	PAQR9-AS1	3	142964058	720
ENSG00000268129	LOC100289361	3	143000845	721
ENSG00000163714	U2SURP	3	143001570	722
ENSG00000175040	CHST2	3	143119771	723
ENSG00000181804	SLC9A9	3	143265222	724
ENSG00000181744	DIPK2A	3	143971798	725
ENSG00000240032	LNCSRLR	3	146066344	726
ENSG00000152952	PLOD2	3	146069437	727
ENSG00000114698	PLSCR4	3	146192335	728
ENSG00000163746	PLSCR2	3	146391363	729
ENSG00000188313	PLSCR1	3	146515178	730
ENSG00000174963	ZIC4	3	147386048	731
ENSG00000152977	ZIC1	3	147409365	732
ENSG00000144891	AGTR1	3	148697871	733
ENSG00000163751	CPA3	3	148865296	734
ENSG00000163754	GYG1	3	148991408	735
ENSG00000071794	HLTF	3	149030063	736
ENSG00000163755	HPS3	3	149129624	737
ENSG00000047457	CP	3	149162410	738
ENSG00000163762	TM4SF18	3	149318498	739
ENSG00000169908	TM4SF1	3	149369022	740
ENSG00000169903	TM4SF4	3	149474697	741
ENSG00000018408	WWTR1	3	149517229	742
ENSG00000114744	COMMD2	3	149738470	743
ENSG00000082996	RNF13	3	149812688	744
ENSG00000070087	PFN2	3	149964904	745
ENSG00000224831	TMEM183BP	3	149981661	746
ENSG00000196428	TSC22D2	3	150408298	747
ENSG00000120742	SERP1	3	150541998	748
ENSG00000144895	EIF2A	3	150546678	749
ENSG00000198843	SELENOT	3	150603321	750
ENSG00000181788	SIAH2	3	150741125	751
ENSG00000214237	MINDY4B	3	150870376	752
ENSG00000144893	MED12L	3	151085665	753
ENSG00000174946	GPR171	3	151197754	754
ENSG00000174944	P2RY14	3	151212115	755
ENSG00000181631	P2RY13	3	151326312	756
ENSG00000169313	P2RY12	3	151336843	757
ENSG00000152580	IGSF10	3	151433494	758
ENSG00000291076	AADACP1	3	151770456	759
ENSG00000114771	AADAC	3	151814008	760
ENSG00000198829	SUCNR1	3	151873643	761
ENSG00000152601	MBNL1	3	152243656	762
ENSG00000229619	MBNL1-AS1	3	152262616	763
ENSG00000221962	TMEM14EP	3	152339698	764
ENSG00000169860	P2RY1	3	152835131	765
ENSG00000181467	RAP2B	3	153162226	766
ENSG00000243069	ARHGEF26-AS1	3	154024401	767
ENSG00000114790	ARHGEF26	3	154121003	768
ENSG00000174953	DHX36	3	154272546	769
ENSG00000196549	MME	3	155024124	770
ENSG00000114805	PLCH1	3	155458603	771
ENSG00000174928	C3orf33	3	155762612	772
ENSG00000169359	SLC33A1	3	155821024	773
ENSG00000163655	GMPS	3	155869430	774
ENSG00000169282	KCNAB1	3	156118216	775
ENSG00000114850	SSR3	3	156539553	776
ENSG00000163659	TIPARP	3	156674590	777
ENSG00000240875	LINC00886	3	156747343	778
ENSG00000197980	LEKR1	3	156826287	779
ENSG00000163660	CCNL1	3	157146502	780
ENSG00000197415	VEPH1	3	157259742	781
ENSG00000174891	RSRC1	3	158110052	782
ENSG00000178053	MLF1	3	158571163	783
ENSG00000168827	GFM1	3	158644524	784
ENSG00000079257	LXN	3	158666414	785
ENSG00000118849	RARRES1	3	158696892	786
ENSG00000118855	MFSD1	3	158801264	787
ENSG00000283154	IQCJ-SCHIP1	3	159069252	788
ENSG00000151967	SCHIP1	3	159273247	789
ENSG00000248710	TRIM59-IFT80	3	160227454	790
ENSG00000068885	IFT80	3	160256986	791
ENSG00000113810	SMC4	3	160399638	792
ENSG00000213186	TRIM59	3	160435503	793
ENSG00000186432	KPNA4	3	160495007	794
ENSG00000238741	SCARNA7	3	160514907	795
ENSG00000163590	PPM1L	3	160755532	796
ENSG00000169255	B3GALNT1	3	161083883	797
ENSG00000169251	NMD3	3	161221290	798
ENSG00000196542	SPTSSB	3	161344784	799
ENSG00000240567	LINC02067	3	161426427	800
ENSG00000289884	LOC105374191	3	164450687	801
ENSG00000121871	SLITRK3	3	165186720	802
ENSG00000244128	LINC01322	3	165206960	803
ENSG00000114200	BCHE	3	165772904	804
ENSG00000114209	PDCD10	3	167683298	805
ENSG00000163536	SERPINI1	3	167735644	806
ENSG00000173905	GOLIM4	3	168008672	807
ENSG00000085276	MECOM	3	169083499	808
ENSG00000184378	ACTRT3	3	169766921	809
ENSG00000085274	MYNN	3	169773396	810
ENSG00000171757	LRRC34	3	169793003	811
ENSG00000114248	LRRC31	3	169839172	812
ENSG00000008952	SEC62	3	169966136	813
ENSG00000173890	GPR160	3	170037995	814
ENSG00000173889	PHC3	3	170087580	815
ENSG00000163558	PRKCI	3	170222424	816
ENSG00000136603	SKIL	3	170357678	817
ENSG00000013297	CLDN11	3	170418868	818
ENSG00000163584	RPL22L1	3	170864875	819
ENSG00000163577	EIF5A2	3	170888418	820
ENSG00000163581	SLC2A2	3	170996341	821
ENSG00000154310	TNIK	3	171058414	822
ENSG00000075651	PLD1	3	171600404	823
ENSG00000075420	FNDC3B	3	172039578	824
ENSG00000121858	TNFSF10	3	172505508	825
ENSG00000144959	NCEH1	3	172630249	826
ENSG00000114346	ECT2	3	172750685	827
ENSG00000169760	NLGN1	3	173395929	828
ENSG00000177694	NAALADL2	3	174438534	829
ENSG00000177565	TBL1XR1	3	177019357	830
ENSG00000231574	LINC02015	3	177816865	831
ENSG00000172667	ZMAT3	3	179017223	832
ENSG00000121879	PIK3CA	3	179148114	833
ENSG00000171121	KCNMB3	3	179239749	834
ENSG00000121864	ZNF639	3	179322910	835
ENSG00000171109	MFN1	3	179347709	836
ENSG00000114450	GNB4	3	179396088	837
ENSG00000136518	ACTL6A	3	179562880	838
ENSG00000136522	MRPL47	3	179588285	839
ENSG00000136521	NDUFB5	3	179604787	840
ENSG00000058056	USP13	3	179653040	841
ENSG00000114757	PEX5L	3	179794958	842
ENSG00000163728	TTC14	3	180602163	843
ENSG00000284862	CCDC39	3	180614008	844
ENSG00000285336	LOC101928882	3	180707589	845
ENSG00000114416	FXR1	3	180912670	846
ENSG00000205981	DNAJC19	3	180983709	847
ENSG00000058063	ATP11B	3	182793504	848
ENSG00000043093	DCUN1D1	3	182938074	849
ENSG00000078070	MCCC1	3	183015218	850
ENSG00000078081	LAMP3	3	183122215	851
ENSG00000053524	MCF2L2	3	183176116	852
ENSG00000176597	B3GNT5	3	183253207	853
ENSG00000291106	LINC00888	3	183447608	854
ENSG00000201229	SNORA63D	3	183451859	855
ENSG00000172578	KLHL6	3	183487551	856
ENSG00000242522	KLHL6-AS1	3	183548735	857
ENSG00000114796	KLHL24	3	183635619	858
ENSG00000163872	YEATS2	3	183697797	859
ENSG00000180834	MAP6D1	3	183815881	860
ENSG00000175193	PARL	3	183826488	861
ENSG00000114770	ABCC5	3	183919934	862
ENSG00000145191	EIF2B5	3	184135023	863
ENSG00000161202	DVL3	3	184155311	864
ENSG00000161203	AP2M1	3	184174846	865
ENSG00000161204	ABCF3	3	184186075	866
ENSG00000214160	ALG3	3	184242301	867
ENSG00000284753	EEF1AKMT4	3	184249657	868
ENSG00000175166	PSMD2	3	184299241	869
ENSG00000114867	EIF4G1	3	184314495	870
ENSG00000175182	FAM131A	3	184335924	871
ENSG00000114859	CLCN2	3	184346185	872
ENSG00000163882	POLR2H	3	184361710	873
ENSG00000090534	THPO	3	184371935	874
ENSG00000090539	CHRD	3	184380073	875
ENSG00000182580	EPHB3	3	184561785	876
ENSG00000177383	MAGEF1	3	184710364	877
ENSG00000272970	LOC107986163	3	184712243	878
ENSG00000156931	VPS8	3	184812143	879
ENSG00000187068	C3orf70	3	185076838	880
ENSG00000223358	EHHADH-AS1	3	185162901	881
ENSG00000113790	EHHADH	3	185190624	882
ENSG00000073803	MAP3K13	3	185282938	883
ENSG00000163900	TMEM41A	3	185482671	884
ENSG00000163898	LIPH	3	185506262	885
ENSG00000163904	SENP2	3	185586295	886
ENSG00000073792	IGF2BP2	3	185643130	887
ENSG00000136527	TRA2B	3	185914558	888
ENSG00000244405	ETV5	3	186046314	889
ENSG00000058866	DGKG	3	186147201	890
ENSG00000213139	CRYGS	3	186538443	891
ENSG00000113838	TBCCD1	3	186546067	892
ENSG00000090520	DNAJB11	3	186570676	893
ENSG00000145192	AHSG	3	186613060	894
ENSG00000090512	FETUB	3	186635828	895
ENSG00000113905	HRG	3	186665975	896
ENSG00000113889	KNG1	3	186717359	897
ENSG00000156976	EIF4A2	3	186783577	898
ENSG00000238942	SNORD2	3	186784796	899
ENSG00000200418	SNORA63B	3	186786323	900
ENSG00000283958	MIR1248	3	186786672	901
ENSG00000221420	SNORA81	3	186786675	902
ENSG00000200320	SNORA63	3	186787299	903
ENSG00000263776	SNORA4	3	186787613	904
ENSG00000163918	RFC4	3	186789892	905
ENSG00000073849	ST6GAL1	3	186930526	906
ENSG00000127241	MASP1	3	187216085	907
ENSG00000283175	LOC101929130	3	187291272	908
ENSG00000136514	RTP4	3	187368385	909
ENSG00000113916	BCL6	3	187721377	910
ENSG00000270959	LPP-AS2	3	188151206	911
ENSG00000145012	LPP	3	188152152	912
ENSG00000279891	FLJ42393	3	188178543	913
ENSG00000224563	LPP-AS1	3	188562237	914
ENSG00000188001	TPRG1	3	189000779	915
ENSG00000230115	TPRG1-AS2	3	189238686	916
ENSG00000073282	TP63	3	189596746	917
ENSG00000090530	P3H2	3	189956728	918
ENSG00000163347	CLDN1	3	190305707	919
ENSG00000113946	CLDN16	3	190387872	920
ENSG00000196083	IL1RAP	3	190514085	921
ENSG00000205835	GMNC	3	190843271	922
ENSG00000188958	UTS2B	3	191266465	923
ENSG00000152492	CCDC50	3	191329082	924
ENSG00000114279	FGF12	3	192139390	925
ENSG00000180611	MB21D2	3	192796815	926
ENSG00000127249	ATP13A4	3	193398967	927
ENSG00000198836	OPA1	3	193593144	928
ENSG00000224855	OPA1-AS1	3	193618599	929
ENSG00000230102	LINC02028	3	194005456	930
ENSG00000114315	HES1	3	194136148	931
ENSG00000238097	LINC02037	3	194247648	932
ENSG00000178772	CPN2	3	194339765	933
ENSG00000172061	LRRC15	3	194355249	934
ENSG00000133657	ATP13A3	3	194402674	935
ENSG00000145014	TMEM44	3	194587678	936
ENSG00000041802	LSG1	3	194640788	937
ENSG00000185112	FAM43A	3	194685883	938
ENSG00000173950	XXYLT1	3	195066970	939
ENSG00000114331	ACAP2	3	195274742	940
ENSG00000184203	PPP1R2	3	195514428	941
ENSG00000189058	APOD	3	195568705	942
ENSG00000242086	SDHAP2	3	195658039	943
ENSG00000207650	MIR570	3	195699401	944
ENSG00000176945	MUC20	3	195720978	945
ENSG00000145113	MUC4	3	195746771	946
ENSG00000061938	TNK2	3	195863364	947
ENSG00000290763	SDHAP1	3	195959921	948
ENSG00000072274	TFRC	3	196018694	949
ENSG00000224652	LINC00885	3	196142636	950
ENSG00000163959	SLC51A	3	196216534	951
ENSG00000161217	PCYT1A	3	196234368	952
ENSG00000163960	UBXN7	3	196347659	953
ENSG00000163961	RNF168	3	196468783	954
ENSG00000185798	WDR53	3	196554177	955
ENSG00000174013	FBXO45	3	196568660	956
ENSG00000174004	NRROS	3	196639694	957
ENSG00000174007	CEP19	3	196706273	958
ENSG00000163964	PIGX	3	196712377	959
ENSG00000180370	PAK2	3	196739857	960
ENSG00000119231	SENP5	3	196867856	961
ENSG00000114503	NCBP2	3	196932729	962
ENSG00000270170	NCBP2AS2	3	196942674	963
ENSG00000119227	PIGZ	3	196946356	964
ENSG00000075711	DLG1	3	197042560	965
ENSG00000161267	BDH1	3	197509783	966
ENSG00000291091	SDHAP4	3	197614027	967
ENSG00000145016	RUBCN	3	197668867	968
ENSG00000122068	FYTTD1	3	197749553	969
ENSG00000186001	LRCH3	3	197791226	970
ENSG00000114473	IQCG	3	197889075	971
ENSG00000182899	RPL35A	3	197950190	972
ENSG00000185621	LMLN	3	197960200	973
ENSG00000291192	ANKRD18DP	3	198057531	974
ENSG00000290937	FAM157A	3	198153206	975
ENSG00000272602	ZNF595	4	53276	1
ENSG00000250312	ZNF718	4	124246	2
ENSG00000290382	ZNF876P	4	212600	3
ENSG00000131127	ZNF141	4	337814	4
ENSG00000251595	ABCA11P	4	425435	5
ENSG00000182903	ZNF721	4	439988	6
ENSG00000174227	PIGG	4	499200	7
ENSG00000133256	PDE6B	4	587325	8
ENSG00000169020	ATP5ME	4	672436	9
ENSG00000215375	MYL5	4	674199	10
ENSG00000169026	SLC49A3	4	676205	11
ENSG00000185619	PCGF3	4	705832	12
ENSG00000249592	PCGF3-AS1	4	780149	13
ENSG00000168993	CPLX1	4	784957	14
ENSG00000178950	GAK	4	849276	15
ENSG00000127419	TMEM175	4	932387	16
ENSG00000145214	DGKQ	4	958887	17
ENSG00000145217	SLC26A1	4	979073	18
ENSG00000127415	IDUA	4	986997	19
ENSG00000127418	FGFRL1	4	1009930	20
ENSG00000159674	SPON2	4	1166932	21
ENSG00000280927	CTBP1-AS	4	1210120	22
ENSG00000159692	CTBP1	4	1211444	23
ENSG00000090316	MAEA	4	1289890	24
ENSG00000163945	UVSSA	4	1341998	25
ENSG00000174137	FAM53A	4	1574055	26
ENSG00000163950	SLBP	4	1692731	27
ENSG00000168936	TMEM129	4	1715952	28
ENSG00000013810	TACC3	4	1721497	29
ENSG00000068078	FGFR3	4	1793293	30
ENSG00000168924	LETM1	4	1811479	31
ENSG00000109685	NSD2	4	1871393	32
ENSG00000249784	SCARNA22	4	1974636	33
ENSG00000185049	NELFA	4	1982717	34
ENSG00000130997	POLN	4	2071918	35
ENSG00000214367	HAUS3	4	2228349	36
ENSG00000123933	MXD4	4	2247432	37
ENSG00000159733	ZFYVE28	4	2269585	38
ENSG00000063978	RNF4	4	2469106	39
ENSG00000125386	FAM193A	4	2535375	40
ENSG00000168884	TNIP2	4	2741648	41
ENSG00000087266	SH3BP2	4	2793085	42
ENSG00000087274	ADD1	4	2843844	43
ENSG00000109736	MFSD10	4	2930556	44
ENSG00000087269	NOP14	4	2937936	45
ENSG00000125388	GRK4	4	2963504	46
ENSG00000197386	HTT	4	3074681	47
ENSG00000188981	MSANTD1	4	3241598	48
ENSG00000159788	RGS12	4	3292978	49
ENSG00000109758	HGFAC	4	3441968	50
ENSG00000163956	LRPAP1	4	3503597	51
ENSG00000290374	FAM86EP	4	3941760	52
ENSG00000132406	TMEM128	4	4235542	53
ENSG00000145220	LYAR	4	4267701	54
ENSG00000168826	ZBTB49	4	4290197	55
ENSG00000168824	NSG1	4	4386256	56
ENSG00000168818	STX18	4	4418968	57
ENSG00000248221	STX18-IT1	4	4476121	58
ENSG00000247708	STX18-AS1	4	4542131	59
ENSG00000152953	STK32B	4	5051480	60
ENSG00000173040	EVC2	4	5562408	61
ENSG00000072840	EVC	4	5711199	62
ENSG00000072832	CRMP1	4	5820764	63
ENSG00000109501	WFS1	4	6260368	64
ENSG00000013288	MAN2B2	4	6575189	65
ENSG00000179010	MRFAP1	4	6640091	66
ENSG00000251580	LINC02482	4	6670728	67
ENSG00000170846	LOC93622	4	6674075	68
ENSG00000178988	MRFAP1L1	4	6707701	69
ENSG00000186222	BLOC1S4	4	6716174	70
ENSG00000170871	KIAA0232	4	6782727	71
ENSG00000132405	TBC1D14	4	6909444	72
ENSG00000245748	LOC100129931	4	7030554	73
ENSG00000173011	TADA2B	4	7043372	74
ENSG00000109519	GRPEL1	4	7058895	75
ENSG00000184985	SORCS2	4	7192538	76
ENSG00000272620	AFAP1-AS1	4	7754090	77
ENSG00000196526	AFAP1	4	7758713	78
ENSG00000163995	ABLIM2	4	7965312	79
ENSG00000125089	SH3TC1	4	8182072	80
ENSG00000170801	HTRA3	4	8269712	81
ENSG00000087008	ACOX3	4	8366263	82
ENSG00000155275	TRMT44	4	8440774	83
ENSG00000109625	CPZ	4	8592660	84
ENSG00000109667	SLC2A9	4	9771125	85
ENSG00000071127	WDR1	4	10074339	86
ENSG00000178163	ZNF518B	4	10439880	87
ENSG00000109684	CLNK	4	10486395	88
ENSG00000002587	HS3ST1	4	11393150	89
ENSG00000157869	RAB28	4	13367723	90
ENSG00000038219	BOD1L1	4	13568738	91
ENSG00000247624	CPEB2-DT	4	14909961	92
ENSG00000137449	CPEB2	4	15002426	93
ENSG00000249252	C1QTNF7-AS1	4	15004942	94
ENSG00000163145	C1QTNF7	4	15339818	95
ENSG00000048342	CC2D2A	4	15468660	96
ENSG00000118564	FBXL5	4	15604381	97
ENSG00000237765	FAM200B	4	15651521	98
ENSG00000109743	BST1	4	15701866	99
ENSG00000004468	CD38	4	15778328	100
ENSG00000007062	PROM1	4	15968226	101
ENSG00000169762	TAPT1	4	16160505	102
ENSG00000263327	TAPT1-AS1	4	16226663	103
ENSG00000169744	LDB2	4	16501534	104
ENSG00000151552	QDPR	4	17486393	105
ENSG00000002549	LAP3	4	17577304	106
ENSG00000118579	MED28	4	17614641	107
ENSG00000047662	FAM184B	4	17629306	108
ENSG00000163257	DCAF16	4	17793446	109
ENSG00000109805	NCAPG	4	17810942	110
ENSG00000178177	LCORL	4	17841198	111
ENSG00000145147	SLIT2	4	20251905	112
ENSG00000163138	PACRGL	4	20696282	113
ENSG00000185774	KCNIP4	4	20728520	114
ENSG00000152990	ADGRA3	4	22387376	115
ENSG00000249948	GBA3	4	22692937	116
ENSG00000248837	LOC105374524	4	22997576	117
ENSG00000109819	PPARGC1A	4	23792021	118
ENSG00000109606	DHX15	4	24527475	119
ENSG00000181982	CCDC149	4	24803514	120
ENSG00000153012	LGI2	4	24991960	121
ENSG00000109618	SEPSECS	4	25120014	122
ENSG00000038210	PI4K2B	4	25234033	123
ENSG00000168228	ZCCHC4	4	25312774	124
ENSG00000053900	ANAPC4	4	25377263	125
ENSG00000157765	SLC34A2	4	25655851	126
ENSG00000091490	SEL1L3	4	25715910	127
ENSG00000250317	SMIM20	4	25914192	128
ENSG00000168214	RBPJ	4	26163489	129
ENSG00000109680	TBC1D19	4	26583924	130
ENSG00000109689	STIM2	4	26860841	131
ENSG00000169851	PCDH7	4	30719861	132
ENSG00000250954	LOC101928622	4	33896339	133
ENSG00000047365	ARAP2	4	36005186	134
ENSG00000197057	DTHD1	4	36281594	135
ENSG00000174145	NWD2	4	37244743	136
ENSG00000154274	C4orf19	4	37453454	137
ENSG00000181826	RELL1	4	37590804	138
ENSG00000169299	PGM2	4	37826686	139
ENSG00000065882	TBC1D1	4	37891084	140
ENSG00000109787	KLF3	4	38664079	141
ENSG00000174123	TLR10	4	38772238	142
ENSG00000174125	TLR1	4	38791055	143
ENSG00000174130	TLR6	4	38823680	144
ENSG00000197712	FAM114A1	4	38867778	145
ENSG00000121895	TMEM156	4	38966009	146
ENSG00000109790	KLHL5	4	39044674	147
ENSG00000157796	WDR19	4	39182473	148
ENSG00000035928	RFC1	4	39287456	149
ENSG00000134962	KLB	4	39406930	150
ENSG00000163682	RPL9	4	39454124	151
ENSG00000121897	LIAS	4	39459024	152
ENSG00000109814	UGDH	4	39498755	153
ENSG00000249348	UGDH-AS1	4	39527839	154
ENSG00000163683	SMIM14	4	39546336	155
ENSG00000255458	SMIM14-DT	4	39639104	156
ENSG00000078140	UBE2K	4	39698136	157
ENSG00000121892	PDS5A	4	39822863	158
ENSG00000078177	N4BP2	4	40056223	159
ENSG00000168421	RHOH	4	40191080	160
ENSG00000163694	RBM47	4	40423270	161
ENSG00000179299	NSUN7	4	40749874	162
ENSG00000163697	APBB2	4	40810027	163
ENSG00000064042	LIMCH1	4	41359607	164
ENSG00000109133	TMEM33	4	41935120	165
ENSG00000182308	DCAF4L1	4	41981756	166
ENSG00000014824	SLC30A9	4	41990502	167
ENSG00000188848	BEND4	4	42110853	168
ENSG00000178343	SHISA3	4	42397488	169
ENSG00000124406	ATP8A1	4	42408373	170
ENSG00000151806	GUF1	4	44678395	171
ENSG00000163281	GNPDA2	4	44701795	172
ENSG00000163285	GABRG1	4	46035769	173
ENSG00000169019	COMMD8	4	47450787	174
ENSG00000145246	ATP10D	4	47485261	175
ENSG00000145244	CORIN	4	47593998	176
ENSG00000282917	LOC101927179	4	47831345	177
ENSG00000170448	NFXL1	4	47847233	178
ENSG00000198515	CNGA1	4	47935015	179
ENSG00000163293	NIPAL1	4	48016772	180
ENSG00000074966	TXK	4	48063504	181
ENSG00000135605	TEC	4	48135783	182
ENSG00000109171	SLAIN2	4	48341475	183
ENSG00000182223	ZAR1	4	48490252	184
ENSG00000075539	FRYL	4	48497357	185
ENSG00000109180	OCIAD1	4	48830924	186
ENSG00000248256	OCIAD1-AS1	4	48852007	187
ENSG00000145247	OCIAD2	4	48885019	188
ENSG00000109182	CWH43	4	48986247	189
ENSG00000109184	DCUN1D4	4	51843000	190
ENSG00000188993	LRRC66	4	51993652	191
ENSG00000163069	SGCB	4	52020695	192
ENSG00000163071	SPATA18	4	52051304	193
ENSG00000109189	USP46	4	52590960	194
ENSG00000248866	USP46-DT	4	52659406	195
ENSG00000226950	DANCR	4	52712394	196
ENSG00000128045	RASL11B	4	52862317	197
ENSG00000184178	SCFD2	4	52872630	198
ENSG00000145216	FIP1L1	4	53377572	199
ENSG00000072201	LNX1	4	53458264	200
ENSG00000109220	CHIC2	4	53996335	201
ENSG00000134853	PDGFRA	4	54229127	202
ENSG00000157404	KIT	4	54657928	203
ENSG00000128052	KDR	4	55078481	204
ENSG00000128039	SRD5A3	4	55346228	205
ENSG00000134851	TMEM165	4	55395653	206
ENSG00000134852	CLOCK	4	55427901	207
ENSG00000090989	EXOC1	4	55853648	208
ENSG00000287382	LOC105377663	4	55890393	209
ENSG00000174799	CEP135	4	55948808	210
ENSG00000109265	CRACD	4	56049222	211
ENSG00000157426	AASDH	4	56337687	212
ENSG00000128059	PPAT	4	56393362	213
ENSG00000128050	PAICS	4	56435749	214
ENSG00000174780	SRP72	4	56467617	215
ENSG00000171476	HOPX	4	56647988	216
ENSG00000084093	REST	4	56907900	217
ENSG00000084092	NOA1	4	56963350	218
ENSG00000047315	POLR2B	4	56978640	219
ENSG00000163453	IGFBP7	4	57030773	220
ENSG00000150471	ADGRL3	4	61201230	221
ENSG00000145241	CENPC	4	67468762	222
ENSG00000035720	STAP1	4	67558727	223
ENSG00000033178	UBA6	4	67612652	224
ENSG00000248049	UBA6-DT	4	67701278	225
ENSG00000109163	GNRHR	4	67737118	226
ENSG00000153802	TMPRSS11D	4	67820876	227
ENSG00000187054	TMPRSS11A	4	67909395	228
ENSG00000083896	YTHDC1	4	68310387	229
ENSG00000197888	UGT2B17	4	68537184	230
ENSG00000196620	UGT2B15	4	68646597	231
ENSG00000109181	UGT2B10	4	68815994	232
ENSG00000135220	UGT2A3	4	68928460	233
ENSG00000171234	UGT2B7	4	69051264	234
ENSG00000250696	LOC105377267	4	69182100	235
ENSG00000213759	UGT2B11	4	69199951	236
ENSG00000135226	UGT2B28	4	69280429	237
ENSG00000156096	UGT2B4	4	69480165	238
ENSG00000173610	UGT2A1	4	69588417	239
ENSG00000271271	UGT2A2	4	69588417	240
ENSG00000173597	SULT1B1	4	69721167	241
ENSG00000109193	SULT1E1	4	69841212	242
ENSG00000132464	ENAM	4	70627471	243
ENSG00000132465	JCHAIN	4	70655541	244
ENSG00000132467	UTP3	4	70688532	245
ENSG00000018189	RUFY3	4	70704204	246
ENSG00000132463	GRSF1	4	70815783	247
ENSG00000173542	MOB1B	4	70901970	248
ENSG00000156136	DCK	4	70993649	249
ENSG00000080493	SLC4A4	4	71062646	250
ENSG00000145321	GC	4	71741693	251
ENSG00000156140	ADAMTS3	4	72280969	252
ENSG00000163626	COX18	4	73052362	253
ENSG00000132466	ANKRD17	4	73073376	254
ENSG00000163631	ALB	4	73404287	255
ENSG00000081051	AFP	4	73436221	256
ENSG00000079557	AFM	4	73481745	257
ENSG00000250436	LINC02499	4	73508803	258
ENSG00000169435	RASSF6	4	73571550	259
ENSG00000169429	CXCL8	4	73740569	260
ENSG00000124875	CXCL6	4	73836678	261
ENSG00000163736	PPBP	4	73986439	262
ENSG00000081041	CXCL2	4	74097040	263
ENSG00000163738	MTHFD2L	4	74123273	264
ENSG00000174808	BTC	4	74744759	265
ENSG00000169116	PARM1	4	74933116	266
ENSG00000163743	RCHY1	4	75479037	267
ENSG00000174796	THAP6	4	75513944	268
ENSG00000138757	G3BP2	4	75642769	269
ENSG00000138768	USO1	4	75724522	270
ENSG00000138744	NAAA	4	75910655	271
ENSG00000198301	SDAD1	4	75949906	272
ENSG00000138755	CXCL9	4	76001275	273
ENSG00000169245	CXCL10	4	76021118	274
ENSG00000138750	NUP54	4	76114659	275
ENSG00000138760	SCARB2	4	76158737	276
ENSG00000189157	FAM47E	4	76214040	277
ENSG00000272414	FAM47E-STBD1	4	76251700	278
ENSG00000118804	STBD1	4	76306026	279
ENSG00000163749	CCDC158	4	76313039	280
ENSG00000138771	SHROOM3	4	76435229	281
ENSG00000186212	SOWAHB	4	76894152	282
ENSG00000289586	LOC105377294	4	76906667	283
ENSG00000138758	SEPTIN11	4	76949752	284
ENSG00000118816	CCNI	4	77047155	285
ENSG00000138764	CCNG2	4	77157207	286
ENSG00000138767	CNOT6L	4	77713387	287
ENSG00000169288	MRPL1	4	77862680	288
ENSG00000138759	FRAS1	4	78057323	289
ENSG00000138772	ANXA3	4	78551761	290
ENSG00000138756	BMP2K	4	78776350	291
ENSG00000163291	PAQR3	4	78887225	292
ENSG00000163297	ANTXR2	4	79901146	293
ENSG00000152785	BMP3	4	81030708	294
ENSG00000138670	RASGEF1B	4	81426393	295
ENSG00000138668	HNRNPD	4	82352498	296
ENSG00000152795	HNRNPDL	4	82422564	297
ENSG00000145293	ENOPH1	4	82430590	298
ENSG00000249242	TMEM150C	4	82483176	299
ENSG00000145284	SCD5	4	82629539	300
ENSG00000138674	SEC31A	4	82818509	301
ENSG00000251022	THAP9-AS1	4	82893452	302
ENSG00000168152	THAP9	4	82900650	303
ENSG00000189308	LIN54	4	82924603	304
ENSG00000138663	COPS4	4	83035183	305
ENSG00000145287	PLAC8	4	83090048	306
ENSG00000173085	COQ2	4	83263824	307
ENSG00000173083	HPSE	4	83292461	308
ENSG00000163312	HELQ	4	83407343	309
ENSG00000163319	MRPS18C	4	83455932	310
ENSG00000163322	ABRAXAS1	4	83459517	311
ENSG00000138678	GPAT3	4	83535634	312
ENSG00000163624	CDS1	4	84582931	313
ENSG00000163625	WDFY3	4	84669547	314
ENSG00000180769	WDFY3-AS2	4	84965616	315
ENSG00000138639	ARHGAP24	4	85475150	316
ENSG00000109339	MAPK10	4	86010405	317
ENSG00000163629	PTPN13	4	86594307	318
ENSG00000163633	C4orf36	4	86876205	319
ENSG00000172493	AFF1	4	86934606	320
ENSG00000145332	KLHL8	4	87160103	321
ENSG00000170509	HSD17B13	4	87303794	322
ENSG00000198189	HSD17B11	4	87336515	323
ENSG00000170502	NUDT9	4	87420002	324
ENSG00000152583	SPARCL1	4	87473330	325
ENSG00000118785	SPP1	4	87975650	326
ENSG00000118762	PKD2	4	88007635	327
ENSG00000118777	ABCG2	4	88090264	328
ENSG00000163644	PPM1K	4	88257617	329
ENSG00000138642	HERC6	4	88378485	330
ENSG00000138646	HERC5	4	88456604	331
ENSG00000255072	PIGY	4	88520978	332
ENSG00000145337	PYURF	4	88520998	333
ENSG00000138641	HERC3	4	88592423	334
ENSG00000177432	NAP1L5	4	88695913	335
ENSG00000248019	FAM13A-AS1	4	88709789	336
ENSG00000138640	FAM13A	4	88725954	337
ENSG00000180346	TIGD2	4	89112817	338
ENSG00000185477	GPRIN3	4	89236383	339
ENSG00000145335	SNCA	4	89724099	340
ENSG00000138722	MMRN1	4	89879511	341
ENSG00000184305	CCSER1	4	90127394	342
ENSG00000163104	SMARCAD1	4	94207608	343
ENSG00000163106	HPGDS	4	94298535	344
ENSG00000163110	PDLIM5	4	94451857	345
ENSG00000138696	BMPR1B	4	94757955	346
ENSG00000182168	UNC5C	4	95162504	347
ENSG00000163116	STPG2	4	97184113	348
ENSG00000138698	RAP1GDS1	4	98261381	349
ENSG00000168785	TSPAN5	4	98470367	350
ENSG00000151247	EIF4E	4	98871684	351
ENSG00000164024	METAP1	4	98995693	352
ENSG00000197894	ADH5	4	99070978	353
ENSG00000246090	LOC100507053	4	99088857	354
ENSG00000198099	ADH4	4	99123657	355
ENSG00000172955	ADH6	4	99202639	356
ENSG00000187758	ADH1A	4	99276369	357
ENSG00000196616	ADH1B	4	99304971	358
ENSG00000248144	ADH1C	4	99336497	359
ENSG00000196344	ADH7	4	99412261	360
ENSG00000145331	TRMT10A	4	99546709	361
ENSG00000138823	MTTP	4	99564078	362
ENSG00000070190	DAPP1	4	99816827	363
ENSG00000109270	LAMTOR3	4	99878336	364
ENSG00000164031	DNAJB14	4	99896248	365
ENSG00000164032	H2AZ1	4	99948088	366
ENSG00000145358	DDIT4L	4	100185870	367
ENSG00000164035	EMCN	4	100395341	368
ENSG00000138814	PPP3CA	4	101023418	369
ENSG00000153064	BANK1	4	101790482	370
ENSG00000138821	SLC39A8	4	102251041	371
ENSG00000109320	NFKB1	4	102501266	372
ENSG00000109323	MANBA	4	102630770	373
ENSG00000109332	UBE2D3	4	102794383	374
ENSG00000145354	CISD2	4	102868992	375
ENSG00000164037	SLC9B1	4	102885049	376
ENSG00000164038	SLC9B2	4	103018029	377
ENSG00000164039	BDH2	4	103077592	378
ENSG00000138778	CENPE	4	103105811	379
ENSG00000168772	CXXC4	4	104468308	380
ENSG00000245384	CXXC4-AS1	4	104490965	381
ENSG00000168769	TET2	4	105145875	382
ENSG00000138777	PPA2	4	105369077	383
ENSG00000236699	ARHGEF38	4	105552604	384
ENSG00000138785	INTS12	4	105682627	385
ENSG00000138780	GSTCD	4	105708778	386
ENSG00000168743	NPNT	4	105895453	387
ENSG00000145348	TBCK	4	106041599	388
ENSG00000164022	AIMP1	4	106315610	389
ENSG00000138801	PAPSS1	4	107613666	390
ENSG00000164023	SGMS2	4	107823645	391
ENSG00000245293	CYP2U1-AS1	4	107863479	392
ENSG00000155016	CYP2U1	4	107931549	393
ENSG00000138796	HADH	4	107989714	394
ENSG00000138795	LEF1	4	108047545	395
ENSG00000234492	RPL34-DT	4	108538190	396
ENSG00000109475	RPL34	4	108620558	397
ENSG00000198856	OSTC	4	108650585	398
ENSG00000164089	ETNPPL	4	108742053	399
ENSG00000188517	COL25A1	4	108808725	400
ENSG00000247950	SEC24B-AS1	4	109429963	401
ENSG00000138802	SEC24B	4	109433715	402
ENSG00000005059	MCUB	4	109560246	403
ENSG00000138794	CASP6	4	109688628	404
ENSG00000123739	PLA2G12A	4	109709989	405
ENSG00000205403	CFI	4	109731221	406
ENSG00000109534	GAR1	4	109815510	407
ENSG00000180245	RRH	4	109827972	408
ENSG00000183423	LRIT3	4	109848107	409
ENSG00000170522	ELOVL6	4	110045846	410
ENSG00000138792	ENPEP	4	110476155	411
ENSG00000174749	FAM241A	4	112145454	412
ENSG00000138660	AP1AR	4	112231787	413
ENSG00000145365	TIFA	4	112274537	414
ENSG00000073331	ALPK1	4	112297343	415
ENSG00000138658	ZGRF1	4	112539333	416
ENSG00000174720	LARP7	4	112636964	417
ENSG00000249532	MIR302CHG	4	112646720	418
ENSG00000145362	ANK2	4	112706018	419
ENSG00000145349	CAMK2D	4	113451032	420
ENSG00000180801	ARSJ	4	113899929	421
ENSG00000164100	NDST3	4	118033322	422
ENSG00000269893	SNHG8	4	118278762	423
ENSG00000275994	SNORA24	4	118279190	424
ENSG00000164099	PRSS12	4	118280038	425
ENSG00000145388	METTL14	4	118685375	426
ENSG00000150961	SEC24D	4	118722823	427
ENSG00000172403	SYNPO2	4	118850681	428
ENSG00000145390	USP53	4	119212612	429
ENSG00000164096	C4orf3	4	119296419	430
ENSG00000145384	FABP2	4	119317250	431
ENSG00000291202	GTF2IP12	4	119449570	432
ENSG00000138735	PDE5A	4	119494395	433
ENSG00000164109	MAD2L1	4	120055623	434
ENSG00000138738	PRDM5	4	120684906	435
ENSG00000173376	NDNF	4	121029293	436
ENSG00000164111	ANXA5	4	121667946	437
ENSG00000123737	EXOSC9	4	121801323	438
ENSG00000145386	CCNA2	4	121816444	439
ENSG00000138686	BBS7	4	121824329	440
ENSG00000138741	TRPC3	4	121874481	441
ENSG00000138688	BLTP1	4	122152333	442
ENSG00000181004	BBS12	4	122700437	443
ENSG00000138685	FGF2	4	122826708	444
ENSG00000170917	NUDT6	4	122892577	445
ENSG00000145375	SPATA5	4	122923070	446
ENSG00000164056	SPRY1	4	123396791	447
ENSG00000151458	ANKRD50	4	124664048	448
ENSG00000196159	FAT4	4	125314913	449
ENSG00000164066	INTU	4	127623271	450
ENSG00000164070	HSPA4L	4	127781796	451
ENSG00000142731	PLK4	4	127880893	452
ENSG00000164073	MFSD8	4	127917732	453
ENSG00000164074	ABHD18	4	127965261	454
ENSG00000138709	LARP1B	4	128060655	455
ENSG00000164040	PGRMC2	4	128269242	456
ENSG00000251432	LINC02615	4	128428016	457
ENSG00000077684	JADE1	4	128809687	458
ENSG00000151466	SCLT1	4	128874390	459
ENSG00000151470	C4orf33	4	129093691	460
ENSG00000254535	PABPC4L	4	133948459	461
ENSG00000189184	PCDH18	4	137518918	462
ENSG00000151012	SLC7A11	4	138164097	463
ENSG00000151014	NOCT	4	139015781	464
ENSG00000109381	ELF2	4	139057220	465
ENSG00000109390	NDUFC1	4	139289917	466
ENSG00000164134	NAA15	4	139301499	467
ENSG00000172007	RAB33B	4	139453232	468
ENSG00000145391	SETD7	4	139495934	469
ENSG00000085871	MGST2	4	139665725	470
ENSG00000196782	MAML3	4	139716753	471
ENSG00000153130	SCOC	4	140257308	472
ENSG00000153132	CLGN	4	140388453	473
ENSG00000179387	ELMOD2	4	140524146	474
ENSG00000109424	UCP1	4	140555770	475
ENSG00000109436	TBC1D9	4	140620782	476
ENSG00000170153	RNF150	4	140859807	477
ENSG00000109445	ZNF330	4	141220294	478
ENSG00000248810	LINC02432	4	141321124	479
ENSG00000164136	IL15	4	141636583	480
ENSG00000109452	INPP4B	4	142023160	481
ENSG00000250326	LOC105377623	4	143177660	482
ENSG00000170185	USP38	4	143184917	483
ENSG00000109458	GAB1	4	143336876	484
ENSG00000153147	SMARCA5	4	143513501	485
ENSG00000183090	FREM3	4	143577302	486
ENSG00000197465	GYPE	4	143870864	487
ENSG00000164161	HHIP	4	144646154	488
ENSG00000164162	ANAPC10	4	144967117	489
ENSG00000164163	ABCE1	4	145098311	490
ENSG00000164164	OTUD4	4	145133650	491
ENSG00000272727	LINC02266	4	145335263	492
ENSG00000170365	SMAD1	4	145481306	493
ENSG00000250582	SMAD1-AS2	4	145497049	494
ENSG00000250902	SMAD1-AS1	4	145514578	495
ENSG00000237136	C4orf51	4	145680100	496
ENSG00000151612	ZNF827	4	145757627	497
ENSG00000164167	LSM6	4	146175703	498
ENSG00000250673	REELD1	4	146214538	499
ENSG00000120519	SLC10A7	4	146253981	500
ENSG00000151617	EDNRA	4	147480917	501
ENSG00000164168	TMEM184C	4	147617371	502
ENSG00000164169	PRMT9	4	147635650	503
ENSG00000071205	ARHGAP10	4	147732063	504
ENSG00000151623	NR3C2	4	148078764	505
ENSG00000170390	DCLK2	4	150078445	506
ENSG00000198589	LRBA	4	150264435	507
ENSG00000249690	LOC729558	4	150579089	508
ENSG00000181541	MAB21L2	4	150582151	509
ENSG00000145425	RPS3A	4	151099573	510
ENSG00000109686	SH3D19	4	151120281	511
ENSG00000189099	PRSS48	4	151276482	512
ENSG00000164142	FHIP1A	4	151409143	513
ENSG00000059691	GATB	4	151670504	514
ENSG00000109670	FBXW7	4	152320544	515
ENSG00000270751	FBXW7-AS1	4	152337655	516
ENSG00000268471	MIR4453HG	4	152536264	517
ENSG00000170006	TMEM154	4	152618628	518
ENSG00000164144	ARFIP1	4	152779937	519
ENSG00000137460	FHDC1	4	152935445	520
ENSG00000109654	TRIM2	4	153152281	521
ENSG00000121210	TMEM131L	4	153466346	522
ENSG00000137462	TLR2	4	153684080	523
ENSG00000197410	DCHS2	4	154231742	524
ENSG00000171566	PLRG1	4	154534997	525
ENSG00000171564	FGB	4	154562980	526
ENSG00000171560	FGA	4	154583126	527
ENSG00000171557	FGG	4	154604134	528
ENSG00000121207	LRAT	4	154740841	529
ENSG00000164114	MAP9	4	155342658	530
ENSG00000164116	GUCY1A1	4	155666710	531
ENSG00000061918	GUCY1B1	4	155759021	532
ENSG00000256394	ASIC5	4	155829699	533
ENSG00000151790	TDO2	4	155903696	534
ENSG00000256043	CTSO	4	155924118	535
ENSG00000145431	PDGFC	4	156760454	536
ENSG00000109738	GLRB	4	157076125	537
ENSG00000164125	GASK1B	4	158124474	538
ENSG00000248429	GASK1B-AS1	4	158170752	539
ENSG00000164124	TMEM144	4	158201597	540
ENSG00000171509	RXFP1	4	158521711	541
ENSG00000205208	C4orf46	4	158666675	542
ENSG00000171503	ETFDH	4	158672101	543
ENSG00000171497	PPID	4	158709127	544
ENSG00000052795	FNIP2	4	158769026	545
ENSG00000164123	C4orf45	4	158893134	546
ENSG00000109756	RAPGEF2	4	159104051	547
ENSG00000145414	NAF1	4	163109133	548
ENSG00000164128	NPY1R	4	163323962	549
ENSG00000164129	NPY5R	4	163336968	550
ENSG00000198498	TMA16	4	163494690	551
ENSG00000145416	MARCHF1	4	163524298	552
ENSG00000170088	TMEM192	4	165070608	553
ENSG00000109466	KLHL2	4	165207561	554
ENSG00000229894	GK3	4	165277792	555
ENSG00000052802	MSMO1	4	165327666	556
ENSG00000109472	CPE	4	165379008	557
ENSG00000038295	TLL1	4	165873124	558
ENSG00000109511	ANXA10	4	168092525	559
ENSG00000137628	DDX60	4	168216293	560
ENSG00000181381	DDX60L	4	168356735	561
ENSG00000129116	PALLD	4	168497039	562
ENSG00000145439	CBR4	4	168894484	563
ENSG00000154447	SH3RF1	4	169094259	564
ENSG00000137601	NEK1	4	169392857	565
ENSG00000109572	CLCN3	4	169620578	566
ENSG00000056050	HPF1	4	169729470	567
ENSG00000248319	LINC02275	4	169917761	568
ENSG00000198948	MFAP3L	4	169986602	569
ENSG00000109576	AADAT	4	170060222	570
ENSG00000250266	LINC01612	4	170226591	571
ENSG00000174473	GALNTL6	4	171812656	572
ENSG00000245213	GALNT7-DT	4	173131933	573
ENSG00000109586	GALNT7	4	173168769	574
ENSG00000164104	HMGB2	4	173331376	575
ENSG00000164105	SAP30	4	173370954	576
ENSG00000164106	SCRG1	4	173384701	577
ENSG00000164107	HAND2	4	173526091	578
ENSG00000237125	HAND2-AS1	4	173528600	579
ENSG00000164117	FBXO8	4	174236658	580
ENSG00000164118	CEP44	4	174283677	581
ENSG00000164120	HPGD	4	174490175	582
ENSG00000150625	GPM6A	4	175632937	583
ENSG00000249106	GPM6A-DT	4	175790307	584
ENSG00000150627	WDR17	4	176065841	585
ENSG00000129128	SPCS3	4	176319966	586
ENSG00000150630	VEGFC	4	176683538	587
ENSG00000038002	AGA	4	177430774	588
ENSG00000218336	TENM3	4	181447613	589
ENSG00000129187	DCTD	4	182890091	590
ENSG00000151718	WWC2	4	183098640	591
ENSG00000251128	WWC2-AS1	4	183233628	592
ENSG00000177300	CLDN22	4	183318067	593
ENSG00000185758	CLDN24	4	183321764	594
ENSG00000168564	CDKN2AIP	4	183444636	595
ENSG00000168556	ING2	4	183505058	596
ENSG00000182552	RWDD4	4	183639635	597
ENSG00000168538	TRAPPC11	4	183659267	598
ENSG00000173320	STOX2	4	183796331	599
ENSG00000180712	LINC02363	4	184341031	600
ENSG00000168310	IRF2	4	184382741	601
ENSG00000164305	CASP3	4	184627696	602
ENSG00000164306	PRIMPOL	4	184649672	603
ENSG00000151725	CENPU	4	184694085	604
ENSG00000151726	ACSL1	4	184755595	605
ENSG00000249138	SLED1	4	184798296	606
ENSG00000249173	LINC01093	4	184893000	607
ENSG00000151729	SLC25A4	4	185143266	608
ENSG00000164323	CFAP97	4	185151723	609
ENSG00000109762	SNX25	4	185204237	610
ENSG00000109771	LRP2BP	4	185362862	611
ENSG00000186352	ANKRD37	4	185396841	612
ENSG00000109775	UFSP2	4	185399537	613
ENSG00000205129	C4orf47	4	185405227	614
ENSG00000168491	CCDC110	4	185445182	615
ENSG00000154553	PDLIM3	4	185500660	616
ENSG00000154556	SORBS2	4	185585444	617
ENSG00000164342	TLR3	4	186069155	618
ENSG00000109794	FAM149A	4	186104704	619
ENSG00000279943	FLJ38576	4	186189032	620
ENSG00000145476	CYP4V2	4	186191567	621
ENSG00000164344	KLKB1	4	186215714	622
ENSG00000088926	F11	4	186265964	623
ENSG00000251165	F11-AS1	4	186286098	624
ENSG00000083857	FAT1	4	186587789	625
ENSG00000245685	FRG1-DT	4	189764391	626
ENSG00000109536	FRG1	4	189940846	627
ENSG00000164366	CCDC127	5	196868	1
ENSG00000073578	SDHA	5	218223	2
ENSG00000249915	PDCD6	5	271621	3
ENSG00000063438	AHRR	5	304176	4
ENSG00000180104	EXOC3	5	443176	5
ENSG00000066230	SLC9A3	5	470456	6
ENSG00000188242	PP7080	5	470510	7
ENSG00000112877	CEP72	5	612340	8
ENSG00000171368	TPPP	5	659862	9
ENSG00000206077	ZDHHC11B	5	710355	10
ENSG00000188818	ZDHHC11	5	795605	11
ENSG00000028310	BRD9	5	863735	12
ENSG00000113504	SLC12A7	5	1050384	13
ENSG00000249201	TERLR1	5	1173096	14
ENSG00000174358	SLC6A19	5	1201595	15
ENSG00000049656	CLPTM1L	5	1317752	16
ENSG00000153395	LPCAT1	5	1461427	17
ENSG00000291055	SDHAP3	5	1571957	18
ENSG00000171421	MRPL36	5	1798385	19
ENSG00000145494	NDUFS6	5	1801407	20
ENSG00000145536	ADAMTS16	5	5140330	21
ENSG00000286753	LOC101929200	5	5256895	22
ENSG00000164151	ICE1	5	5422673	23
ENSG00000250490	LINC02145	5	6310441	24
ENSG00000133398	MED10	5	6371874	25
ENSG00000215218	UBE2QL1	5	6437347	26
ENSG00000250056	LINC01018	5	6582136	27
ENSG00000037474	NSUN2	5	6599239	28
ENSG00000145545	SRD5A1	5	6633440	29
ENSG00000112941	TENT4A	5	6713432	30
ENSG00000124275	MTRR	5	7851186	31
ENSG00000124279	FASTKD3	5	7859159	32
ENSG00000247516	MIR4458HG	5	8457687	33
ENSG00000112902	SEMA5A	5	9035030	34
ENSG00000251370	SEMA5A-AS1	5	9511333	35
ENSG00000250786	SNHG18	5	9546200	36
ENSG00000150756	ATPSCKMT	5	10225507	37
ENSG00000150753	CCT5	5	10249921	38
ENSG00000164237	CMBL	5	10277595	39
ENSG00000259802	MARCHF6-DT	5	10339378	40
ENSG00000145495	MARCHF6	5	10353693	41
ENSG00000164236	ANKRD33B	5	10564070	42
ENSG00000112977	DAP	5	10679230	43
ENSG00000169862	CTNND2	5	10971836	44
ENSG00000039139	DNAH5	5	13690328	45
ENSG00000038382	TRIO	5	14143342	46
ENSG00000145569	OTULINL	5	14581792	47
ENSG00000154124	OTULIN	5	14660794	48
ENSG00000154122	ANKH	5	14704800	49
ENSG00000183580	FBXL7	5	15500180	50
ENSG00000173545	ZNF622	5	16451519	51
ENSG00000154153	RETREG1	5	16473038	52
ENSG00000145555	MYO10	5	16661907	53
ENSG00000176788	BASP1	5	17216823	54
ENSG00000291102	GUSBP1	5	21459480	55
ENSG00000154162	CDH12	5	21750673	56
ENSG00000248874	LINC02899	5	23951348	57
ENSG00000250337	PURPL	5	27472292	58
ENSG00000113361	CDH6	5	31193686	59
ENSG00000113360	DROSHA	5	31400494	60
ENSG00000082213	C5orf22	5	31532266	61
ENSG00000133401	PDZD2	5	31639131	62
ENSG00000113384	GOLPH3	5	32124711	63
ENSG00000150712	MTMR12	5	32227007	64
ENSG00000056097	ZFR	5	32354350	65
ENSG00000113387	SUB1	5	32531778	66
ENSG00000113389	NPR3	5	32689076	67
ENSG00000251443	LINC02160	5	33229735	68
ENSG00000113407	TARS1	5	33440696	69
ENSG00000151388	ADAMTS12	5	33523535	70
ENSG00000164175	SLC45A2	5	33944623	71
ENSG00000242110	AMACR	5	33986165	72
ENSG00000273294	C1QTNF3-AMACR	5	33986986	73
ENSG00000082196	C1QTNF3	5	34017858	74
ENSG00000039560	RAI14	5	34656303	75
ENSG00000205838	TTC23L	5	34839164	76
ENSG00000113456	RAD1	5	34905260	77
ENSG00000113460	BRIX1	5	34915711	78
ENSG00000168724	DNAJC21	5	34929540	79
ENSG00000113492	AGXT2	5	34998099	80
ENSG00000113494	PRLR	5	35048756	81
ENSG00000152582	SPEF2	5	35617367	82
ENSG00000168685	IL7R	5	35856891	83
ENSG00000145626	UGT3A1	5	35951006	84
ENSG00000168671	UGT3A2	5	36035021	85
ENSG00000164187	LMBRD2	5	36098407	86
ENSG00000145604	SKP2	5	36152043	87
ENSG00000152620	NADK2	5	36192589	88
ENSG00000164188	RANBP3L	5	36246913	89
ENSG00000079215	SLC1A3	5	36606355	90
ENSG00000285967	NIPBL-DT	5	36871361	91
ENSG00000164190	NIPBL	5	36876769	92
ENSG00000197603	CPLANE1	5	37063928	93
ENSG00000113569	NUP155	5	37288137	94
ENSG00000082068	WDR70	5	37379318	95
ENSG00000164318	EGFLAM	5	38258559	96
ENSG00000113594	LIFR	5	38474668	97
ENSG00000244968	LIFR-AS1	5	38556786	98
ENSG00000145623	OSMR	5	38845858	99
ENSG00000164327	RICTOR	5	38937920	100
ENSG00000082074	FYB1	5	39105252	101
ENSG00000113600	C9	5	39284140	102
ENSG00000153071	DAB2	5	39371674	103
ENSG00000171522	PTGER4	5	40679915	104
ENSG00000113638	TTC33	5	40711576	105
ENSG00000132356	PRKAA1	5	40759379	106
ENSG00000145592	RPL37	5	40825262	107
ENSG00000132357	CARD6	5	40841197	108
ENSG00000112936	C7	5	40909497	109
ENSG00000171495	MROH2B	5	40998020	110
ENSG00000039537	C6	5	41142146	111
ENSG00000182836	PLCXD3	5	41306952	112
ENSG00000083720	OXCT1	5	41730065	113
ENSG00000205765	RIMOC1	5	41904313	114
ENSG00000151876	FBXO4	5	41918061	115
ENSG00000112964	GHR	5	42423439	116
ENSG00000198865	CCDC152	5	42756818	117
ENSG00000250722	SELENOP	5	42799880	118
ENSG00000287263	FLJ32255	5	42985398	119
ENSG00000177738	ANXA2R-OT1	5	43014729	120
ENSG00000177721	ANXA2R	5	43039080	121
ENSG00000215068	ANXA2R-AS1	5	43042134	122
ENSG00000172262	ZNF131	5	43120914	123
ENSG00000112972	HMGCS1	5	43287470	124
ENSG00000151882	CCL28	5	43356972	125
ENSG00000151881	TMEM267	5	43444252	126
ENSG00000172244	C5orf34	5	43486699	127
ENSG00000172239	PAIP1	5	43526267	128
ENSG00000112992	NNT	5	43601092	129
ENSG00000070193	FGF10	5	44300247	130
ENSG00000112996	MRPS30	5	44808947	131
ENSG00000170571	EMB	5	50396192	132
ENSG00000151883	PARP8	5	50665831	133
ENSG00000152684	PELO	5	52787916	134
ENSG00000213949	ITGA1	5	52787916	135
ENSG00000164171	ITGA2	5	52989352	136
ENSG00000164172	MOCS2	5	53095679	137
ENSG00000247796	MOCS2-DT	5	53109842	138
ENSG00000134363	FST	5	53480338	139
ENSG00000164258	NDUFS4	5	53560610	140
ENSG00000185305	ARL15	5	53883942	141
ENSG00000178996	SNX18	5	54517759	142
ENSG00000113088	GZMK	5	55024256	143
ENSG00000145649	GZMA	5	55102646	144
ENSG00000164294	GPX8	5	55160155	145
ENSG00000067248	DHX29	5	55256055	146
ENSG00000039123	MTREX	5	55307989	147
ENSG00000067113	PLPP1	5	55424842	148
ENSG00000265135	MIR5687	5	55508850	149
ENSG00000177058	SLC38A9	5	55625845	150
ENSG00000134352	IL6ST	5	55935095	151
ENSG00000164512	ANKRD55	5	56099680	152
ENSG00000095015	MAP3K1	5	56815543	153
ENSG00000155542	SETD9	5	56909260	154
ENSG00000155545	MIER3	5	56919602	155
ENSG00000062194	GPBP1	5	57173948	156
ENSG00000287709	LOC101928505	5	57650660	157
ENSG00000249584	LINC02225	5	57890331	158
ENSG00000145632	PLK2	5	58453982	159
ENSG00000175857	GAPT	5	58491435	160
ENSG00000152932	RAB3C	5	58582152	161
ENSG00000113448	PDE4D	5	58969038	162
ENSG00000035499	DEPDC1B	5	60596912	163
ENSG00000164181	ELOVL7	5	60751789	164
ENSG00000049167	ERCC8	5	60873832	165
ENSG00000164182	NDUFAF2	5	60945205	166
ENSG00000188725	SMIM15	5	61157704	167
ENSG00000130449	ZSWIM6	5	61332258	168
ENSG00000068796	KIF2A	5	62306162	169
ENSG00000086189	DIMT1	5	62387254	170
ENSG00000086200	IPO11	5	62412746	171
ENSG00000186105	LRRC70	5	62578819	172
ENSG00000164197	RNF180	5	64165311	173
ENSG00000186479	RGS7BP	5	64505947	174
ENSG00000153006	SREK1IP1	5	64718148	175
ENSG00000153015	CWC27	5	64768918	176
ENSG00000049192	ADAMTS6	5	65148736	177
ENSG00000123219	CENPK	5	65488919	178
ENSG00000113593	PPWD1	5	65563239	179
ENSG00000113595	TRIM23	5	65589690	180
ENSG00000113597	TRAPPC13	5	65624731	181
ENSG00000253251	SHLD3	5	65625027	182
ENSG00000197860	SGTB	5	65665928	183
ENSG00000123213	NLN	5	65722205	184
ENSG00000112851	ERBIN	5	65926554	185
ENSG00000153914	SREK1	5	66144300	186
ENSG00000069020	MAST4	5	66596354	187
ENSG00000134061	CD180	5	67179613	188
ENSG00000249364	LINC02997	5	67793213	189
ENSG00000145675	PIK3R1	5	68215737	190
ENSG00000145740	SLC30A5	5	69093993	191
ENSG00000134057	CCNB1	5	69167010	192
ENSG00000153044	CENPH	5	69189583	193
ENSG00000134056	MRPS36	5	69217760	194
ENSG00000134058	CDK7	5	69234795	195
ENSG00000183323	CCDC125	5	69273087	196
ENSG00000085231	AK6	5	69350984	197
ENSG00000273841	TAF9	5	69364743	198
ENSG00000152942	RAD17	5	69369297	199
ENSG00000152939	MARVELD2	5	69415116	200
ENSG00000197822	OCLN	5	69492547	201
ENSG00000183474	GTF2H2C	5	69560136	202
ENSG00000290560	GUSBP3	5	69639463	203
ENSG00000205572	SERF1B	5	70025251	204
ENSG00000205571	SMN2	5	70049523	205
ENSG00000172058	SERF1A	5	70900663	206
ENSG00000172062	SMN1	5	70924941	207
ENSG00000249437	NAIP	5	70968483	208
ENSG00000145736	GTF2H2	5	71035124	209
ENSG00000290836	PMCHL2	5	71375785	210
ENSG00000145734	BDP1	5	71455636	211
ENSG00000131844	MCCC2	5	71587340	212
ENSG00000131711	MAP1B	5	72107475	213
ENSG00000113048	MRPS27	5	72219403	214
ENSG00000049883	PTCD2	5	72320367	215
ENSG00000178175	ZNF366	5	72439903	216
ENSG00000083312	TNPO1	5	72816591	217
ENSG00000157107	FCHO2	5	72956041	218
ENSG00000145741	BTF3	5	73498425	219
ENSG00000164331	ANKRA2	5	73552190	220
ENSG00000164338	UTP15	5	73565741	221
ENSG00000214944	ARHGEF28	5	73626158	222
ENSG00000171617	ENC1	5	74627406	223
ENSG00000049860	HEXB	5	74640023	224
ENSG00000164347	GFM2	5	74721206	225
ENSG00000164346	NSA2	5	74767249	226
ENSG00000198780	FAM169A	5	74777574	227
ENSG00000176928	GCNT4	5	75016979	228
ENSG00000145700	ANKRD31	5	75068297	229
ENSG00000113161	HMGCR	5	75336334	230
ENSG00000113163	CERT1	5	75368486	231
ENSG00000122008	POLK	5	75511308	232
ENSG00000189045	ANKDD1B	5	75611289	233
ENSG00000152359	POC5	5	75674124	234
ENSG00000145703	IQGAP2	5	76403285	235
ENSG00000249713	LOC101929109	5	76606608	236
ENSG00000164220	F2RL2	5	76615482	237
ENSG00000181104	F2R	5	76716126	238
ENSG00000164251	F2RL1	5	76819030	239
ENSG00000171643	S100Z	5	76849953	240
ENSG00000145708	CRHBP	5	76952855	241
ENSG00000164252	AGGF1	5	77030404	242
ENSG00000132846	ZBED3	5	77072072	243
ENSG00000238961	SNORA47	5	77080434	244
ENSG00000250802	ZBED3-AS1	5	77086798	245
ENSG00000113231	PDE8B	5	77180252	246
ENSG00000164253	WDR41	5	77426652	247
ENSG00000171530	TBCA	5	77691166	248
ENSG00000132842	AP3B1	5	78000522	249
ENSG00000245556	SCAMP1-AS1	5	78358764	250
ENSG00000085365	SCAMP1	5	78360530	251
ENSG00000145685	LHFPL2	5	78485224	252
ENSG00000113273	ARSB	5	78777209	253
ENSG00000132837	DMGDH	5	78997564	254
ENSG00000132840	BHMT2	5	79069767	255
ENSG00000145692	BHMT	5	79111809	256
ENSG00000152409	JMY	5	79236131	257
ENSG00000152413	HOMER1	5	79372636	258
ENSG00000164329	TENT2	5	79612417	259
ENSG00000164309	CMYA5	5	79689339	260
ENSG00000177034	MTX3	5	79976716	261
ENSG00000113296	THBS4	5	79991296	262
ENSG00000249825	THBS4-AS1	5	80066349	263
ENSG00000164300	SERINC5	5	80111225	264
ENSG00000039319	ZFYVE16	5	80407615	265
ENSG00000152380	FAM151B	5	80488069	266
ENSG00000228716	DHFR	5	80626226	267
ENSG00000113318	MSH3	5	80654652	268
ENSG00000113319	RASGRF2	5	80960363	269
ENSG00000131730	CKMT2	5	81227595	270
ENSG00000247572	CKMT2-AS1	5	81237565	271
ENSG00000131732	ZCCHC9	5	81301583	272
ENSG00000172497	ACOT12	5	81309045	273
ENSG00000145687	SSBP2	5	81412807	274
ENSG00000152348	ATG10	5	81972021	275
ENSG00000186468	RPS23	5	82273320	276
ENSG00000174695	TMEM167A	5	83052846	277
ENSG00000152422	XRCC4	5	83077409	278
ENSG00000038427	VCAN	5	83471674	279
ENSG00000164176	EDIL3	5	83940554	280
ENSG00000127184	COX7C	5	86617941	281
ENSG00000145715	RASA1	5	87267845	282
ENSG00000134480	CCNH	5	87311471	283
ENSG00000164180	TMEM161B	5	88179300	284
ENSG00000247828	TMEM161B-DT	5	88268882	285
ENSG00000245864	MEF2C-AS2	5	88676218	286
ENSG00000081189	MEF2C	5	88717117	287
ENSG00000248309	MEF2C-AS1	5	88883330	288
ENSG00000153140	CETN3	5	90393335	289
ENSG00000176055	MBLAC2	5	90458209	290
ENSG00000113356	POLR3G	5	90473929	291
ENSG00000176018	LYSMD3	5	90515626	292
ENSG00000164199	ADGRV1	5	90558796	293
ENSG00000113369	ARRDC3	5	91368631	294
ENSG00000281357	ARRDC3-AS1	5	91380347	295
ENSG00000237187	NR2F1-AS1	5	93409356	296
ENSG00000175745	NR2F1	5	93583222	297
ENSG00000113391	FAM172A	5	93615130	298
ENSG00000248483	POU5F2	5	93733220	299
ENSG00000185261	KIAA0825	5	94150856	300
ENSG00000133302	SLF1	5	94613476	301
ENSG00000175471	MCTP1	5	94703690	302
ENSG00000198677	SKIC3	5	95463895	303
ENSG00000164291	ARSK	5	95555101	304
ENSG00000175449	RFESD	5	95646744	305
ENSG00000145757	SPATA9	5	95652181	306
ENSG00000164292	RHOBTB3	5	95713522	307
ENSG00000173221	GLRX	5	95813849	308
ENSG00000236882	LINC01554	5	95852232	309
ENSG00000118985	ELL2	5	95885098	310
ENSG00000251314	LOC101929710	5	95962001	311
ENSG00000175426	PCSK1	5	96390333	312
ENSG00000153113	CAST	5	96662037	313
ENSG00000164307	ERAP1	5	96760273	314
ENSG00000164308	ERAP2	5	96875939	315
ENSG00000113441	LNPEP	5	96934859	316
ENSG00000058729	RIOK2	5	97160867	317
ENSG00000174136	RGMB	5	98768632	318
ENSG00000153922	CHD1	5	98855204	319
ENSG00000249787	LOC105379100	5	100396229	320
ENSG00000174132	FAM174A	5	100535347	321
ENSG00000113532	ST8SIA4	5	100806933	322
ENSG00000173930	SLCO4C1	5	102233986	323
ENSG00000145730	PAM	5	102754783	324
ENSG00000145723	GIN1	5	103086000	325
ENSG00000145725	PPIP5K2	5	103120273	326
ENSG00000181751	MACIR	5	103258763	327
ENSG00000112874	NUDT12	5	103548855	328
ENSG00000184349	EFNA5	5	107376889	329
ENSG00000145743	FBXL17	5	107859035	330
ENSG00000151422	FER	5	108746085	331
ENSG00000249476	LOC285638	5	109237134	332
ENSG00000198961	PJA2	5	109334709	333
ENSG00000112893	MAN2A1	5	109689366	334
ENSG00000186952	TMEM232	5	110387255	335
ENSG00000164209	SLC25A46	5	110738145	336
ENSG00000145777	TSLP	5	111070080	337
ENSG00000134987	WDR36	5	111092172	338
ENSG00000152495	CAMK4	5	111223583	339
ENSG00000164211	STARD4	5	111491422	340
ENSG00000246859	STARD4-AS1	5	111512226	341
ENSG00000134986	NREP	5	111728802	342
ENSG00000129595	EPB41L4A	5	112141829	343
ENSG00000238363	SNORA13	5	112161485	344
ENSG00000134982	APC	5	112707498	345
ENSG00000153037	SRP19	5	112861188	346
ENSG00000129625	REEP5	5	112876385	347
ENSG00000172795	DCP2	5	112976702	348
ENSG00000171444	MCC	5	113022101	349
ENSG00000047188	YTHDC2	5	113513683	350
ENSG00000080709	KCNN2	5	114055978	351
ENSG00000152503	TRIM36	5	115124772	352
ENSG00000164219	PGGT1B	5	115200247	353
ENSG00000164221	CCDC112	5	115267188	354
ENSG00000145780	FEM1C	5	115520908	355
ENSG00000243414	TICAM2	5	115578496	356
ENSG00000251201	TMED7-TICAM2	5	115578496	357
ENSG00000134970	TMED7	5	115613210	358
ENSG00000129596	CDO1	5	115804733	359
ENSG00000145782	ATG12	5	115828200	360
ENSG00000177879	AP3S1	5	115841606	361
ENSG00000145781	COMMD10	5	116085025	362
ENSG00000092421	SEMA6A	5	116443555	363
ENSG00000248445	SEMA6A-AS1	5	116447498	364
ENSG00000169570	DTWD2	5	118836074	365
ENSG00000283498	MIR1244-2	5	118974586	366
ENSG00000172869	DMXL1	5	119071002	367
ENSG00000145779	TNFAIP8	5	119268759	368
ENSG00000133835	HSD17B4	5	119452497	369
ENSG00000184838	PRR16	5	120464222	370
ENSG00000151304	SRFBP1	5	121961975	371
ENSG00000113083	LOX	5	122063195	372
ENSG00000064692	SNCAIP	5	122311354	373
ENSG00000250328	MGC32805	5	122436497	374
ENSG00000205302	SNX2	5	122774996	375
ENSG00000064652	SNX24	5	122845449	376
ENSG00000168938	PPIC	5	123023250	377
ENSG00000061455	PRDM6	5	123089148	378
ENSG00000168944	CEP120	5	123344885	379
ENSG00000151292	CSNK1G3	5	123512099	380
ENSG00000168916	ZNF608	5	124636913	381
ENSG00000155324	GRAMD2B	5	126360120	382
ENSG00000164904	ALDH7A1	5	126541841	383
ENSG00000164902	PHAX	5	126600947	384
ENSG00000113368	LMNB1	5	126776623	385
ENSG00000173926	MARCHF3	5	126867714	386
ENSG00000164241	C5orf63	5	127038454	387
ENSG00000145794	MEGF10	5	127229519	388
ENSG00000164244	PRRC1	5	127517624	389
ENSG00000245937	SLC12A2-DT	5	127940440	390
ENSG00000064651	SLC12A2	5	128083766	391
ENSG00000138829	FBN2	5	128257909	392
ENSG00000066583	ISOC1	5	129094749	393
ENSG00000198108	CHSY3	5	129903384	394
ENSG00000169567	HINT1	5	131159027	395
ENSG00000186687	LYRM7	5	131170944	396
ENSG00000158985	CDC42SE2	5	131264009	397
ENSG00000158987	RAPGEF6	5	131423921	398
ENSG00000217128	FNIP1	5	131641714	399
ENSG00000164398	ACSL6	5	131949973	400
ENSG00000072682	P4HA2	5	132190147	401
ENSG00000197208	SLC22A4	5	132294384	402
ENSG00000233006	MIR3936HG	5	132311276	403
ENSG00000263597	MIR3936	5	132365490	404
ENSG00000197375	SLC22A5	5	132369704	405
ENSG00000125347	IRF1	5	132481609	406
ENSG00000113525	IL5	5	132539194	407
ENSG00000113522	RAD50	5	132556977	408
ENSG00000223442	TH2LCRR	5	132630589	409
ENSG00000131437	KIF3A	5	132688808	410
ENSG00000164402	SEPTIN8	5	132750819	411
ENSG00000198944	SOWAHA	5	132813302	412
ENSG00000164403	SHROOM1	5	132822141	413
ENSG00000164404	GDF9	5	132861181	414
ENSG00000164405	UQCRQ	5	132866642	415
ENSG00000164406	LEAP2	5	132873668	416
ENSG00000072364	AFF4	5	132875381	417
ENSG00000155329	ZCCHC10	5	132996985	418
ENSG00000170606	HSPA4	5	133052013	419
ENSG00000113583	C5orf15	5	133955510	420
ENSG00000213585	VDAC1	5	133971871	421
ENSG00000081059	TCF7	5	134114681	422
ENSG00000113558	SKP1	5	134148935	423
ENSG00000113575	PPP2CA	5	134194332	424
ENSG00000266751	MIR3661	5	134225757	425
ENSG00000006837	CDKL3	5	134236120	426
ENSG00000119048	UBE2B	5	134371569	427
ENSG00000237190	CDKN2AIPNL	5	134402065	428
ENSG00000251169	LINC01843	5	134506552	429
ENSG00000043143	JADE2	5	134524153	430
ENSG00000152700	SAR1B	5	134601149	431
ENSG00000113615	SEC24A	5	134647757	432
ENSG00000164615	CAMLG	5	134738548	433
ENSG00000145833	DDX46	5	134758778	434
ENSG00000181904	C5orf24	5	134833603	435
ENSG00000113621	TXNDC15	5	134873770	436
ENSG00000132570	PCBD2	5	134905131	437
ENSG00000152705	CATSPER3	5	134967907	438
ENSG00000224186	PITX1-AS1	5	135033274	439
ENSG00000113648	MACROH2A1	5	135334381	440
ENSG00000255833	TIFAB	5	135444226	441
ENSG00000145824	CXCL14	5	135570679	442
ENSG00000145832	SLC25A48	5	135579165	443
ENSG00000145826	LECT2	5	135946904	444
ENSG00000120708	TGFBI	5	136028988	445
ENSG00000164621	SMAD5-AS1	5	136129513	446
ENSG00000113658	SMAD5	5	136132845	447
ENSG00000146021	KLHL3	5	137617500	448
ENSG00000177733	HNRNPA0	5	137745651	449
ENSG00000226306	NPY6R	5	137801193	450
ENSG00000120729	MYOT	5	137867282	451
ENSG00000078795	PKD2L2	5	137889411	452
ENSG00000031003	FAM13B	5	137937909	453
ENSG00000112983	BRD8	5	138139770	454
ENSG00000112984	KIF20A	5	138179112	455
ENSG00000094880	CDC23	5	138187650	456
ENSG00000120733	KDM3B	5	138352685	457
ENSG00000120738	EGR1	5	138465479	458
ENSG00000120705	ETF1	5	138506093	459
ENSG00000113013	HSPA9	5	138553756	460
ENSG00000222937	SNORD63B	5	138558969	461
ENSG00000044115	CTNNA1	5	138753386	462
ENSG00000146006	LRRTM2	5	138868921	463
ENSG00000120725	SIL1	5	138946724	464
ENSG00000015479	MATR3	5	139273752	465
ENSG00000200959	SNORA74A	5	139278780	466
ENSG00000120727	PAIP2	5	139341832	467
ENSG00000170482	SLC23A1	5	139367196	468
ENSG00000170476	MZB1	5	139387467	469
ENSG00000170469	SPATA24	5	139395269	470
ENSG00000170464	DNAJC18	5	139410203	471
ENSG00000249751	ECSCR	5	139448560	472
ENSG00000184584	STING1	5	139475533	473
ENSG00000131508	UBE2D2	5	139561166	474
ENSG00000171604	CXXC5	5	139647299	475
ENSG00000146005	PSD2	5	139711263	476
ENSG00000185129	PURA	5	140114109	477
ENSG00000182700	IGIP	5	140125937	478
ENSG00000254363	LOC101929719	5	140157319	479
ENSG00000120306	CYSTM1	5	140175188	480
ENSG00000113068	PFDN1	5	140245035	481
ENSG00000113070	HBEGF	5	140332843	482
ENSG00000131503	ANKHD1	5	140401814	483
ENSG00000254996	ANKHD1-EIF4EBP3	5	140401814	484
ENSG00000243056	EIF4EBP3	5	140547662	485
ENSG00000213523	SRA1	5	140550067	486
ENSG00000113108	APBB3	5	140558268	487
ENSG00000176087	SLC35A4	5	140564565	488
ENSG00000113119	TMCO6	5	140596529	489
ENSG00000170458	CD14	5	140631728	490
ENSG00000131495	NDUFA2	5	140645363	491
ENSG00000113141	IK	5	140647818	492
ENSG00000120314	WDR55	5	140664799	493
ENSG00000256453	DND1	5	140670794	494
ENSG00000170445	HARS1	5	140673904	495
ENSG00000112855	HARS2	5	140691444	496
ENSG00000146007	ZMAT2	5	140700447	497
ENSG00000204967	PCDHA4	5	140807068	498
ENSG00000250120	PCDHA10	5	140855897	499
ENSG00000239389	PCDHA13	5	140882124	500
ENSG00000248383	PCDHAC1	5	140926717	501
ENSG00000243232	PCDHAC2	5	140966476	502
ENSG00000081818	PCDHB4	5	141121818	503
ENSG00000113209	PCDHB5	5	141135206	504
ENSG00000272674	PCDHB16	5	141181690	505
ENSG00000177839	PCDHB9	5	141187161	506
ENSG00000197479	PCDHB11	5	141199627	507
ENSG00000120328	PCDHB12	5	141208719	508
ENSG00000187372	PCDHB13	5	141213919	509
ENSG00000120327	PCDHB14	5	141222326	510
ENSG00000290894	PCDHB18P	5	141234333	511
ENSG00000113248	PCDHB15	5	141245395	512
ENSG00000178913	TAF7	5	141318490	513
ENSG00000204956	PCDHGA1	5	141330685	514
ENSG00000081853	PCDHGA2	5	141338760	515
ENSG00000254245	PCDHGA3	5	141343829	516
ENSG00000254221	PCDHGB1	5	141350261	517
ENSG00000262576	PCDHGA4	5	141355021	518
ENSG00000253910	PCDHGB2	5	141360136	519
ENSG00000253485	PCDHGA5	5	141364331	520
ENSG00000262209	PCDHGB3	5	141370242	521
ENSG00000253731	PCDHGA6	5	141373891	522
ENSG00000253537	PCDHGA7	5	141382742	523
ENSG00000253953	PCDHGB4	5	141387885	524
ENSG00000253767	PCDHGA8	5	141391916	525
ENSG00000276547	PCDHGB5	5	141398128	526
ENSG00000261934	PCDHGA9	5	141402953	527
ENSG00000253305	PCDHGB6	5	141408203	528
ENSG00000253846	PCDHGA10	5	141413176	529
ENSG00000254122	PCDHGB7	5	141417677	530
ENSG00000253873	PCDHGA11	5	141421051	531
ENSG00000248449	PCDHGB8P	5	141426286	532
ENSG00000253159	PCDHGA12	5	141430507	533
ENSG00000240184	PCDHGC3	5	141475966	534
ENSG00000242419	PCDHGC4	5	141485174	535
ENSG00000240764	PCDHGC5	5	141489081	536
ENSG00000131504	DIAPH1	5	141515016	537
ENSG00000246422	DIAPH1-AS1	5	141558311	538
ENSG00000171720	HDAC3	5	141620876	539
ENSG00000197948	FCHSD1	5	141639302	540
ENSG00000120318	ARAP3	5	141653401	541
ENSG00000156453	PCDH1	5	141850393	542
ENSG00000081791	DELE1	5	141923871	543
ENSG00000113555	PCDH12	5	141943585	544
ENSG00000013561	RNF14	5	141966807	545
ENSG00000113552	GNPDA1	5	142000671	546
ENSG00000131507	NDFIP1	5	142108779	547
ENSG00000187678	SPRY4	5	142310435	548
ENSG00000113578	FGF1	5	142592178	549
ENSG00000145819	ARHGAP26	5	142770370	550
ENSG00000113580	NR3C1	5	143277931	551
ENSG00000145817	YIPF5	5	144158162	552
ENSG00000183775	KCTD16	5	144170723	553
ENSG00000186314	PRELID2	5	145587325	554
ENSG00000156463	SH3RF2	5	145936570	555
ENSG00000173261	PLAC8L1	5	146084149	556
ENSG00000133706	LARS1	5	146113026	557
ENSG00000091009	RBM27	5	146203550	558
ENSG00000113649	TCERG1	5	146447330	559
ENSG00000156475	PPP2R2B	5	146580742	560
ENSG00000169302	STK32A	5	147234963	561
ENSG00000113657	DPYSL3	5	147390808	562
ENSG00000280780	JAKMIP2-AS1	5	147559994	563
ENSG00000176049	JAKMIP2	5	147585438	564
ENSG00000164266	SPINK1	5	147824580	565
ENSG00000247199	FBXO38-DT	5	148268307	566
ENSG00000145879	SPINK7	5	148312423	567
ENSG00000204909	SPINK9	5	148323219	568
ENSG00000145868	FBXO38	5	148383935	569
ENSG00000169252	ADRB2	5	148826593	570
ENSG00000169247	SH3TC2	5	148982150	571
ENSG00000173210	ABLIM3	5	149141447	572
ENSG00000157510	AFAP1L1	5	149271838	573
ENSG00000164284	GRPEL2	5	149345499	574
ENSG00000145882	PCYOX1L	5	149358022	575
ENSG00000113712	CSNK1A1	5	149492982	576
ENSG00000183111	ARHGEF37	5	149552057	577
ENSG00000155846	PPARGC1B	5	149730302	578
ENSG00000155850	SLC26A2	5	149960758	579
ENSG00000164296	TIGD6	5	149993118	580
ENSG00000113716	HMGXB3	5	150000611	581
ENSG00000182578	CSF1R	5	150053291	582
ENSG00000113721	PDGFRB	5	150113839	583
ENSG00000070814	TCOF1	5	150357639	584
ENSG00000019582	CD74	5	150400041	585
ENSG00000164587	RPS14	5	150442635	586
ENSG00000070614	NDST1	5	150497779	587
ENSG00000171992	SYNPO	5	150586026	588
ENSG00000086589	RBM22	5	150690792	589
ENSG00000132912	DCTN4	5	150708747	590
ENSG00000256235	SMIM3	5	150777946	591
ENSG00000145908	ZNF300	5	150892958	592
ENSG00000291115	ZNF300P1	5	150930436	593
ENSG00000211445	GPX3	5	151020591	594
ENSG00000145901	TNIP1	5	151029943	595
ENSG00000197043	ANXA6	5	151100706	596
ENSG00000198624	CCDC69	5	151181052	597
ENSG00000196743	GM2A	5	151253185	598
ENSG00000123643	SLC36A1	5	151411344	599
ENSG00000086570	FAT2	5	151504092	600
ENSG00000113140	SPARC	5	151661096	601
ENSG00000249035	CLMAT3	5	151676945	602
ENSG00000177556	ATOX1	5	151742822	603
ENSG00000275765	LOC100652758	5	151769793	604
ENSG00000145907	G3BP1	5	151771954	605
ENSG00000055147	FAM114A2	5	153990148	606
ENSG00000037749	MFAP3	5	154038967	607
ENSG00000164574	GALNT10	5	154190733	608
ENSG00000245275	SAP30L-AS1	5	154389769	609
ENSG00000164576	SAP30L	5	154445969	610
ENSG00000155506	LARP1	5	154682979	611
ENSG00000170271	FAXDC2	5	154817018	612
ENSG00000263361	MIR378H	5	154829458	613
ENSG00000155508	CNOT8	5	154857952	614
ENSG00000082516	GEMIN5	5	154887411	615
ENSG00000082515	MRPL22	5	154941073	616
ENSG00000170624	SGCD	5	155728636	617
ENSG00000145850	TIMD4	5	156919292	618
ENSG00000135077	HAVCR2	5	157085832	619
ENSG00000155868	MED7	5	157137424	620
ENSG00000113263	ITK	5	157180896	621
ENSG00000055163	CYFIP2	5	157266091	622
ENSG00000172568	FNDC9	5	157341598	623
ENSG00000135074	ADAM19	5	157477304	624
ENSG00000113272	THG1L	5	157731420	625
ENSG00000155858	LSM11	5	157743712	626
ENSG00000113282	CLINT1	5	157785747	627
ENSG00000164330	EBF1	5	158695918	628
ENSG00000145860	RNF145	5	159157409	629
ENSG00000164332	UBLCP1	5	159263290	630
ENSG00000253311	LINC01847	5	159776772	631
ENSG00000170214	ADRA1B	5	159916482	632
ENSG00000113312	TTC1	5	160009100	633
ENSG00000170234	PWWP2A	5	160043538	634
ENSG00000135083	CCNJL	5	160249106	635
ENSG00000221886	FAM200C	5	160393148	636
ENSG00000164609	SLU7	5	160401641	637
ENSG00000253522	MIR3142HG	5	160468251	638
ENSG00000118322	ATP10B	5	160563120	639
ENSG00000113328	CCNG1	5	163437571	640
ENSG00000170584	NUDCD2	5	163446526	641
ENSG00000072571	HMMR	5	163460632	642
ENSG00000038274	MAT2B	5	163503064	643
ENSG00000145934	TENM2	5	166979066	644
ENSG00000113645	WWC1	5	168291645	645
ENSG00000113643	RARS1	5	168486471	646
ENSG00000120137	PANK3	5	168548495	647
ENSG00000184347	SLIT3	5	168661740	648
ENSG00000040275	SPDL1	5	169583661	649
ENSG00000134516	DOCK2	5	169637247	650
ENSG00000204767	INSYN2B	5	169861303	651
ENSG00000234511	C5orf58	5	170232446	652
ENSG00000043462	LCP2	5	170246233	653
ENSG00000145936	KCNMB1	5	170374671	654
ENSG00000094755	GABRP	5	170782841	655
ENSG00000204764	RANBP17	5	170862018	656
ENSG00000181163	NPM1	5	171387116	657
ENSG00000072803	FBXW11	5	171861549	658
ENSG00000072786	STK10	5	172042074	659
ENSG00000168246	UBTD2	5	172209645	660
ENSG00000174705	SH3PXD2B	5	172325181	661
ENSG00000214357	NEURL1B	5	172641263	662
ENSG00000120129	DUSP1	5	172768096	663
ENSG00000113719	ERGIC1	5	172834251	664
ENSG00000037241	RPL26L1	5	172953677	665
ENSG00000113732	ATP6V0E1	5	172983771	666
ENSG00000212402	SNORA74B	5	173020726	667
ENSG00000164463	CREBRF	5	173056349	668
ENSG00000113734	BNIP1	5	173144447	669
ENSG00000253955	LINC02995	5	173579634	670
ENSG00000145919	BOD1	5	173607145	671
ENSG00000254211	LINC01485	5	173786790	672
ENSG00000113742	CPEB4	5	173888328	673
ENSG00000184845	DRD1	5	175440036	674
ENSG00000164466	SFXN1	5	175478560	675
ENSG00000113749	HRH2	5	175657762	676
ENSG00000051596	THOC3	5	175959531	677
ENSG00000248596	LOC643201	5	176143085	678
ENSG00000170085	SIMC1	5	176238359	679
ENSG00000122203	KIAA1191	5	176346061	680
ENSG00000175414	ARL10	5	176365468	681
ENSG00000048162	NOP16	5	176383937	682
ENSG00000146066	HIGD2A	5	176388751	683
ENSG00000175416	CLTB	5	176392452	684
ENSG00000113194	FAF2	5	176448328	685
ENSG00000146083	RNF44	5	176526704	686
ENSG00000074276	CDHR2	5	176542511	687
ENSG00000048140	TSPAN17	5	176647484	688
ENSG00000160883	HK3	5	176880869	689
ENSG00000087206	UIMC1	5	176905005	690
ENSG00000113761	ZNF346	5	177022680	691
ENSG00000160867	FGFR4	5	177086915	692
ENSG00000165671	NSD1	5	177131835	693
ENSG00000169228	RAB24	5	177301190	694
ENSG00000169230	PRELID1	5	177303799	695
ENSG00000213347	MXD3	5	177305499	696
ENSG00000169223	LMAN2	5	177331567	697
ENSG00000169220	RGS14	5	177357672	698
ENSG00000131183	SLC34A1	5	177384434	699
ENSG00000131187	F12	5	177402138	700
ENSG00000198055	GRK6	5	177426496	701
ENSG00000131188	PRR7	5	177445936	702
ENSG00000113758	DBN1	5	177456592	703
ENSG00000196923	PDLIM7	5	177483394	704
ENSG00000146094	DOK3	5	177501904	705
ENSG00000183258	DDX41	5	177511577	706
ENSG00000146067	FAM193B	5	177519788	707
ENSG00000184840	TMED9	5	177592203	708
ENSG00000027847	B4GALT7	5	177600102	709
ENSG00000170074	FAM153A	5	177694247	710
ENSG00000291113	LOC728554	5	177875261	711
ENSG00000145916	RMND5B	5	178130532	712
ENSG00000145912	NHP2	5	178149463	713
ENSG00000197451	HNRNPAB	5	178204533	714
ENSG00000175309	PHYKPL	5	178207144	715
ENSG00000113240	CLK4	5	178602664	716
ENSG00000169131	ZNF354A	5	178711512	717
ENSG00000178338	ZNF354B	5	178859953	718
ENSG00000198939	ZFP2	5	178895913	719
ENSG00000178187	ZNF454	5	178941198	720
ENSG00000234284	ZNF879	5	179023759	721
ENSG00000177932	ZNF354C	5	179060373	722
ENSG00000087116	ADAMTS2	5	179110853	723
ENSG00000176783	RUFY1	5	179550551	724
ENSG00000244945	RUFY1-AS1	5	179595904	725
ENSG00000169045	HNRNPH1	5	179614178	726
ENSG00000127022	CANX	5	179678646	727
ENSG00000161021	MAML1	5	179732822	728
ENSG00000161013	MGAT4B	5	179797597	729
ENSG00000161011	SQSTM1	5	179806393	730
ENSG00000161010	MRNIP	5	179837276	731
ENSG00000245317	MRNIP-DT	5	179859003	732
ENSG00000197226	TBC1D9B	5	179862071	733
ENSG00000113269	RNF130	5	179911651	734
ENSG00000050748	MAPK9	5	180233143	735
ENSG00000131459	GFPT2	5	180300698	736
ENSG00000113300	CNOT6	5	180494373	737
ENSG00000037280	FLT4	5	180601506	738
ENSG00000131446	MGAT1	5	180784780	739
ENSG00000278970	HEIH	5	180829954	740
ENSG00000245060	LINC00847	5	180830957	741
ENSG00000196670	ZFP62	5	180843580	742
ENSG00000165810	BTNL9	5	181039872	743
ENSG00000146054	TRIM7	5	181193924	744
ENSG00000146063	TRIM41	5	181223265	745
ENSG00000204628	RACK1	5	181236897	746
ENSG00000233937	CTC-338M12.4	5	181246541	747
ENSG00000183718	TRIM52	5	181249959	748
ENSG00000248275	TRIM52-AS1	5	181261212	749
ENSG00000230178	OR4F3	5	181342142	750
ENSG00000112679	DUSP22	6	292057	1
ENSG00000137265	IRF4	6	391752	2
ENSG00000112685	EXOC2	6	485138	3
ENSG00000054598	FOXC1	6	1609915	4
ENSG00000112699	GMDS	6	1623800	5
ENSG00000250903	GMDS-DT	6	2245753	6
ENSG00000145949	MYLK4	6	2663629	7
ENSG00000124535	WRNIP1	6	2765341	8
ENSG00000021355	SERPINB1	6	2832332	9
ENSG00000170542	SERPINB9	6	2887270	10
ENSG00000124570	SERPINB6	6	2948159	11
ENSG00000124588	NQO2	6	2999816	12
ENSG00000137275	RIPK1	6	3063967	13
ENSG00000137274	BPHL	6	3118376	14
ENSG00000137267	TUBB2A	6	3153666	15
ENSG00000137285	TUBB2B	6	3224277	16
ENSG00000180822	PSMG4	6	3254325	17
ENSG00000137266	SLC22A23	6	3268973	18
ENSG00000228793	LOC100507336	6	3593531	19
ENSG00000168994	PXDC1	6	3722602	20
ENSG00000145945	FAM50B	6	3831901	21
ENSG00000112739	PRPF4B	6	4021300	22
ENSG00000185689	TEX56P	6	4079197	23
ENSG00000198721	ECI2	6	4115693	24
ENSG00000153046	CDYL	6	4706138	25
ENSG00000124787	RPP40	6	4992405	26
ENSG00000272142	LYRM4-AS1	6	5003816	27
ENSG00000214113	LYRM4	6	5031029	28
ENSG00000219607	PPP1R3G	6	5085341	29
ENSG00000145982	FARS2	6	5261001	30
ENSG00000269985	FARS2-AS1	6	5452468	31
ENSG00000270174	LOC101927950	6	5664985	32
ENSG00000124785	NRN1	6	5997999	33
ENSG00000124491	F13A1	6	6144084	34
ENSG00000112799	LY86	6	6588639	35
ENSG00000124782	RREB1	6	7107743	36
ENSG00000124783	SSR1	6	7281143	37
ENSG00000124784	RIOK1	6	7389808	38
ENSG00000096696	DSP	6	7541671	39
ENSG00000168566	SNRNP48	6	7590198	40
ENSG00000153162	BMP6	6	7726099	41
ENSG00000259040	BLOC1S5-TXNDC5	6	7881250	42
ENSG00000239264	TXNDC5	6	7881514	43
ENSG00000188428	BLOC1S5	6	8013567	44
ENSG00000124802	EEF1E1	6	8073360	45
ENSG00000124786	SLC35B3	6	8411435	46
ENSG00000285219	LOC100506207	6	8435623	47
ENSG00000111846	GCNT2	6	10521283	48
ENSG00000111845	PAK1IP1	6	10690865	49
ENSG00000111843	TMEM14C	6	10722915	50
ENSG00000137210	TMEM14B	6	10747759	51
ENSG00000111837	MAK	6	10762723	52
ENSG00000153157	SYCP2L	6	10887052	53
ENSG00000197977	ELOVL2	6	10980759	54
ENSG00000230314	ELOVL2-AS1	6	11043758	55
ENSG00000224531	SMIM13	6	11093834	56
ENSG00000244476	ERVFRD-1	6	11102489	57
ENSG00000111859	NEDD9	6	11183298	58
ENSG00000205269	TMEM170B	6	11537749	59
ENSG00000111863	ADTRP	6	11713523	60
ENSG00000095951	HIVEP1	6	12002096	61
ENSG00000078401	EDN1	6	12256463	62
ENSG00000112137	PHACTR1	6	12716635	63
ENSG00000145979	TBC1D7-LOC100130357	6	13266542	64
ENSG00000215022	LOC100130357	6	13273094	65
ENSG00000145990	GFOD1	6	13357830	66
ENSG00000124523	SIRT5	6	13574217	67
ENSG00000225921	NOL7	6	13615327	68
ENSG00000010017	RANBP9	6	13621498	69
ENSG00000050393	MCUR1	6	13786549	70
ENSG00000112149	CD83	6	14117256	71
ENSG00000008083	JARID2	6	15245975	72
ENSG00000047579	DTNBP1	6	15522801	73
ENSG00000007944	MYLIP	6	16129086	74
ENSG00000137198	GMPR	6	16238587	75
ENSG00000124788	ATXN1	6	16299112	76
ENSG00000112186	CAP2	6	17393505	77
ENSG00000137414	FAM8A1	6	17600302	78
ENSG00000124789	NUP153	6	17615035	79
ENSG00000137177	KIF13A	6	17759183	80
ENSG00000187566	NHLRC1	6	18120440	81
ENSG00000137364	TPMT	6	18128311	82
ENSG00000165097	KDM1B	6	18155388	83
ENSG00000124795	DEK	6	18223860	84
ENSG00000137393	RNF144B	6	18387329	85
ENSG00000172201	ID4	6	19837370	86
ENSG00000172197	MBOAT1	6	20099684	87
ENSG00000112242	E2F3	6	20401879	88
ENSG00000145996	CDKAL1	6	20534457	89
ENSG00000124766	SOX4	6	21593751	90
ENSG00000146038	DCDC2	6	24171755	91
ENSG00000124532	MRS2	6	24402908	92
ENSG00000112293	GPLD1	6	24423969	93
ENSG00000112294	ALDH5A1	6	24494969	94
ENSG00000137261	KIAA0319	6	24540128	95
ENSG00000111802	TDP2	6	24649979	96
ENSG00000112304	ACOT13	6	24667035	97
ENSG00000112308	C6orf62	6	24704299	98
ENSG00000112312	GMNN	6	24774937	99
ENSG00000111913	RIPOR2	6	24804284	100
ENSG00000288887	LOC105374981	6	24932105	101
ENSG00000168405	CMAHP	6	25081067	102
ENSG00000079691	CARMIL1	6	25279374	103
ENSG00000079689	SCGN	6	25652215	104
ENSG00000124568	SLC17A1	6	25723743	105
ENSG00000146039	SLC17A4	6	25754673	106
ENSG00000124564	SLC17A3	6	25844856	107
ENSG00000112337	SLC17A2	6	25912754	108
ENSG00000112343	TRIM38	6	25962723	109
ENSG00000124610	H1-1	6	26017032	110
ENSG00000278705	H4C2	6	26026896	111
ENSG00000286522	H3C2	6	26031589	112
ENSG00000276410	H2BC3	6	26043227	113
ENSG00000187837	H1-2	6	26055740	114
ENSG00000010704	HFE	6	26087281	115
ENSG00000197061	H4C3	6	26103948	116
ENSG00000180596	H2BC4	6	26123467	117
ENSG00000180573	H2AC6	6	26124145	118
ENSG00000168298	H1-4	6	26156331	119
ENSG00000158373	H2BC5	6	26158008	120
ENSG00000274290	H2BC6	6	26183796	121
ENSG00000277157	H4C4	6	26188710	122
ENSG00000197409	H3C4	6	26196784	123
ENSG00000277224	H2BC7	6	26199559	124
ENSG00000276966	H4C5	6	26204645	125
ENSG00000273802	H2BC8	6	26216200	126
ENSG00000277075	H2AC8	6	26216920	127
ENSG00000124575	H1-3	6	26234212	128
ENSG00000274618	H4C6	6	26240426	129
ENSG00000158406	H4C8	6	26285126	130
ENSG00000186470	BTN3A2	6	26365159	131
ENSG00000124508	BTN2A2	6	26382893	132
ENSG00000026950	BTN3A1	6	26402269	133
ENSG00000291104	BTN2A3P	6	26421391	134
ENSG00000111801	BTN3A3	6	26440504	135
ENSG00000112763	BTN2A1	6	26457904	136
ENSG00000228223	HCG11	6	26521706	137
ENSG00000182952	HMGN4	6	26538347	138
ENSG00000146109	ABT1	6	26596953	139
ENSG00000181315	ZNF322	6	26634383	140
ENSG00000290474	GUSBP2	6	26871487	141
ENSG00000224843	LINC00240	6	26956993	142
ENSG00000124635	H2BC11	6	27132316	143
ENSG00000197903	H2BC12	6	27138293	144
ENSG00000124613	ZNF391	6	27374635	145
ENSG00000096654	ZNF184	6	27404006	146
ENSG00000197238	H4C11	6	27824125	147
ENSG00000273542	H4C12	6	27831174	148
ENSG00000233822	H2BC15	6	27838662	149
ENSG00000184357	H1-5	6	27866792	150
ENSG00000197279	ZNF165	6	28080568	151
ENSG00000269293	ZSCAN16-AS1	6	28121795	152
ENSG00000196812	ZSCAN16	6	28123753	153
ENSG00000198315	ZKSCAN8	6	28141643	154
ENSG00000226314	ZKSCAN8P1	6	28161761	155
ENSG00000137185	ZSCAN9	6	28224702	156
ENSG00000187626	ZKSCAN4	6	28241697	157
ENSG00000189134	NKAPL	6	28259297	158
ENSG00000197062	ZSCAN26	6	28267010	159
ENSG00000137338	PGBD1	6	28281537	160
ENSG00000235109	ZSCAN31	6	28324737	161
ENSG00000189298	ZKSCAN3	6	28349913	162
ENSG00000158691	ZSCAN12	6	28378821	163
ENSG00000187987	ZSCAN23	6	28425516	164
ENSG00000232040	SCAND3	6	28568288	165
ENSG00000204713	TRIM27	6	28903002	166
ENSG00000197935	ZNF311	6	28994785	167
ENSG00000213886	UBD	6	29555515	168
ENSG00000204681	GABBR1	6	29602228	169
ENSG00000204642	HLA-F	6	29723340	170
ENSG00000214922	HLA-F-AS1	6	29726601	171
ENSG00000204632	HLA-G	6	29826979	172
ENSG00000281831	HCP5B	6	29871895	173
ENSG00000206503	HLA-A	6	29942532	174
ENSG00000204623	POLR1HASP	6	30001011	175
ENSG00000290574	HLA-J	6	30005971	176
ENSG00000066379	POLR1H	6	30061265	177
ENSG00000204619	PPP1R11	6	30066864	178
ENSG00000204618	RNF39	6	30070266	179
ENSG00000204613	TRIM10	6	30151939	180
ENSG00000204610	TRIM15	6	30163546	181
ENSG00000234127	TRIM26	6	30184453	182
ENSG00000291097	HLA-L	6	30259562	183
ENSG00000231074	HCG18	6	30287397	184
ENSG00000204599	TRIM39	6	30326469	185
ENSG00000248167	TRIM39-RPP21	6	30329311	186
ENSG00000241370	RPP21	6	30345156	187
ENSG00000204592	HLA-E	6	30489508	188
ENSG00000204590	GNL1	6	30541377	189
ENSG00000204576	PRR3	6	30556709	190
ENSG00000204574	ABCF1	6	30571442	191
ENSG00000204569	PPP1R10	6	30600400	192
ENSG00000204568	MRPS18B	6	30617320	193
ENSG00000137343	ATAT1	6	30626874	194
ENSG00000204564	C6orf136	6	30647133	195
ENSG00000204560	DHX16	6	30653119	196
ENSG00000146112	PPP1R18	6	30676389	197
ENSG00000137404	NRM	6	30688047	198
ENSG00000137337	MDC1	6	30699807	199
ENSG00000224328	MDC1-AS1	6	30703067	200
ENSG00000196230	TUBB	6	30720352	201
ENSG00000137312	FLOT1	6	30727709	202
ENSG00000137331	IER3	6	30743199	203
ENSG00000204580	DDR1	6	30880958	204
ENSG00000213780	GTF2H4	6	30908207	205
ENSG00000137411	VARS2	6	30914208	206
ENSG00000204536	CCHCR1	6	31142439	207
ENSG00000137310	TCF19	6	31158589	208
ENSG00000204531	POU5F1	6	31164337	209
ENSG00000206344	HCG27	6	31197760	210
ENSG00000204525	HLA-C	6	31268749	211
ENSG00000234745	HLA-B	6	31353875	212
ENSG00000204520	MICA	6	31400711	213
ENSG00000206337	HCP5	6	31463180	214
ENSG00000286940	MICB-DT	6	31479918	215
ENSG00000204516	MICB	6	31494881	216
ENSG00000254870	ATP6V1G2-DDX39B	6	31530219	217
ENSG00000198563	DDX39B	6	31530226	218
ENSG00000265236	SNORD84	6	31541101	219
ENSG00000204498	NFKBIL1	6	31546851	220
ENSG00000226979	LTA	6	31560550	221
ENSG00000227507	LTB	6	31580558	222
ENSG00000204482	LST1	6	31586185	223
ENSG00000204472	AIF1	6	31615212	224
ENSG00000204469	PRRC2A	6	31620715	225
ENSG00000200816	SNORA38	6	31623079	226
ENSG00000204463	BAG6	6	31639028	227
ENSG00000204444	APOM	6	31652404	228
ENSG00000204439	C6orf47	6	31658298	229
ENSG00000204438	GPANK1	6	31661228	230
ENSG00000204435	CSNK2B	6	31665880	231
ENSG00000240053	LY6G5B	6	31670951	232
ENSG00000204427	ABHD16A	6	31686955	233
ENSG00000213722	DDAH2	6	31727040	234
ENSG00000213719	CLIC1	6	31730581	235
ENSG00000204410	MSH5	6	31739948	236
ENSG00000255152	MSH5-SAPCD1	6	31739948	237
ENSG00000204396	VWA7	6	31764135	238
ENSG00000204394	VARS1	6	31777518	239
ENSG00000204392	LSM2	6	31797396	240
ENSG00000204390	HSPA1L	6	31809619	241
ENSG00000204389	HSPA1A	6	31815543	242
ENSG00000204388	HSPA1B	6	31827738	243
ENSG00000204387	SNHG32	6	31834916	244
ENSG00000204386	NEU1	6	31857659	245
ENSG00000204371	EHMT2	6	31879759	246
ENSG00000237080	EHMT2-AS1	6	31880856	247
ENSG00000166278	C2	6	31897783	248
ENSG00000204366	ZBTB12	6	31899194	249
ENSG00000281756	C2-AS1	6	31934474	250
ENSG00000243649	CFB	6	31946095	251
ENSG00000204356	NELFE	6	31952087	252
ENSG00000204351	SKIC2	6	31959157	253
ENSG00000204348	DXO	6	31969811	254
ENSG00000204344	STK19	6	31971175	255
ENSG00000244731	C4A	6	31982057	256
ENSG00000290788	CYP21A1P	6	32005636	257
ENSG00000224389	C4B	6	32014795	258
ENSG00000231852	CYP21A2	6	32038306	259
ENSG00000168477	TNXB	6	32041153	260
ENSG00000213676	ATF6B	6	32115264	261
ENSG00000204315	FKBPL	6	32128707	262
ENSG00000221988	PPT2	6	32153528	263
ENSG00000258388	PPT2-EGFL8	6	32153999	264
ENSG00000241404	EGFL8	6	32164595	265
ENSG00000204310	AGPAT1	6	32168212	266
ENSG00000204308	RNF5	6	32178405	267
ENSG00000204305	AGER	6	32180968	268
ENSG00000204304	PBX2	6	32184733	269
ENSG00000213654	GPSM3	6	32190766	270
ENSG00000204301	NOTCH4	6	32194843	271
ENSG00000204296	TSBP1	6	32290523	272
ENSG00000204287	HLA-DRA	6	32439887	273
ENSG00000198502	HLA-DRB5	6	32517343	274
ENSG00000290878	HLA-DRB6	6	32552713	275
ENSG00000196126	HLA-DRB1	6	32578769	276
ENSG00000196735	HLA-DQA1	6	32637406	277
ENSG00000179344	HLA-DQB1	6	32659467	278
ENSG00000223534	HLA-DQB1-AS1	6	32659880	279
ENSG00000237541	HLA-DQA2	6	32741391	280
ENSG00000232629	HLA-DQB2	6	32756094	281
ENSG00000241106	HLA-DOB	6	32812763	282
ENSG00000204267	TAP2	6	32821833	283
ENSG00000204264	PSMB8	6	32840717	284
ENSG00000204261	PSMB8-AS1	6	32844086	285
ENSG00000168394	TAP1	6	32845209	286
ENSG00000240065	PSMB9	6	32854192	287
ENSG00000289047	LOC100294145	6	32894176	288
ENSG00000242574	HLA-DMB	6	32934636	289
ENSG00000204257	HLA-DMA	6	32948618	290
ENSG00000204256	BRD2	6	32968594	291
ENSG00000204252	HLA-DOA	6	33004182	292
ENSG00000231389	HLA-DPA1	6	33064569	293
ENSG00000223865	HLA-DPB1	6	33075990	294
ENSG00000204248	COL11A2	6	33162692	295
ENSG00000204231	RXRB	6	33193585	296
ENSG00000112473	SLC39A7	6	33200867	297
ENSG00000204228	HSD17B8	6	33204655	298
ENSG00000204227	RING1	6	33208500	299
ENSG00000232940	HCG25	6	33249536	300
ENSG00000223501	VPS52	6	33250272	301
ENSG00000231500	RPS18	6	33272075	302
ENSG00000227057	WDR46	6	33278207	303
ENSG00000204220	PFDN6	6	33289597	304
ENSG00000237441	RGL2	6	33291654	305
ENSG00000231925	TAPBP	6	33299694	306
ENSG00000236104	ZBTB22	6	33314405	307
ENSG00000204209	DAXX	6	33318558	308
ENSG00000112511	PHF1	6	33410751	309
ENSG00000112514	CUTA	6	33416442	310
ENSG00000197283	SYNGAP1	6	33418294	311
ENSG00000213588	ZBTB9	6	33454144	312
ENSG00000030110	BAK1	6	33572552	313
ENSG00000096433	ITPR3	6	33621322	314
ENSG00000137288	UQCC2	6	33696764	315
ENSG00000161896	IP6K3	6	33721476	316
ENSG00000161904	LEMD2	6	33771213	317
ENSG00000233183	LOC105375026	6	33893093	318
ENSG00000137309	HMGA1	6	34236873	319
ENSG00000186577	SMIM29	6	34246380	320
ENSG00000272325	NUDT3	6	34279679	321
ENSG00000270800	RPS10-NUDT3	6	34287194	322
ENSG00000124614	RPS10	6	34417454	323
ENSG00000196821	ILRUN	6	34587288	324
ENSG00000272288	ILRUN-AS1	6	34696154	325
ENSG00000124562	SNRPC	6	34757094	326
ENSG00000065060	BLTP3A	6	34792083	327
ENSG00000064995	TAF11	6	34877462	328
ENSG00000064999	ANKS1A	6	34889255	329
ENSG00000146197	SCUBE3	6	35213956	330
ENSG00000065029	ZNF76	6	35259473	331
ENSG00000023892	DEF6	6	35297818	332
ENSG00000112033	PPARD	6	35342558	333
ENSG00000112039	FANCE	6	35452338	334
ENSG00000198755	RPL10A	6	35468401	335
ENSG00000007866	TEAD3	6	35473597	336
ENSG00000096060	FKBP5	6	35573585	337
ENSG00000265527	MIR5690	6	35664717	338
ENSG00000157343	ARMC12	6	35733726	339
ENSG00000096063	SRPK1	6	35832966	340
ENSG00000112062	MAPK14	6	36027677	341
ENSG00000156711	MAPK13	6	36130513	342
ENSG00000096070	BRPF3	6	36196744	343
ENSG00000010030	ETV7	6	36354088	344
ENSG00000112078	KCTD20	6	36442767	345
ENSG00000112079	STK38	6	36493889	346
ENSG00000112081	SRSF3	6	36594313	347
ENSG00000281450	PANDAR	6	36673621	348
ENSG00000124762	CDKN1A	6	36676250	349
ENSG00000124772	CPNE5	6	36740773	350
ENSG00000198663	C6orf89	6	36834886	351
ENSG00000137168	PPIL1	6	36854829	352
ENSG00000137409	MTCH1	6	36968135	353
ENSG00000146192	FGD2	6	37005655	354
ENSG00000137193	PIM1	6	37170152	355
ENSG00000172738	TMEM217	6	37212178	356
ENSG00000065491	TBC1D22B	6	37257772	357
ENSG00000112130	RNF8	6	37353983	358
ENSG00000137200	CMTR1	6	37433214	359
ENSG00000198937	CCDC167	6	37482938	360
ENSG00000112139	MDGA1	6	37630679	361
ENSG00000156639	ZFAND3	6	37819727	362
ENSG00000183826	BTBD9	6	38168451	363
ENSG00000226533	BTBD9-AS1	6	38481596	364
ENSG00000124767	GLO1	6	38675925	365
ENSG00000112167	SAYSD1	6	39104063	366
ENSG00000164626	KCNK5	6	39188971	367
ENSG00000124780	KCNK17	6	39299001	368
ENSG00000164627	KIF6	6	39329990	369
ENSG00000146122	DAAM2	6	39792366	370
ENSG00000235033	DAAM2-AS1	6	39888790	371
ENSG00000124615	MOCS1	6	39904170	372
ENSG00000124602	UNC5CL	6	41026895	373
ENSG00000112212	TSPO2	6	41041344	374
ENSG00000124701	APOBEC2	6	41053201	375
ENSG00000124596	OARD1	6	41064772	376
ENSG00000001167	NFYA	6	41072974	377
ENSG00000290554	ADCY10P1	6	41101034	378
ENSG00000095970	TREM2	6	41158508	379
ENSG00000124731	TREM1	6	41267385	380
ENSG00000137166	FOXP4	6	41546381	381
ENSG00000112561	TFEB	6	41683978	382
ENSG00000137218	FRS3	6	41770176	383
ENSG00000278224	PRICKLE4	6	41780782	384
ENSG00000214736	TOMM6	6	41787443	385
ENSG00000164663	USP49	6	41789896	386
ENSG00000124641	MED20	6	41905353	387
ENSG00000112578	BYSL	6	41921499	388
ENSG00000112576	CCND3	6	41934933	389
ENSG00000137413	TAF8	6	42050522	390
ENSG00000112599	GUCA1B	6	42183284	391
ENSG00000048544	MRPS10	6	42206801	392
ENSG00000124496	TRERF1	6	42224931	393
ENSG00000024048	UBR2	6	42563954	394
ENSG00000112619	PRPH2	6	42694509	395
ENSG00000124659	TBCC	6	42744498	396
ENSG00000112624	BICRAL	6	42746987	397
ENSG00000146223	RPL7L1	6	42879616	398
ENSG00000137161	CNPY3	6	42928002	399
ENSG00000124713	GNMT	6	42960754	400
ENSG00000124587	PEX6	6	42963865	401
ENSG00000124733	MEA1	6	42980344	402
ENSG00000112640	PPP2R5D	6	42984570	403
ENSG00000124702	KLHDC3	6	43014249	404
ENSG00000124541	RRP36	6	43021602	405
ENSG00000044090	CUL7	6	43037617	406
ENSG00000112651	MRPL2	6	43054029	407
ENSG00000137171	KLC4	6	43059594	408
ENSG00000112655	PTK7	6	43076314	409
ENSG00000112658	SRF	6	43171269	410
ENSG00000112659	CUL9	6	43182170	411
ENSG00000112667	DNPH1	6	43225629	412
ENSG00000146216	TTBK1	6	43243481	413
ENSG00000137204	SLC22A7	6	43295710	414
ENSG00000146215	CRIP3	6	43305472	415
ENSG00000171467	ZNF318	6	43336070	416
ENSG00000124574	ABCC10	6	43427538	417
ENSG00000137221	TJAP1	6	43477523	418
ENSG00000137207	YIPF3	6	43511832	419
ENSG00000171453	POLR1C	6	43517024	420
ENSG00000124571	XPO5	6	43522330	421
ENSG00000170734	POLH	6	43576147	422
ENSG00000172432	GTPBP2	6	43620481	423
ENSG00000124688	MAD2L1BP	6	43629542	424
ENSG00000172426	RSPH9	6	43645030	425
ENSG00000096080	MRPS18A	6	43671197	426
ENSG00000112715	VEGFA	6	43770209	427
ENSG00000180992	MRPL14	6	44113451	428
ENSG00000137216	TMEM63B	6	44126628	429
ENSG00000112759	SLC29A1	6	44219587	430
ENSG00000096384	HSP90AB1	6	44246166	431
ENSG00000157593	SLC35B2	6	44254101	432
ENSG00000146232	NFKBIE	6	44258166	433
ENSG00000124608	AARS2	6	44297850	434
ENSG00000096401	CDC5L	6	44387706	435
ENSG00000196284	SUPT3H	6	44809057	436
ENSG00000124813	RUNX2	6	45328317	437
ENSG00000112782	CLIC5	6	45898451	438
ENSG00000001561	ENPP4	6	46129989	439
ENSG00000112796	ENPP5	6	46159182	440
ENSG00000172348	RCAN2	6	46220730	441
ENSG00000146233	CYP39A1	6	46549580	442
ENSG00000153291	SLC25A27	6	46652915	443
ENSG00000180113	TDRD6	6	46680268	444
ENSG00000146070	PLA2G7	6	46700558	445
ENSG00000069122	ADGRF5	6	46852522	446
ENSG00000146072	TNFRSF21	6	47231532	447
ENSG00000198087	CD2AP	6	47477746	448
ENSG00000244694	PTCHD4	6	47858598	449
ENSG00000146085	MMUT	6	49430360	450
ENSG00000031691	CENPQ	6	49463327	451
ENSG00000203972	GLYATL3	6	49499923	452
ENSG00000197261	C6orf141	6	49550644	453
ENSG00000226733	LOC100505985	6	50093389	454
ENSG00000170927	PKHD1	6	51614685	455
ENSG00000112118	MCM3	6	52264015	456
ENSG00000170915	PAQR8	6	52362151	457
ENSG00000096093	EFHC1	6	52420342	458
ENSG00000065308	TRAM2	6	52497405	459
ENSG00000225791	TRAM2-AS1	6	52577202	460
ENSG00000291006	LOC730101	6	52664401	461
ENSG00000096092	TMEM14A	6	52671099	462
ENSG00000244067	GSTA2	6	52750087	463
ENSG00000243955	GSTA1	6	52791371	464
ENSG00000170899	GSTA4	6	52977952	465
ENSG00000202198	RN7SK	6	52995620	466
ENSG00000112144	CILK1	6	53001279	467
ENSG00000112146	FBXO9	6	53057807	468
ENSG00000137270	GCM1	6	53126961	469
ENSG00000012660	ELOVL5	6	53267398	470
ENSG00000001084	GCLC	6	53497341	471
ENSG00000231683	LOC101927136	6	53561289	472
ENSG00000235899	LINC01564	6	53628380	473
ENSG00000124743	KLHL31	6	53647916	474
ENSG00000137269	LRRC1	6	53794497	475
ENSG00000146147	MLIP	6	54018916	476
ENSG00000168143	FAM83B	6	54846323	477
ENSG00000146151	HMGCLL1	6	55434373	478
ENSG00000112175	BMP5	6	55753653	479
ENSG00000124749	COL21A1	6	56056590	480
ENSG00000151914	DST	6	56457987	481
ENSG00000168116	KIAA1586	6	57046532	482
ENSG00000112200	ZNF451	6	57088970	483
ENSG00000112208	BAG2	6	57172326	484
ENSG00000112210	RAB23	6	57186992	485
ENSG00000146143	PRIM2	6	57314805	486
ENSG00000283352	LINC00680-GUSBP4	6	57919881	487
ENSG00000290555	LINC00680	6	57945834	488
ENSG00000225096	LOC101927293	6	57961548	489
ENSG00000112232	KHDRBS2	6	61542697	490
ENSG00000146166	LGSN	6	63275951	491
ENSG00000112245	PTP4A1	6	63528021	492
ENSG00000118482	PHF3	6	63635802	493
ENSG00000188107	EYS	6	63719980	494
ENSG00000214558	ZC3H11C	6	65301418	495
ENSG00000135298	ADGRB3	6	68635282	496
ENSG00000168216	LMBRD1	6	69674010	497
ENSG00000082293	COL19A1	6	69866556	498
ENSG00000082269	FAM135A	6	70413404	499
ENSG00000154079	SDHAF4	6	70566930	500
ENSG00000112305	SMAP1	6	70667883	501
ENSG00000112309	B3GAT2	6	70856679	502
ENSG00000119900	OGFRL1	6	71288296	503
ENSG00000233237	LINC00472	6	71407864	504
ENSG00000080007	DDX43	6	73394828	505
ENSG00000164430	CGAS	6	73423711	506
ENSG00000135297	MTO1	6	73461737	507
ENSG00000156508	EEF1A1	6	73515750	508
ENSG00000119899	SLC17A5	6	73593379	509
ENSG00000156535	CD109	6	73696085	510
ENSG00000111799	COL12A1	6	75084326	511
ENSG00000112695	COX7A2	6	75237675	512
ENSG00000112697	TMEM30A	6	75252924	513
ENSG00000225793	TMEM30A-DT	6	75285014	514
ENSG00000118407	FILIP1	6	75291858	515
ENSG00000112701	SENP6	6	75601509	516
ENSG00000196586	MYO6	6	75749203	517
ENSG00000112706	IMPG1	6	75921114	518
ENSG00000271945	LOC105377862	6	76766030	519
ENSG00000269964	MEI4	6	77650274	520
ENSG00000146243	IRAK1BP1	6	78867486	521
ENSG00000146247	PHIP	6	78934419	522
ENSG00000118418	HMGN3	6	79201245	523
ENSG00000270362	HMGN3-AS1	6	79233674	524
ENSG00000135338	LCA5	6	79484991	525
ENSG00000198478	SH3BGRL2	6	79631329	526
ENSG00000083123	BCKDHB	6	80106610	527
ENSG00000112773	TENT5A	6	81745730	528
ENSG00000005700	IBTK	6	82169987	529
ENSG00000146242	TPBG	6	82363206	530
ENSG00000118420	UBE3D	6	82880834	531
ENSG00000083097	DOP1A	6	83067666	532
ENSG00000013375	PGM3	6	83150728	533
ENSG00000013392	RWDD2A	6	83193355	534
ENSG00000065833	ME1	6	83210402	535
ENSG00000065615	CYB5R4	6	83859689	536
ENSG00000135315	CEP162	6	84124250	537
ENSG00000112837	TBX18	6	84666810	538
ENSG00000234155	LINC02535	6	85387219	539
ENSG00000135318	NT5E	6	85449584	540
ENSG00000135317	SNX14	6	85505496	541
ENSG00000135316	SYNCRIP	6	85607784	542
ENSG00000203875	SNHG5	6	85677007	543
ENSG00000188994	ZNF292	6	87155565	544
ENSG00000111850	SMIM8	6	87322588	545
ENSG00000203872	C6orf163	6	87344813	546
ENSG00000164414	SLC35A1	6	87472925	547
ENSG00000146282	RARS2	6	87513935	548
ENSG00000135336	ORC3	6	87590067	549
ENSG00000135334	AKIRIN2	6	87674860	550
ENSG00000111880	RNGTT	6	88609897	551
ENSG00000146278	PNRC1	6	89080749	552
ENSG00000146281	PM20D2	6	89094818	553
ENSG00000154548	SRSF12	6	89095957	554
ENSG00000288009	LOC101929004	6	89130817	555
ENSG00000111886	GABRR2	6	89254464	556
ENSG00000198833	UBE2J1	6	89326625	557
ENSG00000025039	RRAGD	6	89363509	558
ENSG00000135299	ANKRD6	6	89433152	559
ENSG00000083099	LYRM2	6	89632224	560
ENSG00000112159	MDN1	6	89642498	561
ENSG00000118412	CASP8AP2	6	89829880	562
ENSG00000112182	BACH2	6	89926528	563
ENSG00000135341	MAP3K7	6	90513579	564
ENSG00000135333	EPHA7	6	93240020	565
ENSG00000261366	MANEA-DT	6	95560096	566
ENSG00000172469	MANEA	6	95577535	567
ENSG00000014123	UFL1	6	96521806	568
ENSG00000112214	FHL5	6	96562525	569
ENSG00000123545	NDUFAF4	6	96889315	570
ENSG00000186231	KLHL32	6	96898083	571
ENSG00000146263	MMS22L	6	97142161	572
ENSG00000112234	FBXL4	6	98868535	573
ENSG00000132423	COQ3	6	99369401	574
ENSG00000132424	PNISR	6	99398050	575
ENSG00000279170	TSTD3	6	99425442	576
ENSG00000123552	USP45	6	99432306	577
ENSG00000112237	CCNC	6	99542387	578
ENSG00000112246	SIM1	6	100385009	579
ENSG00000112249	ASCC3	6	100508194	580
ENSG00000164418	GRIK2	6	101393708	581
ENSG00000085382	HACE1	6	104728094	582
ENSG00000112276	BVES	6	105096822	583
ENSG00000085377	PREP	6	105273218	584
ENSG00000057657	PRDM1	6	106046729	585
ENSG00000057663	ATG5	6	106184476	586
ENSG00000112297	CRYBG1	6	106360717	587
ENSG00000130347	RTN4IP1	6	106559237	588
ENSG00000130348	QRSL1	6	106629578	589
ENSG00000235142	LINC02532	6	106717452	590
ENSG00000207577	MIR587	6	106784125	591
ENSG00000272398	CD24	6	106969831	592
ENSG00000130349	MTRES1	6	107028199	593
ENSG00000178409	BEND3	6	107065181	594
ENSG00000164494	PDSS2	6	107152557	595
ENSG00000112320	SOBP	6	107490104	596
ENSG00000146285	SCML4	6	107697297	597
ENSG00000025796	SEC63	6	107867756	598
ENSG00000081087	OSTM1	6	108041409	599
ENSG00000112335	SNX3	6	108211222	600
ENSG00000135537	AFG1L	6	108294881	601
ENSG00000118689	FOXO3	6	108559825	602
ENSG00000203801	LINC00222	6	108751654	603
ENSG00000118690	ARMC2	6	108848410	604
ENSG00000080546	SESN1	6	108984309	605
ENSG00000183137	CEP57L1	6	109094622	606
ENSG00000203799	CCDC162P	6	109165831	607
ENSG00000135535	CD164	6	109366514	608
ENSG00000185250	PPIL6	6	109390215	609
ENSG00000135587	SMPD2	6	109440721	610
ENSG00000135596	MICAL1	6	109444062	611
ENSG00000112365	ZBTB24	6	109462516	612
ENSG00000155085	AK9	6	109492855	613
ENSG00000112367	FIG4	6	109691221	614
ENSG00000112290	WASF1	6	110099819	615
ENSG00000168438	CDC40	6	110180427	616
ENSG00000053328	METTL24	6	110243895	617
ENSG00000203797	DDO	6	110388321	618
ENSG00000155111	CDK19	6	110609978	619
ENSG00000123505	AMD1	6	110814621	620
ENSG00000155115	GTF3C6	6	110958706	621
ENSG00000197498	RPF2	6	110982017	622
ENSG00000112394	SLC16A10	6	111087503	623
ENSG00000173214	MFSD4B	6	111259279	624
ENSG00000009413	REV3L	6	111299031	625
ENSG00000231889	TRAF3IP2-AS1	6	111483472	626
ENSG00000056972	TRAF3IP2	6	111555378	627
ENSG00000010810	FYN	6	111660332	628
ENSG00000112761	CCN6	6	112052813	629
ENSG00000074935	TUBE1	6	112070663	630
ENSG00000203778	FAM229B	6	112087591	631
ENSG00000112769	LAMA4	6	112107931	632
ENSG00000277443	MARCKS	6	113857345	633
ENSG00000227502	MROCKI	6	113868013	634
ENSG00000175967	LINC02880	6	113904387	635
ENSG00000196591	HDAC2	6	113933028	636
ENSG00000111816	FRK	6	115931149	637
ENSG00000178425	NT5DC1	6	116100833	638
ENSG00000123500	COL10A1	6	116118909	639
ENSG00000187189	TSPYL4	6	116249964	640
ENSG00000111817	DSE	6	116254171	641
ENSG00000189241	TSPYL1	6	116274859	642
ENSG00000188820	CALHM6	6	116461375	643
ENSG00000178033	CALHM5	6	116511639	644
ENSG00000111832	RWDD1	6	116571504	645
ENSG00000111834	RSPH4A	6	116598184	646
ENSG00000153975	ZUP1	6	116635618	647
ENSG00000196911	KPNA5	6	116677643	648
ENSG00000047936	ROS1	6	117287918	649
ENSG00000164465	DCBLD1	6	117480351	650
ENSG00000047932	GOPC	6	117560269	651
ENSG00000153989	NUS1	6	117675469	652
ENSG00000111860	CEP85L	6	118460772	653
ENSG00000198523	PLN	6	118548296	654
ENSG00000111877	MCM9	6	118813449	655
ENSG00000111875	ASF1A	6	118894152	656
ENSG00000111879	FAM184A	6	118959763	657
ENSG00000111885	MAN1A1	6	119177204	658
ENSG00000146350	TBC1D32	6	121079494	659
ENSG00000152661	GJA1	6	121435646	660
ENSG00000025156	HSF2	6	122399551	661
ENSG00000111897	SERINC1	6	122443351	662
ENSG00000135549	PKIB	6	122471917	663
ENSG00000172594	SMPDL3A	6	122788456	664
ENSG00000188580	NKAIN2	6	123803842	665
ENSG00000236548	RNF217-AS1	6	124908243	666
ENSG00000146373	RNF217	6	124962406	667
ENSG00000111907	TPD52L1	6	125153730	668
ENSG00000111906	HDDC2	6	125275350	669
ENSG00000237742	HEY2-AS1	6	125645662	670
ENSG00000224506	LINC02523	6	125674353	671
ENSG00000135547	HEY2	6	125747639	672
ENSG00000111912	NCOA7	6	125780943	673
ENSG00000232131	NCOA7-AS1	6	125797861	674
ENSG00000111911	HINT3	6	125956770	675
ENSG00000066651	TRMT11	6	125986430	676
ENSG00000146374	RSPO3	6	127118671	677
ENSG00000118518	RNF146	6	127263415	678
ENSG00000093144	ECHDC1	6	127288712	679
ENSG00000189367	KIAA0408	6	127438406	680
ENSG00000214338	SOGA3	6	127438406	681
ENSG00000172673	THEMIS	6	127708194	682
ENSG00000152894	PTPRK	6	127968785	683
ENSG00000196569	LAMA2	6	128883138	684
ENSG00000146376	ARHGAP18	6	129576132	685
ENSG00000198945	L3MBTL3	6	130018581	686
ENSG00000164483	SAMD3	6	130133203	687
ENSG00000164484	TMEM200A	6	130366281	688
ENSG00000256162	SMLR1	6	130827405	689
ENSG00000079819	EPB41L2	6	130827955	690
ENSG00000118507	AKAP7	6	131125698	691
ENSG00000118520	ARG1	6	131573226	692
ENSG00000112282	MED23	6	131573966	693
ENSG00000154269	ENPP3	6	131637302	694
ENSG00000180658	OR2A4	6	131699644	695
ENSG00000236761	CTAGE9	6	131708441	696
ENSG00000197594	ENPP1	6	131808020	697
ENSG00000118523	CCN2	6	131948176	698
ENSG00000079931	MOXD1	6	132296055	699
ENSG00000079950	STX7	6	132445867	700
ENSG00000290584	TAAR3P	6	132608225	701
ENSG00000112299	VNN1	6	132680849	702
ENSG00000093134	VNN3P	6	132722787	703
ENSG00000112303	VNN2	6	132743503	704
ENSG00000146409	SLC18B1	6	132769370	705
ENSG00000112306	RPS12	6	132814569	706
ENSG00000200534	SNORA33	6	132817219	707
ENSG00000112319	EYA4	6	133240340	708
ENSG00000227954	TARID	6	133502252	709
ENSG00000118526	TCF21	6	133889113	710
ENSG00000028839	TBPL1	6	133952170	711
ENSG00000146411	SLC2A12	6	133987581	712
ENSG00000118515	SGK1	6	134169246	713
ENSG00000232310	LINC03002	6	134525318	714
ENSG00000118514	ALDH8A1	6	134917393	715
ENSG00000112339	HBS1L	6	134960378	716
ENSG00000135541	AHI1	6	135283532	717
ENSG00000231028	AHI1-DT	6	135497801	718
ENSG00000171408	PDE7B	6	135851701	719
ENSG00000237596	PDE7B-AS1	6	136043852	720
ENSG00000146410	MTFR2	6	136231030	721
ENSG00000029363	BCLAF1	6	136256627	722
ENSG00000135525	MAP7	6	136342281	723
ENSG00000197442	MAP3K5	6	136557046	724
ENSG00000234263	MAP3K5-AS1	6	136629114	725
ENSG00000112357	PEX7	6	136821683	726
ENSG00000016402	IL20RA	6	136999971	727
ENSG00000027697	IFNGR1	6	137197484	728
ENSG00000118503	TNFAIP3	6	137866317	729
ENSG00000112378	PERP	6	138088505	730
ENSG00000112379	ARFGEF3	6	138161690	731
ENSG00000051620	HEBP2	6	138403531	732
ENSG00000135540	NHSL1	6	138422043	733
ENSG00000266555	MIR3145	6	138435213	734
ENSG00000279968	CCDC28A-AS1	6	138725215	735
ENSG00000024862	CCDC28A	6	138773517	736
ENSG00000203734	ECT2L	6	138796107	737
ENSG00000135597	REPS1	6	138904015	738
ENSG00000146386	ABRACL	6	139028745	739
ENSG00000112406	HECA	6	139135080	740
ENSG00000164440	TXLNB	6	139159162	741
ENSG00000164442	CITED2	6	139371807	742
ENSG00000238099	LINC01625	6	139468995	743
ENSG00000009844	VTA1	6	142147162	744
ENSG00000112414	ADGRG6	6	142301919	745
ENSG00000010818	HIVEP2	6	142751469	746
ENSG00000146416	AIG1	6	143059363	747
ENSG00000189007	ADAT2	6	143422832	748
ENSG00000034693	PEX3	6	143450805	749
ENSG00000001036	FUCA2	6	143494812	750
ENSG00000235740	PHACTR2-AS1	6	143554115	751
ENSG00000112419	PHACTR2	6	143608180	752
ENSG00000135521	LTV1	6	143843273	753
ENSG00000118495	PLAGL1	6	143940300	754
ENSG00000169976	SF3B5	6	144094884	755
ENSG00000135604	STX11	6	144140044	756
ENSG00000152818	UTRN	6	144284955	757
ENSG00000112425	EPM2A	6	145382540	758
ENSG00000235652	EPM2A-DT	6	145734869	759
ENSG00000118496	FBXO30	6	145793502	760
ENSG00000146414	SHPRH	6	145857838	761
ENSG00000118508	RAB32	6	146543833	762
ENSG00000164506	STXBP5	6	147204184	763
ENSG00000203727	SAMD5	6	147508690	764
ENSG00000111961	SASH1	6	148193440	765
ENSG00000111962	UST	6	148745891	766
ENSG00000055208	TAB2	6	149217924	767
ENSG00000177688	SUMO4	6	149400262	768
ENSG00000178199	ZC3H12D	6	149446795	769
ENSG00000131013	PPIL4	6	149504495	770
ENSG00000055211	GINM1	6	149566375	771
ENSG00000186625	KATNA1	6	149594873	772
ENSG00000131023	LATS1	6	149658153	773
ENSG00000120253	NUP43	6	149724315	774
ENSG00000120265	PCMT1	6	149749695	775
ENSG00000120256	LRP11	6	149818757	776
ENSG00000164520	RAET1E	6	149864399	777
ENSG00000131019	ULBP3	6	150061053	778
ENSG00000009765	IYD	6	150368854	779
ENSG00000120278	PLEKHG1	6	150599885	780
ENSG00000120254	MTHFD1L	6	150865679	781
ENSG00000131016	AKAP12	6	151239815	782
ENSG00000181472	ZBTB2	6	151364115	783
ENSG00000155906	RMND1	6	151404548	784
ENSG00000146476	ARMT1	6	151452258	785
ENSG00000120262	CCDC170	6	151494017	786
ENSG00000091831	ESR1	6	151654148	787
ENSG00000131018	SYNE1	6	152121684	788
ENSG00000120279	MYCT1	6	152697895	789
ENSG00000146469	VIP	6	152750797	790
ENSG00000112029	FBXO5	6	152970535	791
ENSG00000112031	MTRF1L	6	152987362	792
ENSG00000091844	RGS17	6	153004459	793
ENSG00000074706	IPCEF1	6	154154483	794
ENSG00000153721	CNKSR3	6	154387515	795
ENSG00000213079	SCAF8	6	154733378	796
ENSG00000146426	TIAM2	6	155090289	797
ENSG00000029639	TFB1M	6	155229871	798
ENSG00000171217	CLDN20	6	155264013	799
ENSG00000049618	ARID1B	6	156776026	800
ENSG00000215712	TMEM242	6	157289025	801
ENSG00000175048	ZDHHC14	6	157381190	802
ENSG00000130340	SNX9	6	157716046	803
ENSG00000078269	SYNJ2	6	157981856	804
ENSG00000122335	SERAC1	6	158109515	805
ENSG00000272047	GTF2H5	6	158168316	806
ENSG00000130338	TULP4	6	158232236	807
ENSG00000146433	TMEM181	6	158536432	808
ENSG00000146425	DYNLT1	6	158636474	809
ENSG00000164674	SYTL3	6	158644867	810
ENSG00000092820	EZR	6	158765744	811
ENSG00000130363	RSPH3	6	158947012	812
ENSG00000271913	TAGAP-AS1	6	159000116	813
ENSG00000164691	TAGAP	6	159034468	814
ENSG00000164694	FNDC1	6	159169400	815
ENSG00000291237	SOD2	6	159669069	816
ENSG00000146457	WTAP	6	159726696	817
ENSG00000285427	SOD2-OT1	6	159760258	818
ENSG00000120437	ACAT2	6	159762045	819
ENSG00000120438	TCP1	6	159778498	820
ENSG00000207392	SNORA20	6	159780250	821
ENSG00000112110	MRPL18	6	159789812	822
ENSG00000197081	IGF2R	6	159969099	823
ENSG00000268257	AIRN	6	160003291	824
ENSG00000175003	SLC22A1	6	160121808	825
ENSG00000146477	SLC22A3	6	160348378	826
ENSG00000290613	LPAL2	6	160466555	827
ENSG00000198670	LPA	6	160531482	828
ENSG00000122194	PLG	6	160702193	829
ENSG00000085511	MAP3K4	6	160991521	830
ENSG00000026652	AGPAT4	6	161129967	831
ENSG00000185345	PRKN	6	161347417	832
ENSG00000112530	PACRG	6	162726870	833
ENSG00000225683	PACRG-AS3	6	163181645	834
ENSG00000112531	QKI	6	163414486	835
ENSG00000112541	PDE10A	6	165327287	836
ENSG00000176381	PRR18	6	166305300	837
ENSG00000287189	LOC107986669	6	166307649	838
ENSG00000198818	SFT2D1	6	166319728	839
ENSG00000286760	LOC100289495	6	166342631	840
ENSG00000060762	MPC1	6	166364919	841
ENSG00000071242	RPS6KA2	6	166409364	842
ENSG00000026297	RNASET2	6	166922113	843
ENSG00000213066	CEP43	6	166999317	844
ENSG00000112486	CCR6	6	167111807	845
ENSG00000112494	UNC93A	6	167269032	846
ENSG00000120440	TTLL2	6	167325065	847
ENSG00000272549	LINC02538	6	167666840	848
ENSG00000203688	LINC02487	6	167679626	849
ENSG00000146521	LINC01558	6	167784537	850
ENSG00000269155	LOC441179	6	167795529	851
ENSG00000130396	AFDN	6	167826564	852
ENSG00000164488	DACT2	6	168292830	853
ENSG00000112562	SMOC2	6	168441153	854
ENSG00000186340	THBS2	6	169215780	855
ENSG00000184465	WDR27	6	169426420	856
ENSG00000185127	C6orf120	6	169702112	857
ENSG00000130024	PHF10	6	169703902	858
ENSG00000184786	DYNLT2	6	169725488	859
ENSG00000130023	ERMARD	6	169751622	860
ENSG00000229214	LINC00242	6	169788790	861
ENSG00000231690	LINC00574	6	169790073	862
ENSG00000198719	DLL1	6	170282200	863
ENSG00000112584	FAM120B	6	170290703	864
ENSG00000008018	PSMB1	6	170535120	865
ENSG00000112592	TBP	6	170554333	866
ENSG00000071994	PDCD2	6	170575295	867
ENSG00000177706	FAM20C	7	192571	1
ENSG00000197461	PDGFA	7	497245	2
ENSG00000188191	PRKAR1B	7	549185	3
ENSG00000164818	DNAAF5	7	726692	4
ENSG00000164828	SUN1	7	815557	5
ENSG00000239857	GET4	7	876554	6
ENSG00000105963	ADAP1	7	897900	7
ENSG00000240230	COX19	7	964852	8
ENSG00000146540	C7orf50	7	977964	9
ENSG00000164849	GPR146	7	1044546	10
ENSG00000164850	GPER1	7	1086807	11
ENSG00000178381	ZFAND2A	7	1148850	12
ENSG00000229043	ZFAND2A-DT	7	1160374	13
ENSG00000164877	MICALL2	7	1433639	14
ENSG00000164880	INTS1	7	1470277	15
ENSG00000198517	MAFK	7	1530702	16
ENSG00000164855	TMEM184A	7	1542235	17
ENSG00000157778	PSMG3	7	1567332	18
ENSG00000230487	PSMG3-AS1	7	1570073	19
ENSG00000225968	ELFN1	7	1666075	20
ENSG00000002822	MAD1L1	7	1815795	21
ENSG00000122687	MRM2	7	2234195	22
ENSG00000106266	SNX8	7	2251770	23
ENSG00000106263	EIF3B	7	2354086	24
ENSG00000136213	CHST12	7	2403489	25
ENSG00000106003	LFNG	7	2512529	26
ENSG00000106009	BRAT1	7	2537810	27
ENSG00000106012	IQCE	7	2558972	28
ENSG00000136295	TTYH3	7	2631986	29
ENSG00000174945	AMZ1	7	2679522	30
ENSG00000146535	GNA12	7	2728105	31
ENSG00000198286	CARD11	7	2906075	32
ENSG00000146555	SDK1	7	3301252	33
ENSG00000164916	FOXK1	7	4682295	34
ENSG00000242802	AP5Z1	7	4775623	35
ENSG00000196204	RNF216P1	7	4973985	36
ENSG00000146587	RBAK	7	5045860	37
ENSG00000272968	RBAK-RBAKDN	7	5045860	38
ENSG00000157954	WIPI2	7	5190233	39
ENSG00000164638	SLC29A4	7	5274311	40
ENSG00000182095	TNRC18	7	5306790	41
ENSG00000234432	LINC02983	7	5426281	42
ENSG00000155034	FBXL18	7	5454425	43
ENSG00000075624	ACTB	7	5527148	44
ENSG00000075618	FSCN1	7	5592816	45
ENSG00000011275	RNF216	7	5620047	46
ENSG00000122674	CCZ1	7	5898733	47
ENSG00000155026	RSPH10B	7	5926136	48
ENSG00000122512	PMS2	7	5970925	49
ENSG00000106305	AIMP2	7	6009245	50
ENSG00000207217	SNORA80D	7	6016877	51
ENSG00000086232	EIF2AK1	7	6022247	52
ENSG00000157999	ANKRD61	7	6031376	53
ENSG00000106346	USP42	7	6078743	54
ENSG00000008256	CYTH3	7	6161779	55
ENSG00000178397	FAM220A	7	6329411	56
ENSG00000136238	RAC1	7	6374527	57
ENSG00000164535	DAGLB	7	6409116	58
ENSG00000136240	KDELR2	7	6461089	59
ENSG00000136247	ZDHHC4	7	6577413	60
ENSG00000146576	INTS15	7	6590021	61
ENSG00000236609	ZNF853	7	6615610	62
ENSG00000205903	ZNF316	7	6637318	63
ENSG00000164631	ZNF12	7	6688433	64
ENSG00000187953	PMS2CL	7	6735305	65
ENSG00000169402	RSPH10B2	7	6754109	66
ENSG00000146574	CCZ1B	7	6798935	67
ENSG00000106392	C1GALT1	7	7182544	68
ENSG00000215018	COL28A1	7	7338542	69
ENSG00000164654	MIOS	7	7566875	70
ENSG00000106399	RPA3	7	7636518	71
ENSG00000219545	UMAD1	7	7640752	72
ENSG00000106415	GLCCI1	7	7968796	73
ENSG00000003147	ICA1	7	8113184	74
ENSG00000189043	NDUFA4	7	10931943	75
ENSG00000106443	PHF14	7	10973872	76
ENSG00000005108	THSD7A	7	11370365	77
ENSG00000106460	TMEM106B	7	12211294	78
ENSG00000146530	VWDE	7	12330885	79
ENSG00000122644	ARL4A	7	12686827	80
ENSG00000006468	ETV1	7	13891229	81
ENSG00000136267	DGKB	7	14145049	82
ENSG00000187546	AGMO	7	15117223	83
ENSG00000106511	MEOX2	7	15611212	84
ENSG00000237070	LOC105375166	7	15667947	85
ENSG00000214960	CRPPA	7	16087525	86
ENSG00000229688	CRPPA-AS1	7	16210486	87
ENSG00000106524	ANKMY2	7	16599779	88
ENSG00000136261	BZW2	7	16646134	89
ENSG00000106537	TSPAN13	7	16753755	90
ENSG00000289189	LOC105375170	7	16988375	91
ENSG00000237773	LOC101927609	7	17133916	92
ENSG00000106546	AHR	7	17298652	93
ENSG00000236039	LINC02889	7	17463445	94
ENSG00000071189	SNX13	7	17790761	95
ENSG00000048052	HDAC9	7	18086825	96
ENSG00000105849	POLR1F	7	19695461	97
ENSG00000183742	MACC1	7	20134655	98
ENSG00000105855	ITGB8	7	20329819	99
ENSG00000219451	RPL23P8	7	20827298	100
ENSG00000105866	SP4	7	21428083	101
ENSG00000105877	DNAH11	7	21543039	102
ENSG00000164649	CDCA7L	7	21900899	103
ENSG00000136237	RAPGEF5	7	22118236	104
ENSG00000105889	STEAP1B	7	22419444	105
ENSG00000196683	TOMM7	7	22812632	106
ENSG00000228649	SNHG26	7	22854240	107
ENSG00000122591	HYCC1	7	22895848	108
ENSG00000122550	KLHL7	7	23105734	109
ENSG00000136243	NUP42	7	23181298	110
ENSG00000136235	GPNMB	7	23246766	111
ENSG00000156928	MALSU1	7	23298744	112
ENSG00000136231	IGF2BP3	7	23310209	113
ENSG00000164548	TRA2A	7	23504780	114
ENSG00000169193	CCDC126	7	23597382	115
ENSG00000188732	FAM221A	7	23680118	116
ENSG00000196335	STK31	7	23710140	117
ENSG00000105926	PALS2	7	24573353	118
ENSG00000105928	GSDME	7	24698355	119
ENSG00000070882	OSBPL3	7	24796537	120
ENSG00000172115	CYCS	7	25118656	121
ENSG00000153790	C7orf31	7	25134692	122
ENSG00000050344	NFE2L3	7	26152198	123
ENSG00000122566	HNRNPA2B1	7	26189920	124
ENSG00000122565	CBX3	7	26201443	125
ENSG00000086300	SNX10	7	26291878	126
ENSG00000225792	SNX10-AS1	7	26372019	127
ENSG00000214870	LINC02981	7	26398569	128
ENSG00000005020	SKAP2	7	26654772	129
ENSG00000233429	HOTAIRM1	7	27096094	130
ENSG00000105997	HOXA3	7	27106190	131
ENSG00000106049	HIBADH	7	27525440	132
ENSG00000106052	TAX1BP1	7	27739373	133
ENSG00000153814	JAZF1	7	27830573	134
ENSG00000146592	CREB5	7	28299321	135
ENSG00000255690	TRIL	7	28953358	136
ENSG00000272568	CPVL-AS2	7	28979967	137
ENSG00000106066	CPVL	7	28994636	138
ENSG00000106069	CHN2	7	29146547	139
ENSG00000122574	WIPF3	7	29806554	140
ENSG00000136193	SCRN1	7	29920103	141
ENSG00000106080	FKBP14	7	30010587	142
ENSG00000106086	PLEKHA8	7	30028361	143
ENSG00000180354	MTURN	7	30134986	144
ENSG00000180233	ZNRF2	7	30284597	145
ENSG00000281404	LINC01176	7	30390885	146
ENSG00000106100	NOD1	7	30424527	147
ENSG00000006625	GGCT	7	30496621	148
ENSG00000106105	GARS1	7	30594735	149
ENSG00000106113	CRHR2	7	30649406	150
ENSG00000241644	INMT	7	30752135	151
ENSG00000254959	INMT-MINDY4	7	30752135	152
ENSG00000106125	MINDY4	7	30771417	153
ENSG00000240583	AQP1	7	30911694	154
ENSG00000078549	ADCYAP1R1	7	31052308	155
ENSG00000164600	NEUROD6	7	31337465	156
ENSG00000154678	PDE1C	7	31616777	157
ENSG00000106355	LSM5	7	32485338	158
ENSG00000105778	AVL9	7	32495489	159
ENSG00000170852	KBTBD2	7	32868172	160
ENSG00000291146	RP9P	7	32916815	161
ENSG00000122642	FKBP9	7	32957404	162
ENSG00000122643	NT5C3A	7	33014113	163
ENSG00000164610	RP9	7	33094797	164
ENSG00000122507	BBS9	7	33129244	165
ENSG00000164619	BMPER	7	33904915	166
ENSG00000173852	DPY19L1	7	34928881	167
ENSG00000291133	DPY19L2P1	7	35081287	168
ENSG00000164532	TBX20	7	35199936	169
ENSG00000122557	HERPUD2	7	35632659	170
ENSG00000271122	HERPUD2-AS1	7	35695206	171
ENSG00000122545	SEPTIN7	7	35800986	172
ENSG00000122547	EEPD1	7	36153252	173
ENSG00000164542	MATCAP2	7	36324152	174
ENSG00000011426	ANLN	7	36389809	175
ENSG00000136250	AOAH	7	36509313	176
ENSG00000230539	AOAH-IT1	7	36597834	177
ENSG00000155849	ELMO1	7	36852906	178
ENSG00000224101	ELMO1-AS1	7	36997796	179
ENSG00000187037	GPR141	7	37683560	180
ENSG00000106483	SFRP4	7	37905932	181
ENSG00000086289	EPDR1	7	37920561	182
ENSG00000010270	STARD3NL	7	38178245	183
ENSG00000289746	TARP	7	38239577	184
ENSG00000227191	TRGC2	7	38240024	185
ENSG00000281103	TRG-AS1	7	38341577	186
ENSG00000078053	AMPH	7	38383694	187
ENSG00000006715	VPS41	7	38722974	188
ENSG00000106536	POU6F2	7	38977909	189
ENSG00000224122	POU6F2-AS1	7	39404598	190
ENSG00000241127	YAE1	7	39566404	191
ENSG00000006451	RALA	7	39622955	192
ENSG00000065883	CDK13	7	39949664	193
ENSG00000168303	MPLKIP	7	40126027	194
ENSG00000175600	SUGCT	7	40134887	195
ENSG00000203446	SUGCT-AS1	7	40538127	196
ENSG00000232458	LINC01450	7	40964678	197
ENSG00000122641	INHBA	7	41685101	198
ENSG00000106571	GLI3	7	41960949	199
ENSG00000136197	C7orf25	7	42909273	200
ENSG00000106588	PSMA2	7	42916861	201
ENSG00000106591	MRPL32	7	42932376	202
ENSG00000002746	HECW1	7	43112580	203
ENSG00000164543	STK17A	7	43583108	204
ENSG00000106603	COA1	7	43608452	205
ENSG00000106605	BLVRA	7	43758122	206
ENSG00000062582	MRPS24	7	43866558	207
ENSG00000270617	URGCP-MRPS24	7	43866558	208
ENSG00000106608	URGCP	7	43875894	209
ENSG00000078967	UBE2D4	7	43926422	210
ENSG00000214783	POLR2J4	7	43940895	211
ENSG00000136206	SPDYE1	7	43997855	212
ENSG00000136279	DBNL	7	44044640	213
ENSG00000164708	PGAM2	7	44062727	214
ENSG00000122678	POLM	7	44072062	215
ENSG00000106624	AEBP1	7	44104320	216
ENSG00000106628	POLD2	7	44114680	217
ENSG00000106633	GCK	7	44143213	218
ENSG00000106636	YKT6	7	44200978	219
ENSG00000058404	CAMK2B	7	44217150	220
ENSG00000015676	NUDCD3	7	44379119	221
ENSG00000015520	NPC1L1	7	44512440	222
ENSG00000136271	DDX56	7	44565417	223
ENSG00000158604	TMED4	7	44577894	224
ENSG00000105953	OGDH	7	44606572	225
ENSG00000122515	ZMIZ2	7	44748547	226
ENSG00000196262	PPIA	7	44795960	227
ENSG00000105968	H2AZ2	7	44826889	228
ENSG00000146676	PURB	7	44876299	229
ENSG00000136286	MYO1G	7	44962662	230
ENSG00000232956	SNHG15	7	44983023	231
ENSG00000136280	CCM2	7	44999746	232
ENSG00000136270	TBRG4	7	45100100	233
ENSG00000206838	SNORA5A	7	45104349	234
ENSG00000122679	RAMP3	7	45157778	235
ENSG00000164742	ADCY1	7	45574140	236
ENSG00000291207	SEPTIN7P2	7	45723787	237
ENSG00000146678	IGFBP1	7	45888488	238
ENSG00000146674	IGFBP3	7	45912245	239
ENSG00000237471	LOC102723446	7	45940555	240
ENSG00000136205	TNS3	7	47275154	241
ENSG00000236078	LINC01447	7	47621939	242
ENSG00000158683	PKD1L1	7	47774603	243
ENSG00000136273	HUS1	7	47962980	244
ENSG00000183696	UPP1	7	48088308	245
ENSG00000179869	ABCA13	7	48171424	246
ENSG00000218305	CDC14C	7	48924547	247
ENSG00000185811	IKZF1	7	50303453	248
ENSG00000132436	FIGNL1	7	50437320	249
ENSG00000132437	DDC	7	50458436	250
ENSG00000226122	DDC-AS1	7	50531759	251
ENSG00000106070	GRB10	7	50590068	252
ENSG00000106078	COBL	7	51016212	253
ENSG00000132432	SEC61G	7	54752247	254
ENSG00000146648	EGFR	7	55019017	255
ENSG00000224057	EGFR-AS1	7	55179750	256
ENSG00000132434	LANCL2	7	55365448	257
ENSG00000154978	VOPP1	7	55434406	258
ENSG00000291029	FKBP9P1	7	55681074	259
ENSG00000178665	ZNF713	7	55887456	260
ENSG00000239789	MRPS17	7	55951877	261
ENSG00000146729	NIPSNAP2	7	55964585	262
ENSG00000146733	PSPH	7	56010487	263
ENSG00000146731	CCT6A	7	56051765	264
ENSG00000129103	SUMF2	7	56064007	265
ENSG00000164776	PHKG1	7	56079927	266
ENSG00000106153	CHCHD2	7	56101562	267
ENSG00000260653	MIR3147HG	7	57404767	268
ENSG00000214652	ZNF727	7	64043194	269
ENSG00000234444	ZNF736	7	64313873	270
ENSG00000173041	ZNF680	7	64500253	271
ENSG00000196247	ZNF107	7	64665010	272
ENSG00000197008	ZNF138	7	64794428	273
ENSG00000198039	ZNF273	7	64882493	274
ENSG00000152926	ERV3-1-ZNF117	7	64971776	275
ENSG00000213462	ERV3-1	7	64990356	276
ENSG00000290860	CCT6P3	7	65038354	277
ENSG00000207344	SNORA22C	7	65065999	278
ENSG00000290545	INTS4P1	7	65141030	279
ENSG00000146757	ZNF92	7	65373799	280
ENSG00000290926	LINC03006	7	65647010	281
ENSG00000273024	INTS4P2	7	65647854	282
ENSG00000291124	CCT6P1	7	65751105	283
ENSG00000206634	SNORA22	7	65755526	284
ENSG00000196715	VKORC1L1	7	65865772	285
ENSG00000169919	GUSB	7	65960684	286
ENSG00000126522	ASL	7	66075819	287
ENSG00000241258	CRCP	7	66114818	288
ENSG00000169902	TPST1	7	66205314	289
ENSG00000179406	LINC00174	7	66376044	290
ENSG00000237310	LINC03011	7	66493632	291
ENSG00000291136	RABGEF1P1	7	66530305	292
ENSG00000243335	KCTD7	7	66628881	293
ENSG00000226824	LOC100996437	7	66654519	294
ENSG00000154710	RABGEF1	7	66654567	295
ENSG00000291206	GTF2IRD1P1	7	66809993	296
ENSG00000106609	TMEM248	7	66921208	297
ENSG00000126524	SBDS	7	66987680	298
ENSG00000198874	TYW1	7	66996805	299
ENSG00000291154	PMS2P4	7	67276131	300
ENSG00000291153	STAG3L4	7	67302638	301
ENSG00000158321	AUTS2	7	69598475	302
ENSG00000185274	GALNT17	7	71132144	303
ENSG00000183166	CALN1	7	71779491	304
ENSG00000277149	TYW1B	7	72574513	305
ENSG00000291152	SBDSP1	7	72829373	306
ENSG00000196313	POM121	7	72879335	307
ENSG00000290831	NSUN5P2	7	72948293	308
ENSG00000155428	TRIM74	7	72954845	309
ENSG00000273520	SPDYE8	7	73019731	310
ENSG00000275976	SPDYE11	7	73049139	311
ENSG00000274570	SPDYE10	7	73104567	312
ENSG00000233369	GTF2IP4	7	73154924	313
ENSG00000130305	NSUN5	7	73302516	314
ENSG00000009954	BAZ1B	7	73440406	315
ENSG00000106635	BCL7B	7	73536356	316
ENSG00000106638	TBL2	7	73567537	317
ENSG00000009950	MLXIPL	7	73593201	318
ENSG00000176428	VPS37D	7	73665346	319
ENSG00000176410	DNAJC30	7	73680918	320
ENSG00000071462	BUD23	7	73683571	321
ENSG00000106077	ABHD11	7	73736094	322
ENSG00000049540	ELN	7	74027772	323
ENSG00000232415	ELN-AS1	7	74058921	324
ENSG00000106683	LIMK1	7	74083804	325
ENSG00000106682	EIF4H	7	74174356	326
ENSG00000086730	LAT2	7	74210006	327
ENSG00000049541	RFC2	7	74231502	328
ENSG00000106665	CLIP2	7	74289407	329
ENSG00000006704	GTF2IRD1	7	74453906	330
ENSG00000263001	GTF2I	7	74657665	331
ENSG00000232729	GTF2I-AS1	7	74688937	332
ENSG00000158517	NCF1	7	74773962	333
ENSG00000196275	GTF2IRD2	7	74796144	334
ENSG00000274070	CASTOR2	7	74964693	335
ENSG00000274523	RCC1L	7	75027119	336
ENSG00000174428	GTF2IRD2B	7	75092556	337
ENSG00000165178	NCF1C	7	75156578	338
ENSG00000290871	GTF2IP1	7	75185383	339
ENSG00000286038	SPDYE13	7	75281043	340
ENSG00000286137	SPDYE14	7	75308971	341
ENSG00000286014	SPDYE15	7	75336938	342
ENSG00000290951	STAG3L1	7	75359200	343
ENSG00000290834	LOC541473	7	75391949	344
ENSG00000223705	NSUN5P1	7	75410322	345
ENSG00000272391	POM121C	7	75416786	346
ENSG00000170092	SPDYE5	7	75493627	347
ENSG00000291092	PMS2P3	7	75507747	348
ENSG00000127946	HIP1	7	75533298	349
ENSG00000106178	CCL24	7	75810825	350
ENSG00000005486	RHBDD2	7	75878992	351
ENSG00000127948	POR	7	75915155	352
ENSG00000201643	SNORA14A	7	75943783	353
ENSG00000189077	TMEM120A	7	75986831	354
ENSG00000127952	STYXL1	7	75995820	355
ENSG00000146701	MDH2	7	76048106	356
ENSG00000106211	HSPB1	7	76302673	357
ENSG00000170027	YWHAG	7	76326799	358
ENSG00000146700	SSC4D	7	76389337	359
ENSG00000188372	ZP3	7	76397522	360
ENSG00000091073	DTX2	7	76461655	361
ENSG00000185040	SPDYE16	7	76532337	362
ENSG00000290873	LINC03009	7	76549341	363
ENSG00000146707	POMZP3	7	76609986	364
ENSG00000265479	DTX2P1-UPK3BP1-PMS2P11	7	76980822	365
ENSG00000186645	SPDYE17	7	77023682	366
ENSG00000205482	SPDYE18	7	77052733	367
ENSG00000135205	CCDC146	7	77122615	368
ENSG00000127951	FGL2	7	77193369	369
ENSG00000186088	GSAP	7	77310751	370
ENSG00000127947	PTPN12	7	77537190	371
ENSG00000214293	APTR	7	77657660	372
ENSG00000187257	RSBN1L	7	77696459	373
ENSG00000135211	TMEM60	7	77793728	374
ENSG00000006576	PHTF2	7	77798773	375
ENSG00000187391	MAGI2	7	78017055	376
ENSG00000281120	LOC105375366	7	79139789	377
ENSG00000234456	MAGI2-AS3	7	79452957	378
ENSG00000127955	GNAI1	7	80134831	379
ENSG00000135218	CD36	7	80602207	380
ENSG00000075223	SEMA3C	7	80742536	381
ENSG00000019991	HGF	7	81699006	382
ENSG00000153956	CACNA2D1	7	81946444	383
ENSG00000186472	PCLO	7	82754012	384
ENSG00000170381	SEMA3E	7	83363238	385
ENSG00000075213	SEMA3A	7	83955777	386
ENSG00000153993	SEMA3D	7	84995192	387
ENSG00000164659	ELAPOR2	7	86876906	388
ENSG00000135164	DMTF1	7	87152361	389
ENSG00000135185	TMEM243	7	87196160	390
ENSG00000182165	TP53TG1	7	87325347	391
ENSG00000005469	CROT	7	87345646	392
ENSG00000005471	ABCB4	7	87398988	393
ENSG00000085563	ABCB1	7	87503017	394
ENSG00000105784	RUNDC3B	7	87627656	395
ENSG00000075303	SLC25A40	7	87833568	396
ENSG00000006634	DBF4	7	87876493	397
ENSG00000008277	ADAM22	7	87934143	398
ENSG00000075142	SRI	7	88205115	399
ENSG00000127954	STEAP4	7	88270892	400
ENSG00000164647	STEAP1	7	90154469	401
ENSG00000157214	STEAP2	7	90211740	402
ENSG00000105792	CFAP69	7	90245174	403
ENSG00000157224	CLDN12	7	90403461	404
ENSG00000251154	PTTG1IP2	7	90469639	405
ENSG00000058091	CDK14	7	90596321	406
ENSG00000157240	FZD1	7	91264433	407
ENSG00000127989	MTERF1	7	91870929	408
ENSG00000127914	AKAP9	7	91940862	409
ENSG00000001630	CYP51A1	7	92112149	410
ENSG00000001631	KRIT1	7	92198969	411
ENSG00000001629	ANKIB1	7	92245974	412
ENSG00000157259	GATAD1	7	92447448	413
ENSG00000242950	ERVW-1	7	92468380	414
ENSG00000127980	PEX1	7	92487023	415
ENSG00000127993	RBM48	7	92528795	416
ENSG00000234545	FAM133B	7	92560758	417
ENSG00000105810	CDK6	7	92604921	418
ENSG00000205413	SAMD9	7	93099513	419
ENSG00000177409	SAMD9L	7	93130056	420
ENSG00000004766	VPS50	7	93232340	421
ENSG00000105825	TFPI2	7	93885396	422
ENSG00000127920	GNG11	7	93921735	423
ENSG00000105829	BET1	7	93962762	424
ENSG00000164692	COL1A2	7	94394895	425
ENSG00000127995	CASD1	7	94509809	426
ENSG00000127990	SGCE	7	94584980	427
ENSG00000242265	PEG10	7	94656325	428
ENSG00000158528	PPP1R9A	7	94907202	429
ENSG00000005421	PON1	7	95297676	430
ENSG00000105852	PON3	7	95359872	431
ENSG00000105854	PON2	7	95404862	432
ENSG00000005981	ASB4	7	95485439	433
ENSG00000004799	PDK4	7	95583499	434
ENSG00000158560	DYNC1I1	7	95772506	435
ENSG00000004864	SLC25A13	7	96120220	436
ENSG00000127922	SEM1	7	96481626	437
ENSG00000196636	SDHAF3	7	97117698	438
ENSG00000070669	ASNS	7	97851677	439
ENSG00000164715	LMTK2	7	98106862	440
ENSG00000205356	TECPR1	7	98214624	441
ENSG00000164713	BRI3	7	98281673	442
ENSG00000006453	BAIAP2L1	7	98291650	443
ENSG00000196367	TRRAP	7	98878490	444
ENSG00000266019	MIR3609	7	98881650	445
ENSG00000198742	SMURF1	7	99027435	446
ENSG00000185467	KPNA7	7	99145467	447
ENSG00000241685	ARPC1A	7	99325873	448
ENSG00000130429	ARPC1B	7	99374254	449
ENSG00000106244	PDAP1	7	99394673	450
ENSG00000106245	BUD31	7	99408641	451
ENSG00000106246	PTCD1	7	99416739	452
ENSG00000248919	ATP5MF-PTCD1	7	99416739	453
ENSG00000160917	CPSF4	7	99438912	454
ENSG00000241468	ATP5MF	7	99458158	455
ENSG00000198556	ZNF789	7	99472819	456
ENSG00000160908	ZNF394	7	99486519	457
ENSG00000196652	ZKSCAN5	7	99504650	458
ENSG00000221909	FAM200A	7	99546295	459
ENSG00000197343	ZNF655	7	99558422	460
ENSG00000244219	TMEM225B	7	99572366	461
ENSG00000197037	ZSCAN25	7	99616608	462
ENSG00000106258	CYP3A5	7	99648194	463
ENSG00000282301	CYP3A7-CYP3A51P	7	99684677	464
ENSG00000160870	CYP3A7	7	99705036	465
ENSG00000160868	CYP3A4	7	99756967	466
ENSG00000021461	CYP3A43	7	99827626	467
ENSG00000146833	TRIM4	7	99890403	468
ENSG00000176402	GJC3	7	99923266	469
ENSG00000160862	AZGP1	7	99966730	470
ENSG00000291148	AZGP1P1	7	99980762	471
ENSG00000106261	ZKSCAN1	7	100015552	472
ENSG00000166529	ZSCAN21	7	100049774	473
ENSG00000166526	ZNF3	7	100063837	474
ENSG00000168090	COPS6	7	100088969	475
ENSG00000166508	MCM7	7	100092728	476
ENSG00000221838	AP4M1	7	100101413	477
ENSG00000106290	TAF6	7	100107070	478
ENSG00000166997	CNPY4	7	100119634	479
ENSG00000188186	LAMTOR4	7	100140177	480
ENSG00000146826	TRAPPC14	7	100154423	481
ENSG00000066923	STAG3	7	100177563	482
ENSG00000291122	CASTOR3P	7	100187988	483
ENSG00000213413	PVRIG	7	100218625	484
ENSG00000214300	SPDYE3	7	100306798	485
ENSG00000272752	STAG3L5P-PVRIG2P-PILRB	7	100336065	486
ENSG00000290682	STAG3L5P	7	100336079	487
ENSG00000121716	PILRB	7	100358003	488
ENSG00000085514	PILRA	7	100372659	489
ENSG00000078487	ZCWPW1	7	100400816	490
ENSG00000146834	MEPCE	7	100428790	491
ENSG00000160813	PPP1R35	7	100435282	492
ENSG00000166925	TSC22D4	7	100466519	493
ENSG00000106351	AGFG2	7	100539203	494
ENSG00000205307	SAP25	7	100572228	495
ENSG00000077454	LRCH4	7	100574011	496
ENSG00000106336	FBXO24	7	100582490	497
ENSG00000224729	PCOLCE-AS1	7	100589401	498
ENSG00000106333	PCOLCE	7	100602363	499
ENSG00000106330	MOSPD3	7	100612162	500
ENSG00000106327	TFR2	7	100620416	501
ENSG00000172354	GNB2	7	100673740	502
ENSG00000146830	GIGYF1	7	100679506	503
ENSG00000172336	POP7	7	100706121	504
ENSG00000130427	EPO	7	100720468	505
ENSG00000196411	EPHB4	7	100802565	506
ENSG00000146828	SLC12A9	7	100826869	507
ENSG00000087077	TRIP6	7	100867387	508
ENSG00000087087	SRRT	7	100874971	509
ENSG00000169894	MUC3A	7	100949534	510
ENSG00000205277	MUC12	7	100969623	511
ENSG00000169871	TRIM56	7	101085424	512
ENSG00000106366	SERPINE1	7	101127104	513
ENSG00000106367	AP1S1	7	101154476	514
ENSG00000106384	MOGAT3	7	101192886	515
ENSG00000106397	PLOD3	7	101205984	516
ENSG00000106400	ZNHIT1	7	101218165	517
ENSG00000106404	CLDN15	7	101232092	518
ENSG00000214253	FIS1	7	101239472	519
ENSG00000128581	IFT22	7	101310914	520
ENSG00000160963	COL26A1	7	101362369	521
ENSG00000257923	CUX1	7	101815991	522
ENSG00000260097	SPDYE6	7	102345746	523
ENSG00000128563	PRKRIP1	7	102396363	524
ENSG00000160991	ORAI2	7	102433530	525
ENSG00000160993	ALKBH4	7	102456220	526
ENSG00000161036	LRWD1	7	102464883	527
ENSG00000005075	POLR2J	7	102473094	528
ENSG00000170667	RASA4B	7	102479976	529
ENSG00000284981	UPK3BL2	7	102537919	530
ENSG00000285437	POLR2J3	7	102537919	531
ENSG00000205238	SPDYE2	7	102551232	532
ENSG00000105808	RASA4	7	102579646	533
ENSG00000228049	POLR2J2	7	102636748	534
ENSG00000267368	UPK3BL1	7	102637025	535
ENSG00000173678	SPDYE2B	7	102649122	536
ENSG00000222011	FAM185A	7	102748952	537
ENSG00000161040	FBXL13	7	102810966	538
ENSG00000128606	LRRC17	7	102913000	539
ENSG00000170632	ARMC10	7	103074881	540
ENSG00000161048	NAPEPLD	7	103099576	541
ENSG00000291139	DPY19L2P2	7	103175013	542
ENSG00000105819	PMPCB	7	103297435	543
ENSG00000105821	DNAJC2	7	103312289	544
ENSG00000161057	PSMC2	7	103344405	545
ENSG00000170615	SLC26A5	7	103352598	546
ENSG00000189056	RELN	7	103471784	547
ENSG00000164815	ORC5	7	104126341	548
ENSG00000005483	KMT2E	7	104940949	549
ENSG00000135250	SRPK2	7	105110708	550
ENSG00000091127	PUS7	7	105456501	551
ENSG00000135249	RINT1	7	105532081	552
ENSG00000185055	EFCAB10	7	105565108	553
ENSG00000146776	ATXN7L1	7	105604774	554
ENSG00000128536	CDHR3	7	105876750	555
ENSG00000008282	SYPL1	7	106090362	556
ENSG00000105835	NAMPT	7	106248298	557
ENSG00000253276	CCDC71L	7	106654360	558
ENSG00000105851	PIK3CG	7	106865282	559
ENSG00000005249	PRKAR2B	7	107044705	560
ENSG00000105856	HBP1	7	107168961	561
ENSG00000164597	COG5	7	107201744	562
ENSG00000172209	GPR22	7	107470057	563
ENSG00000105865	DUS4L	7	107563957	564
ENSG00000288558	DUS4L-BCAP29	7	107563971	565
ENSG00000075790	BCAP29	7	107580007	566
ENSG00000105879	CBLL1	7	107743697	567
ENSG00000091140	DLD	7	107891107	568
ENSG00000091136	LAMB1	7	107923799	569
ENSG00000091129	NRCAM	7	108147626	570
ENSG00000135241	PNPLA8	7	108470417	571
ENSG00000177683	THAP5	7	108562132	572
ENSG00000128590	DNAJB9	7	108569874	573
ENSG00000184903	IMMP2L	7	110662644	574
ENSG00000173114	LRRN3	7	111091006	575
ENSG00000128512	DOCK4	7	111726110	576
ENSG00000225572	DOCK4-AS1	7	111808505	577
ENSG00000198839	ZNF277	7	112206612	578
ENSG00000006652	IFRD1	7	112423144	579
ENSG00000181016	LSMEM1	7	112479542	580
ENSG00000146802	TMEM168	7	112762377	581
ENSG00000164603	BMT2	7	112819147	582
ENSG00000214194	SMIM30	7	113116718	583
ENSG00000128573	FOXP2	7	114086327	584
ENSG00000135272	MDFIC	7	114922154	585
ENSG00000105967	TFEC	7	115935148	586
ENSG00000135269	TES	7	116210539	587
ENSG00000105971	CAV2	7	116499738	588
ENSG00000105974	CAV1	7	116525009	589
ENSG00000105976	MET	7	116672196	590
ENSG00000198898	CAPZA2	7	116862587	591
ENSG00000227199	ST7-AS1	7	116952446	592
ENSG00000004866	ST7	7	116953501	593
ENSG00000214188	ST7-OT4	7	116953848	594
ENSG00000226367	ST7-AS2	7	117072072	595
ENSG00000105989	WNT2	7	117275451	596
ENSG00000001626	CFTR	7	117480025	597
ENSG00000077063	CTTNBP2	7	117710648	598
ENSG00000128534	LSM8	7	118184164	599
ENSG00000184408	KCND2	7	120273175	600
ENSG00000106025	TSPAN12	7	120787320	601
ENSG00000071243	ING3	7	120950749	602
ENSG00000106034	CPED1	7	120988711	603
ENSG00000196937	FAM3C	7	121348851	604
ENSG00000106278	PTPRZ1	7	121873161	605
ENSG00000008311	AASS	7	122073544	606
ENSG00000081803	CADPS2	7	122318411	607
ENSG00000188050	RNF133	7	122697735	608
ENSG00000235631	RNF148	7	122701668	609
ENSG00000164675	IQUB	7	123452181	610
ENSG00000128609	NDUFA5	7	123536997	611
ENSG00000106299	WASL	7	123681943	612
ENSG00000170775	GPR37	7	124743885	613
ENSG00000128513	POT1	7	124822386	614
ENSG00000224897	POT1-AS1	7	124929873	615
ENSG00000179603	GRM8	7	126438598	616
ENSG00000287568	LOC101928357	7	126495096	617
ENSG00000048405	ZNF800	7	127342871	618
ENSG00000179562	GCC1	7	127580628	619
ENSG00000004059	ARF5	7	127588411	620
ENSG00000197157	SND1	7	127652145	621
ENSG00000279078	SND1-IT1	7	127997509	622
ENSG00000128594	LRRC4	7	128027071	623
ENSG00000106344	RBM28	7	128297685	624
ENSG00000106348	IMPDH1	7	128392277	625
ENSG00000135245	HILPDA	7	128455830	626
ENSG00000165055	METTL2B	7	128476729	627
ENSG00000205085	GARIN1A	7	128671628	628
ENSG00000128595	CALU	7	128739359	629
ENSG00000128617	OPN1SW	7	128772489	630
ENSG00000128596	CCDC136	7	128790762	631
ENSG00000128591	FLNC	7	128830406	632
ENSG00000128524	ATP6V1F	7	128862856	633
ENSG00000128604	IRF5	7	128937032	634
ENSG00000064419	TNPO3	7	128954180	635
ENSG00000158457	TSPAN33	7	129144707	636
ENSG00000128602	SMO	7	129188633	637
ENSG00000158467	AHCYL2	7	129225030	638
ENSG00000128578	STRIP2	7	129434432	639
ENSG00000106459	NRF1	7	129611720	640
ENSG00000186591	UBE2H	7	129830732	641
ENSG00000091732	ZC3HC1	7	130018286	642
ENSG00000128607	KLHDC10	7	130070532	643
ENSG00000146842	TMEM209	7	130164713	644
ENSG00000106477	CEP41	7	130393771	645
ENSG00000106484	MEST	7	130486175	646
ENSG00000272701	MESTIT1	7	130487057	647
ENSG00000158623	COPG2	7	130506238	648
ENSG00000231721	LINC-PINT	7	130877562	649
ENSG00000128585	MKLN1	7	131110094	650
ENSG00000236753	MKLN1-AS	7	131309744	651
ENSG00000128567	PODXL	7	131500271	652
ENSG00000221866	PLXNA4	7	132123332	653
ENSG00000106554	CHCHD3	7	132784862	654
ENSG00000284135	MIR3654	7	133034860	655
ENSG00000131558	EXOC4	7	133253067	656
ENSG00000155530	LRGUK	7	134127340	657
ENSG00000205060	SLC35B4	7	134289332	658
ENSG00000085662	AKR1B1	7	134442350	659
ENSG00000198074	AKR1B10	7	134527567	660
ENSG00000172331	BPGM	7	134646779	661
ENSG00000122786	CALD1	7	134779629	662
ENSG00000146856	AGBL3	7	134986139	663
ENSG00000122783	CYREN	7	135092303	664
ENSG00000146859	TMEM140	7	135148072	665
ENSG00000105875	WDR91	7	135183839	666
ENSG00000080802	CNOT4	7	135361795	667
ENSG00000155561	NUP205	7	135557917	668
ENSG00000243317	STMP1	7	135662514	669
ENSG00000164707	SLC13A4	7	135681231	670
ENSG00000189320	FAM180A	7	135729592	671
ENSG00000105887	MTPN	7	135926760	672
ENSG00000181072	CHRM2	7	136868637	673
ENSG00000105894	PTN	7	137227341	674
ENSG00000157680	DGKI	7	137381037	675
ENSG00000182158	CREB3L2	7	137874979	676
ENSG00000237243	CREB3L2-AS1	7	137953348	677
ENSG00000122787	AKR1D1	7	138076459	678
ENSG00000122779	TRIM24	7	138460259	679
ENSG00000157703	SVOPL	7	138591689	680
ENSG00000122778	KIAA1549	7	138831377	681
ENSG00000146858	ZC3HAV1L	7	139021498	682
ENSG00000105939	ZC3HAV1	7	139043515	683
ENSG00000105948	TTC26	7	139133744	684
ENSG00000157741	UBN2	7	139228408	685
ENSG00000146963	LUC7L2	7	139340359	686
ENSG00000164898	FMC1	7	139340450	687
ENSG00000269955	FMC1-LUC7L2	7	139341132	688
ENSG00000064393	HIPK2	7	139561570	689
ENSG00000059377	TBXAS1	7	139778242	690
ENSG00000059378	PARP12	7	140023744	691
ENSG00000006459	KDM7A	7	140084746	692
ENSG00000260231	KDM7A-DT	7	140177261	693
ENSG00000157800	SLC37A3	7	140333752	694
ENSG00000133606	MKRN1	7	140453033	695
ENSG00000146966	DENND2A	7	140518418	696
ENSG00000133597	ADCK2	7	140672895	697
ENSG00000090266	NDUFB2	7	140696708	698
ENSG00000157764	BRAF	7	140719331	699
ENSG00000090263	MRPS33	7	141002610	700
ENSG00000261115	TMEM178B	7	141073402	701
ENSG00000006530	AGK	7	141551410	702
ENSG00000257093	DENND11	7	141652381	703
ENSG00000228775	WEE2-AS1	7	141704338	704
ENSG00000214102	WEE2	7	141708353	705
ENSG00000106028	SSBP1	7	141738321	706
ENSG00000127362	TAS2R3	7	141764097	707
ENSG00000127364	TAS2R4	7	141778489	708
ENSG00000127366	TAS2R5	7	141790217	709
ENSG00000165076	PRSS37	7	141836278	710
ENSG00000258227	CLEC5A	7	141927356	711
ENSG00000257335	MGAM	7	141986517	712
ENSG00000257743	MGAM2	7	142111703	713
ENSG00000211751	TRBC1	7	142791694	714
ENSG00000211772	TRBC2	7	142801041	715
ENSG00000106123	EPHB6	7	142854639	716
ENSG00000197448	GSTK1	7	143263429	717
ENSG00000178826	TMEM139	7	143284899	718
ENSG00000106144	CASP2	7	143288351	719
ENSG00000159840	ZYX	7	143381227	720
ENSG00000146904	EPHA1	7	143390813	721
ENSG00000229153	EPHA1-AS1	7	143407813	722
ENSG00000271079	CTAGE15	7	143571801	723
ENSG00000170379	TCAF2	7	143620974	724
ENSG00000271321	CTAGE6	7	143755089	725
ENSG00000291149	LOC154761	7	143811968	726
ENSG00000198420	TCAF1	7	143851375	727
ENSG00000288784	CTAGE4	7	144183455	728
ENSG00000213214	ARHGEF35	7	144186083	729
ENSG00000170356	OR2A20P	7	144250674	730
ENSG00000243896	OR2A7	7	144258696	731
ENSG00000289604	CTAGE8	7	144266674	732
ENSG00000050327	ARHGEF5	7	144355396	733
ENSG00000196511	TPK1	7	144451941	734
ENSG00000174469	CNTNAP2	7	146116207	735
ENSG00000055130	CUL1	7	148697756	736
ENSG00000106462	EZH2	7	148807374	737
ENSG00000202354	RNY3	7	148983755	738
ENSG00000201098	RNY1	7	148987136	739
ENSG00000155660	PDIA4	7	149003051	740
ENSG00000197362	ZNF786	7	149069641	741
ENSG00000204947	ZNF425	7	149102784	742
ENSG00000197024	ZNF398	7	149126408	743
ENSG00000170265	ZNF282	7	149195495	744
ENSG00000170260	ZNF212	7	149239651	745
ENSG00000204946	ZNF783	7	149262196	746
ENSG00000290600	LOC155060	7	149285281	747
ENSG00000196453	ZNF777	7	149431363	748
ENSG00000181220	ZNF746	7	149472696	749
ENSG00000291118	ZNF767P	7	149547154	750
ENSG00000133619	KRBA1	7	149714945	751
ENSG00000181444	ZNF467	7	149764182	752
ENSG00000197558	SSPOP	7	149776042	753
ENSG00000106479	ZNF862	7	149838375	754
ENSG00000204934	ATP6V0E2-AS1	7	149867694	755
ENSG00000171130	ATP6V0E2	7	149872964	756
ENSG00000106526	ACTR3C	7	149881359	757
ENSG00000127399	LRRC61	7	150309499	758
ENSG00000106538	RARRES2	7	150338329	759
ENSG00000214022	REPIN1	7	150368096	760
ENSG00000284691	LOC728743	7	150405752	761
ENSG00000171115	GIMAP8	7	150450630	762
ENSG00000179144	GIMAP7	7	150514872	763
ENSG00000133574	GIMAP4	7	150567370	764
ENSG00000133561	GIMAP6	7	150625375	765
ENSG00000106560	GIMAP2	7	150685706	766
ENSG00000281887	GIMAP1-GIMAP5	7	150716557	767
ENSG00000213203	GIMAP1	7	150716613	768
ENSG00000196329	GIMAP5	7	150737348	769
ENSG00000106565	TMEM176B	7	150791287	770
ENSG00000002933	TMEM176A	7	150800543	771
ENSG00000002726	AOC1	7	150824875	772
ENSG00000164867	NOS3	7	150991017	773
ENSG00000197150	ABCB8	7	151028422	774
ENSG00000164885	CDK5	7	151053815	775
ENSG00000164889	SLC4A2	7	151058200	776
ENSG00000164896	FASTK	7	151076621	777
ENSG00000164897	TMUB1	7	151081085	778
ENSG00000133612	AGAP3	7	151085867	779
ENSG00000285292	ABCF2-H2BK1	7	151207837	780
ENSG00000033050	ABCF2	7	151211484	781
ENSG00000033100	CHPF2	7	151232483	782
ENSG00000082014	SMARCD3	7	151238780	783
ENSG00000013374	NUB1	7	151341699	784
ENSG00000187260	WDR86	7	151377974	785
ENSG00000106615	RHEB	7	151466012	786
ENSG00000106617	PRKAG2	7	151556114	787
ENSG00000242048	PRKAG2-AS2	7	151806338	788
ENSG00000178234	GALNT11	7	152025674	789
ENSG00000055609	KMT2C	7	152134925	790
ENSG00000261455	LINC01003	7	152464124	791
ENSG00000196584	XRCC2	7	152644776	792
ENSG00000133627	ACTR3B	7	152759749	793
ENSG00000157212	PAXIP1	7	154943690	794
ENSG00000273344	PAXIP1-DT	7	155003433	795
ENSG00000290007	LOC105375587	7	155238658	796
ENSG00000186480	INSIG1	7	155297772	797
ENSG00000216895	RBM33-DT	7	155641916	798
ENSG00000184863	RBM33	7	155644494	799
ENSG00000164690	SHH	7	155799980	800
ENSG00000204876	LOC389602	7	155961219	801
ENSG00000182648	RNF32-DT	7	156472099	802
ENSG00000105982	RNF32	7	156640202	803
ENSG00000105983	LMBR1	7	156669012	804
ENSG00000146909	NOM1	7	156949712	805
ENSG00000009335	UBE3C	7	157138926	806
ENSG00000105993	DNAJB6	7	157337004	807
ENSG00000155093	PTPRN2	7	157539052	808
ENSG00000146918	NCAPG2	7	158631169	809
ENSG00000117868	ESYT2	7	158730997	810
ENSG00000126870	DYNC2I1	7	158839245	811
ENSG00000172748	ZNF596	8	232137	1
ENSG00000147364	FBXO25	8	406808	2
ENSG00000180190	TDRP	8	489790	3
ENSG00000104714	ERICH1	8	614742	4
ENSG00000198010	DLGAP2	8	737628	5
ENSG00000275427	LOC286083	8	1296034	6
ENSG00000182372	CLN8	8	1755778	7
ENSG00000253982	CLN8-AS1	8	1761963	8
ENSG00000104728	ARHGEF10	8	1823926	9
ENSG00000176595	KBTBD11	8	1970718	10
ENSG00000253764	KBTBD11-AS1	8	1971179	11
ENSG00000036448	MYOM2	8	2045046	12
ENSG00000147316	MCPH1	8	6406592	13
ENSG00000091879	ANGPT2	8	6499632	14
ENSG00000155189	AGPAT5	8	6708587	15
ENSG00000164825	DEFB1	8	6870592	16
ENSG00000215374	FAM66B	8	7298744	17
ENSG00000291049	FAM86B3P	8	8228570	18
ENSG00000275342	PRAG1	8	8317736	19
ENSG00000253958	CLDN23	8	8701937	20
ENSG00000147324	MFHAS1	8	8783354	21
ENSG00000104626	ERI1	8	8892225	22
ENSG00000173281	PPP1R3B	8	9136255	23
ENSG00000254237	LOC105379230	8	9365343	24
ENSG00000173273	TNKS	8	9555230	25
ENSG00000175806	MSRA	8	10054224	26
ENSG00000253641	LINC03022	8	10474565	27
ENSG00000184647	PRSS55	8	10525484	28
ENSG00000171056	SOX7	8	10723768	29
ENSG00000248896	LOC102723313	8	10729291	30
ENSG00000254093	PINX1	8	10764961	31
ENSG00000171044	XKR6	8	10893764	32
ENSG00000104643	MTMR9	8	11284416	33
ENSG00000136574	GATA4	8	11676931	34
ENSG00000154328	NEIL2	8	11769710	35
ENSG00000079459	FDFT1	8	11795573	36
ENSG00000164733	CTSB	8	11842524	37
ENSG00000186523	FAM86B1	8	12182106	38
ENSG00000283674	LOC729732	8	12537079	39
ENSG00000154359	LONRF1	8	12721900	40
ENSG00000250305	TRMT9B	8	12945673	41
ENSG00000164741	DLC1	8	13083361	42
ENSG00000185053	SGCZ	8	14084845	43
ENSG00000104723	TUSC3	8	15540087	44
ENSG00000038945	MSR1	8	16107878	45
ENSG00000155970	MICU3	8	17027238	46
ENSG00000104219	ZDHHC2	8	17156000	47
ENSG00000198791	CNOT7	8	17221981	48
ENSG00000155975	VPS37A	8	17246892	49
ENSG00000003987	MTMR7	8	17296128	50
ENSG00000003989	SLC7A2	8	17494349	51
ENSG00000104213	PDGFRL	8	17576433	52
ENSG00000129422	MTUS1	8	17643794	53
ENSG00000104760	FGL1	8	17864380	54
ENSG00000078674	PCM1	8	17922784	55
ENSG00000104763	ASAH1	8	18055992	56
ENSG00000245281	ASAH1-AS1	8	18084868	57
ENSG00000171428	NAT1	8	18170419	58
ENSG00000156006	NAT2	8	18386585	59
ENSG00000156011	PSD3	8	18527303	60
ENSG00000104611	SH2D4A	8	19313570	61
ENSG00000147408	CSGALNACT1	8	19404161	62
ENSG00000104613	INTS10	8	19817149	63
ENSG00000175445	LPL	8	19939253	64
ENSG00000147416	ATP6V1B2	8	20197375	65
ENSG00000061337	LZTS1	8	20246165	66
ENSG00000253147	LINC03023	8	20953633	67
ENSG00000253199	LINC02153	8	20973986	68
ENSG00000168546	GFRA2	8	21690398	69
ENSG00000147443	DOK2	8	21908873	70
ENSG00000130227	XPO7	8	21919662	71
ENSG00000158806	NPM2	8	22023308	72
ENSG00000158856	DMTN	8	22048931	73
ENSG00000158863	FHIP2B	8	22089150	74
ENSG00000275074	NUDT18	8	22106872	75
ENSG00000168476	REEP4	8	22138020	76
ENSG00000168487	BMP1	8	22165372	77
ENSG00000168490	PHYHIP	8	22219703	78
ENSG00000168495	POLR3D	8	22245104	79
ENSG00000197181	PIWIL2	8	22275314	80
ENSG00000104635	SLC39A14	8	22367278	81
ENSG00000120910	PPP3CC	8	22440970	82
ENSG00000120896	SORBS3	8	22544990	83
ENSG00000120913	PDLIM2	8	22578741	84
ENSG00000241852	C8orf58	8	22599599	85
ENSG00000158941	CCAR2	8	22604740	86
ENSG00000147439	BIN3	8	22620418	87
ENSG00000008853	RHOBTB2	8	22987251	88
ENSG00000120889	TNFRSF10B	8	23020133	89
ENSG00000173535	TNFRSF10C	8	23102814	90
ENSG00000173530	TNFRSF10D	8	23135588	91
ENSG00000104689	TNFRSF10A	8	23190452	92
ENSG00000147457	CHMP7	8	23243637	93
ENSG00000104679	R3HCC1	8	23288092	94
ENSG00000134013	LOXL2	8	23296897	95
ENSG00000253837	LOC100507156	8	23336208	96
ENSG00000197217	ENTPD4	8	23429152	97
ENSG00000147454	SLC25A37	8	23528956	98
ENSG00000167034	NKX3-1	8	23678693	99
ENSG00000159167	STC1	8	23841929	100
ENSG00000042980	ADAM28	8	24294040	101
ENSG00000147459	DOCK5	8	25184689	102
ENSG00000147437	GNRH1	8	25419258	103
ENSG00000104756	KCTD9	8	25424357	104
ENSG00000184661	CDCA2	8	25458557	105
ENSG00000221914	PPP2R2A	8	26291508	106
ENSG00000228451	SDAD1P1	8	26379259	107
ENSG00000104765	BNIP3L	8	26383054	108
ENSG00000240694	PNMA2	8	26504695	109
ENSG00000092964	DPYSL2	8	26514031	110
ENSG00000120907	ADRA1A	8	26738113	111
ENSG00000253888	LOC105379340	8	27171589	112
ENSG00000104228	TRIM35	8	27284886	113
ENSG00000120899	PTK2B	8	27311478	114
ENSG00000120915	EPHX2	8	27491143	115
ENSG00000120885	CLU	8	27596917	116
ENSG00000284280	MIR6843	8	27610601	117
ENSG00000168077	SCARA3	8	27633665	118
ENSG00000147419	CCDC25	8	27733316	119
ENSG00000171320	ESCO2	8	27771949	120
ENSG00000168079	SCARA5	8	27869883	121
ENSG00000189233	NUGGC	8	28021964	122
ENSG00000134014	ELP3	8	28090232	123
ENSG00000186918	ZNF395	8	28345590	124
ENSG00000214050	FBXO16	8	28428408	125
ENSG00000104290	FZD3	8	28494205	126
ENSG00000012232	EXTL3	8	28607736	127
ENSG00000104299	INTS9	8	28767658	128
ENSG00000147421	HMBOX1	8	28890394	129
ENSG00000197892	KIF13B	8	29067278	130
ENSG00000120875	DUSP4	8	29333062	131
ENSG00000133872	SARAF	8	30063003	132
ENSG00000104660	LEPROTL1	8	30095408	133
ENSG00000104671	DCTN6	8	30156369	134
ENSG00000254109	RBPMS-AS1	8	30382119	135
ENSG00000157110	RBPMS	8	30384501	136
ENSG00000197265	GTF2E2	8	30578318	137
ENSG00000253457	SMIM18	8	30637771	138
ENSG00000104687	GSR	8	30678061	139
ENSG00000104691	UBXN8	8	30729131	140
ENSG00000104695	PPP2CB	8	30785616	141
ENSG00000165392	WRN	8	31033749	142
ENSG00000157168	NRG1	8	31639245	143
ENSG00000247134	LOC105379362	8	32927942	144
ENSG00000172728	FUT10	8	33308102	145
ENSG00000198042	MAK16	8	33485182	146
ENSG00000129696	TTI2	8	33498465	147
ENSG00000239039	SNORD13	8	33513475	148
ENSG00000133874	RNF122	8	33547754	149
ENSG00000183779	ZNF703	8	37695782	150
ENSG00000183154	LOC102723701	8	37734761	151
ENSG00000147475	ERLIN2	8	37736627	152
ENSG00000147471	PLPBP	8	37762546	153
ENSG00000020181	ADGRA2	8	37796883	154
ENSG00000104221	BRF2	8	37843268	155
ENSG00000156675	RAB11FIP1	8	37858618	156
ENSG00000187840	EIF4EBP1	8	38030534	157
ENSG00000129691	ASH2L	8	38104965	158
ENSG00000147465	STAR	8	38142700	159
ENSG00000175324	LSM1	8	38163321	160
ENSG00000156735	BAG4	8	38176855	161
ENSG00000085788	DDHD2	8	38231491	162
ENSG00000147535	PLPP5	8	38261790	163
ENSG00000147548	NSD3	8	38269704	164
ENSG00000165046	LETM2	8	38382505	165
ENSG00000077782	FGFR1	8	38411138	166
ENSG00000147526	TACC1	8	38728205	167
ENSG00000169499	PLEKHA2	8	38901346	168
ENSG00000169490	TM2D2	8	38988808	169
ENSG00000168615	ADAM9	8	38996767	170
ENSG00000131203	IDO1	8	39913891	171
ENSG00000188676	IDO2	8	39934955	172
ENSG00000176907	TCIM	8	40153482	173
ENSG00000104332	SFRP1	8	41261962	174
ENSG00000147533	GOLGA7	8	41490396	175
ENSG00000147536	GINS4	8	41529205	176
ENSG00000158669	GPAT4	8	41578190	177
ENSG00000083168	KAT6A	8	41929479	178
ENSG00000070718	AP3M2	8	42152946	179
ENSG00000104368	PLAT	8	42174718	180
ENSG00000104365	IKBKB	8	42270727	181
ENSG00000070501	POLB	8	42338452	182
ENSG00000078668	VDAC3	8	42391624	183
ENSG00000168575	SLC20A2	8	42416462	184
ENSG00000176209	SMIM19	8	42541148	185
ENSG00000131931	THAP1	8	42836674	186
ENSG00000120925	RNF170	8	42849637	187
ENSG00000168172	HOOK3	8	42896978	188
ENSG00000168522	FNTA	8	43056299	189
ENSG00000185900	POMK	8	43093506	190
ENSG00000165102	HGSNAT	8	43140449	191
ENSG00000164808	SPIDR	8	47260878	192
ENSG00000221869	CEBPD	8	47736913	193
ENSG00000253729	PRKDC	8	47773111	194
ENSG00000104738	MCM4	8	47960941	195
ENSG00000169139	UBE2V2	8	47997527	196
ENSG00000034239	CLXN	8	48709593	197
ENSG00000019549	SNAI2	8	48917598	198
ENSG00000147481	SNTG1	8	49909796	199
ENSG00000168300	PCMTD1	8	51817575	200
ENSG00000147488	ST18	8	52110832	201
ENSG00000023287	RB1CC1	8	52622458	202
ENSG00000288611	NPBWR1	8	52939908	203
ENSG00000237807	LINC02984	8	53511779	204
ENSG00000047249	ATP6V1H	8	53715543	205
ENSG00000147509	RGS20	8	53851795	206
ENSG00000187735	TCEA1	8	53966556	207
ENSG00000120992	LYPLA1	8	54046367	208
ENSG00000137547	MRPL15	8	54135224	209
ENSG00000164736	SOX17	8	54457935	210
ENSG00000206579	XKR4	8	55102028	211
ENSG00000167904	TMEM68	8	55738758	212
ENSG00000137574	TGS1	8	55773446	213
ENSG00000254087	LYN	8	55876041	214
ENSG00000008988	RPS20	8	56067295	215
ENSG00000181690	PLAG1	8	56160909	216
ENSG00000170791	CHCHD7	8	56211638	217
ENSG00000104331	BPNT2	8	56957931	218
ENSG00000253301	LINC01606	8	57218276	219
ENSG00000169122	FAM110B	8	57994509	220
ENSG00000215114	UBXN2B	8	58411264	221
ENSG00000167910	CYP7A1	8	58490178	222
ENSG00000137575	SDCBP	8	58552924	223
ENSG00000035681	NSMAF	8	58583504	224
ENSG00000198846	TOX	8	58805412	225
ENSG00000104388	RAB2A	8	60516910	226
ENSG00000171316	CHD7	8	60678740	227
ENSG00000177182	CLVS1	8	60964833	228
ENSG00000198363	ASPH	8	61500556	229
ENSG00000185942	NKAIN3	8	62248854	230
ENSG00000137563	GGH	8	63015079	231
ENSG00000137561	TTPA	8	63059488	232
ENSG00000185728	YTHDF3	8	63168553	233
ENSG00000180828	BHLHE22	8	64580365	234
ENSG00000172817	CYP7B1	8	64586575	235
ENSG00000104442	ARMC1	8	65602456	236
ENSG00000066855	MTFR1	8	65643873	237
ENSG00000205268	PDE7A	8	65714334	238
ENSG00000147573	TRIM55	8	66112667	239
ENSG00000246145	RRS1-DT	8	66419587	240
ENSG00000179041	RRS1	8	66429014	241
ENSG00000147576	ADHFE1	8	66432504	242
ENSG00000169085	VXN	8	66493566	243
ENSG00000185697	MYBL1	8	66562175	244
ENSG00000175073	VCPIP1	8	66628487	245
ENSG00000288596	C8orf44	8	66667596	246
ENSG00000288602	C8orf44-SGK3	8	66667596	247
ENSG00000104205	SGK3	8	66712781	248
ENSG00000213005	PTTG3P	8	66767329	249
ENSG00000178460	MCMDC2	8	66870757	250
ENSG00000121022	COPS5	8	67043079	251
ENSG00000104218	CSPP1	8	67062417	252
ENSG00000066777	ARFGEF1	8	67174298	253
ENSG00000046889	PREX2	8	67951918	254
ENSG00000137573	SULF1	8	69466624	255
ENSG00000137571	SLCO5A1	8	69667046	256
ENSG00000140396	NCOA2	8	70109770	257
ENSG00000067167	TRAM1	8	70573218	258
ENSG00000246366	LACTB2-AS1	8	70608577	259
ENSG00000147592	LACTB2	8	70637266	260
ENSG00000221947	XKR9	8	70669339	261
ENSG00000104313	EYA1	8	71197433	262
ENSG00000178860	MSC	8	71841542	263
ENSG00000235531	MSC-AS1	8	71843123	264
ENSG00000104321	TRPA1	8	72021250	265
ENSG00000147601	TERF1	8	73008856	266
ENSG00000164764	SBSPON	8	73063077	267
ENSG00000147604	RPL7	8	73290242	268
ENSG00000121039	RDH10	8	73294602	269
ENSG00000250295	RDH10-AS1	8	73310906	270
ENSG00000253302	STAU2-AS1	8	73420074	271
ENSG00000040341	STAU2	8	73420369	272
ENSG00000104343	UBE2W	8	73780096	273
ENSG00000154582	ELOC	8	73945119	274
ENSG00000175606	TMEM70	8	73976142	275
ENSG00000154589	LY96	8	73991275	276
ENSG00000104381	GDAP1	8	74350383	277
ENSG00000121005	CRISPLD1	8	74984505	278
ENSG00000164749	HNF4G	8	75407567	279
ENSG00000091656	ZFHX4	8	76681219	280
ENSG00000164751	PEX2	8	76980258	281
ENSG00000171033	PKIA	8	78516340	282
ENSG00000104427	ZC2HC1A	8	78666049	283
ENSG00000104432	IL7	8	78675870	284
ENSG00000104435	STMN2	8	79611117	285
ENSG00000164683	HEY1	8	79764010	286
ENSG00000147586	MRPS28	8	79918717	287
ENSG00000076554	TPD52	8	80034745	288
ENSG00000205189	ZBTB10	8	80485593	289
ENSG00000164684	ZNF704	8	80628451	290
ENSG00000076641	PAG1	8	80967810	291
ENSG00000164687	FABP5	8	81280536	292
ENSG00000170323	FABP4	8	81478419	293
ENSG00000133731	IMPA1	8	81656914	294
ENSG00000253598	SLC10A5	8	81693631	295
ENSG00000104231	ZFAND1	8	81701331	296
ENSG00000164695	CHMP4C	8	81732448	297
ENSG00000104497	SNX16	8	81799583	298
ENSG00000184672	RALYL	8	84182765	299
ENSG00000133739	LRRCC1	8	85107149	300
ENSG00000133740	E2F5	8	85177154	301
ENSG00000176731	RBIS	8	85214048	302
ENSG00000185015	CA13	8	85245458	303
ENSG00000133742	CA1	8	85327608	304
ENSG00000164879	CA3	8	85438859	305
ENSG00000104267	CA2	8	85463902	306
ENSG00000123124	WWP1	8	86342547	307
ENSG00000176623	RMDN1	8	86467055	308
ENSG00000085719	CPNE3	8	86514422	309
ENSG00000156103	MMP16	8	88032009	310
ENSG00000251136	RIPK2-DT	8	89717399	311
ENSG00000104312	RIPK2	8	89757783	312
ENSG00000164823	OSGIN2	8	89901868	313
ENSG00000104320	NBN	8	89933336	314
ENSG00000104325	DECR1	8	90001352	315
ENSG00000104327	CALB1	8	90058608	316
ENSG00000180694	TMEM64	8	90621995	317
ENSG00000123119	NECAB1	8	90791768	318
ENSG00000155099	PIP4P2	8	90993802	319
ENSG00000253738	OTUD6B-AS1	8	91059906	320
ENSG00000155100	OTUD6B	8	91070305	321
ENSG00000214954	LRRC69	8	91102619	322
ENSG00000147606	SLC26A7	8	91209496	323
ENSG00000079102	RUNX1T1	8	91954967	324
ENSG00000253177	LOC101926956	8	92668632	325
ENSG00000205133	TRIQK	8	92883530	326
ENSG00000246662	CIBAR1-DT	8	93346467	327
ENSG00000188343	CIBAR1	8	93700550	328
ENSG00000183808	RBM12B	8	93728163	329
ENSG00000279331	RBM12B-AS1	8	93740111	330
ENSG00000164953	TMEM67	8	93754844	331
ENSG00000164951	PDP1	8	93916923	332
ENSG00000164949	GEM	8	94249249	333
ENSG00000197275	RAD54B	8	94371960	334
ENSG00000265817	FSBP	8	94427716	335
ENSG00000164944	VIRMA	8	94487689	336
ENSG00000253704	VIRMA-DT	8	94553617	337
ENSG00000104413	ESRP1	8	94640999	338
ENSG00000156162	DPY19L4	8	94719708	339
ENSG00000164941	INTS8	8	94823287	340
ENSG00000175305	CCNE2	8	94880224	341
ENSG00000156170	NDUFAF6	8	94895768	342
ENSG00000164938	TP53INP1	8	94925972	343
ENSG00000175895	PLEKHF2	8	95133785	344
ENSG00000156172	CFAP418	8	95244913	345
ENSG00000156466	GDF6	8	96142333	346
ENSG00000156467	UQCRB	8	96226676	347
ENSG00000156469	MTERF3	8	96239398	348
ENSG00000156471	PTDSS1	8	96261902	349
ENSG00000169439	SDC2	8	96493601	350
ENSG00000104324	CPQ	8	96645242	351
ENSG00000180543	TSPYL5	8	97273488	352
ENSG00000147649	MTDH	8	97643972	353
ENSG00000104341	LAPTM4B	8	97775788	354
ENSG00000132561	MATN2	8	97869064	355
ENSG00000156482	RPL30	8	98041721	356
ENSG00000177459	ERICH5	8	98064522	357
ENSG00000132541	RIDA	8	98102344	358
ENSG00000104356	POP1	8	98117293	359
ENSG00000104361	NIPAL2	8	98189826	360
ENSG00000156486	KCNS2	8	98426958	361
ENSG00000104375	STK3	8	98433048	362
ENSG00000132549	VPS13B	8	99013266	363
ENSG00000164919	COX6C	8	99877865	364
ENSG00000147669	POLR2K	8	100150636	365
ENSG00000104450	SPAG1	8	100157869	366
ENSG00000034677	RNF19A	8	100257059	367
ENSG00000186106	ANKRD46	8	100509752	368
ENSG00000070756	PABPC1	8	100702916	369
ENSG00000284570	MIR7705	8	100702968	370
ENSG00000164924	YWHAZ	8	100916523	371
ENSG00000120963	ZNF706	8	101197038	372
ENSG00000083307	GRHL2	8	101492439	373
ENSG00000104490	NCALD	8	101686542	374
ENSG00000048392	RRM2B	8	102204501	375
ENSG00000104517	UBR5	8	102252273	376
ENSG00000155090	KLF10	8	102648777	377
ENSG00000155096	AZIN1	8	102826302	378
ENSG00000155097	ATP6V1C1	8	103021083	379
ENSG00000164929	BAALC	8	103140725	380
ENSG00000247081	LOC105369147	8	103243538	381
ENSG00000164930	FZD6	8	103298494	382
ENSG00000164932	CTHRC1	8	103371538	383
ENSG00000164933	SLC25A32	8	103398638	384
ENSG00000164934	DCAF13	8	103415386	385
ENSG00000164935	DCSTAMP	8	104339087	386
ENSG00000147647	DPYS	8	104379429	387
ENSG00000147650	LRP12	8	104489231	388
ENSG00000169946	ZFPM2	8	105318438	389
ENSG00000164830	OXR1	8	106270178	390
ENSG00000174429	ABRA	8	106759483	391
ENSG00000154188	ANGPT1	8	107249482	392
ENSG00000104408	EIF3E	8	108201216	393
ENSG00000104412	EMC2	8	108443583	394
ENSG00000164841	TMEM74	8	108606850	395
ENSG00000120526	NUDCD1	8	109240919	396
ENSG00000120533	ENY2	8	109334347	397
ENSG00000205038	PKHD1L1	8	109362461	398
ENSG00000147654	EBAG9	8	109539700	399
ENSG00000147642	SYBU	8	109573978	400
ENSG00000164796	CSMD3	8	112222928	401
ENSG00000104447	TRPS1	8	115408496	402
ENSG00000147677	EIF3H	8	116642130	403
ENSG00000289382	LOC105375713	8	116652100	404
ENSG00000147679	UTP23	8	116766524	405
ENSG00000164754	RAD21	8	116845934	406
ENSG00000164758	MED30	8	117520713	407
ENSG00000182197	EXT1	8	117799363	408
ENSG00000177570	SAMD12	8	118131825	409
ENSG00000164761	TNFRSF11B	8	118923557	410
ENSG00000184374	COLEC10	8	118952233	411
ENSG00000254278	LOC101927513	8	119062942	412
ENSG00000147676	MAL2	8	119208363	413
ENSG00000253972	MAL2-AS1	8	119214623	414
ENSG00000136999	CCN3	8	119416446	415
ENSG00000136960	ENPP2	8	119557085	416
ENSG00000064313	TAF2	8	119730773	417
ENSG00000136982	DSCC1	8	119833960	418
ENSG00000155792	DEPTOR	8	119873655	419
ENSG00000187955	COL14A1	8	120124467	420
ENSG00000172172	MRPL13	8	120395437	421
ENSG00000172167	MTBP	8	120445401	422
ENSG00000172164	SNTB1	8	120535756	423
ENSG00000248318	LOC101927543	8	120761253	424
ENSG00000170961	HAS2	8	121612116	425
ENSG00000178764	ZHX2	8	122781655	426
ENSG00000136986	DERL1	8	123013164	427
ENSG00000156787	TBC1D31	8	123041961	428
ENSG00000204949	FAM83A-AS1	8	123201172	429
ENSG00000189376	C8orf76	8	123219967	430
ENSG00000259305	ZHX1-C8orf76	8	123226191	431
ENSG00000165156	ZHX1	8	123248450	432
ENSG00000156802	ATAD2	8	123319850	433
ENSG00000156795	NTAQ1	8	123416701	434
ENSG00000156804	FBXO32	8	123497887	435
ENSG00000104537	ANXA13	8	123680794	436
ENSG00000176853	FAM91A1	8	123768439	437
ENSG00000164983	TMEM65	8	124310918	438
ENSG00000183665	TRMT12	8	124450820	439
ENSG00000245149	RNF139-DT	8	124462493	440
ENSG00000170881	RNF139	8	124474767	441
ENSG00000147687	TATDN1	8	124488494	442
ENSG00000147684	NDUFB9	8	124539102	443
ENSG00000170873	MTSS1	8	124550770	444
ENSG00000180938	ZNF572	8	124973295	445
ENSG00000104549	SQLE	8	124998505	446
ENSG00000164961	WASHC5	8	125024260	447
ENSG00000156831	NSMCE2	8	125091779	448
ENSG00000173334	TRIB1	8	125430290	449
ENSG00000245164	LINC00861	8	125922523	450
ENSG00000168672	LRATD2	8	126552443	451
ENSG00000253438	LOC105375751	8	126557406	452
ENSG00000282961	PRNCR1	8	127079874	453
ENSG00000136997	MYC	8	127735434	454
ENSG00000249859	PVT1	8	127794533	455
ENSG00000153310	CYRIB	8	129839593	456
ENSG00000153317	ASAP1	8	130052104	457
ENSG00000280543	ASAP1-IT2	8	130082738	458
ENSG00000132294	EFR3A	8	131904093	459
ENSG00000184156	KCNQ3	8	132120858	460
ENSG00000129295	DNAAF11	8	132570416	461
ENSG00000165071	TMEM71	8	132709941	462
ENSG00000129292	PHF20L1	8	132775358	463
ENSG00000042832	TG	8	132866943	464
ENSG00000155926	SLA	8	133036728	465
ENSG00000287736	PTCSC1	8	133054959	466
ENSG00000104415	CCN4	8	133190907	467
ENSG00000104419	NDRG1	8	133237171	468
ENSG00000008513	ST3GAL1	8	133454848	469
ENSG00000066827	ZFAT	8	134477788	470
ENSG00000131773	KHDRBS3	8	135457456	471
ENSG00000167632	TRAPPC9	8	139727725	472
ENSG00000253574	LOC105375781	8	139911238	473
ENSG00000282164	PEG13	8	140094894	474
ENSG00000104472	CHRAC1	8	140511322	475
ENSG00000123908	AGO2	8	140520156	476
ENSG00000169398	PTK2	8	140657900	477
ENSG00000105339	DENND3	8	141128562	478
ENSG00000022567	SLC45A4	8	141207166	479
ENSG00000184489	PTP4A3	8	141391995	480
ENSG00000171045	TSNARE1	8	142212080	481
ENSG00000234616	JRK	8	142651501	482
ENSG00000130193	THEM6	8	142727223	483
ENSG00000284505	LYNX1-SLURP2	8	142764338	484
ENSG00000180155	LYNX1	8	142771197	485
ENSG00000160932	LY6E	8	143018485	486
ENSG00000177335	LINC02904	8	143039209	487
ENSG00000181638	ZFP41	8	143246939	488
ENSG00000250571	GLI4	8	143267445	489
ENSG00000253716	MINCR	8	143280155	490
ENSG00000185730	ZNF696	8	143291417	491
ENSG00000184428	TOP1MT	8	143309324	492
ENSG00000014164	ZC3H3	8	143437655	493
ENSG00000104518	GSDMD	8	143553387	494
ENSG00000289161	LOC100310756	8	143556819	495
ENSG00000204839	MROH6	8	143566189	496
ENSG00000147813	NAPRT	8	143574585	497
ENSG00000104529	EEF1D	8	143579694	498
ENSG00000179886	TIGD5	8	143597831	499
ENSG00000104524	PYCR3	8	143603210	500
ENSG00000104522	GFUS	8	143612618	501
ENSG00000183309	ZNF623	8	143636019	502
ENSG00000181135	ZNF707	8	143684479	503
ENSG00000180921	FAM83H	8	143723933	504
ENSG00000180900	SCRIB	8	143790925	505
ENSG00000179950	PUF60	8	143816344	506
ENSG00000185189	NRBP2	8	143829776	507
ENSG00000261150	EPPK1	8	143857319	508
ENSG00000178209	PLEC	8	143915153	509
ENSG00000178685	PARP10	8	143977158	510
ENSG00000178719	GRINA	8	143990056	511
ENSG00000186583	SPATC1	8	144010992	512
ENSG00000178814	OPLAH	8	144051266	513
ENSG00000178896	EXOSC4	8	144064061	514
ENSG00000197858	GPAA1	8	144082634	515
ENSG00000179091	CYC1	8	144095076	516
ENSG00000179526	SHARPIN	8	144098637	517
ENSG00000179632	MAF1	8	144104461	518
ENSG00000179698	WDR97	8	144107739	519
ENSG00000235173	HGH1	8	144137691	520
ENSG00000179832	MROH1	8	144148016	521
ENSG00000261236	BOP1	8	144262045	522
ENSG00000185122	HSF1	8	144291603	523
ENSG00000185000	DGAT1	8	144314584	524
ENSG00000284229	MIR6848	8	144317246	525
ENSG00000182325	FBXL6	8	144355431	526
ENSG00000185803	SLC52A2	8	144358547	527
ENSG00000173137	ADCK5	8	144373762	528
ENSG00000071894	CPSF1	8	144393231	529
ENSG00000160948	VPS28	8	144423601	530
ENSG00000160949	TONSL	8	144428775	531
ENSG00000187954	ZFTRAF1	8	144449582	532
ENSG00000167702	KIFC2	8	144466246	533
ENSG00000160973	FOXH1	8	144473412	534
ENSG00000160972	PPP1R16A	8	144477982	535
ENSG00000167701	GPT	8	144502217	536
ENSG00000167700	MFSD3	8	144508081	537
ENSG00000160957	RECQL4	8	144511284	538
ENSG00000160959	LRRC14	8	144517965	539
ENSG00000213563	C8orf82	8	144525733	540
ENSG00000147799	ARHGAP39	8	144529179	541
ENSG00000198169	ZNF251	8	144720909	542
ENSG00000196378	ZNF34	8	144772224	543
ENSG00000161016	RPL8	8	144789769	544
ENSG00000197363	ZNF517	8	144798876	545
ENSG00000147789	ZNF7	8	144827509	546
ENSG00000170619	COMMD5	8	144837978	547
ENSG00000196150	ZNF250	8	144876955	548
ENSG00000170631	ZNF16	8	144930358	549
ENSG00000255559	ZNF252P-AS1	8	145002811	550
ENSG00000182307	C8orf33	8	145052467	551
ENSG00000181404	WASHC1	9	14475	1
ENSG00000172785	ZNG1A	9	121038	2
ENSG00000107099	DOCK8	9	211296	3
ENSG00000107104	KANK1	9	470291	4
ENSG00000080503	SMARCA2	9	2015347	5
ENSG00000147852	VLDLR	9	2621786	6
ENSG00000080608	PUM3	9	2804152	7
ENSG00000080298	RFX3	9	3218297	8
ENSG00000232104	RFX3-DT	9	3668086	9
ENSG00000107249	GLIS3	9	3824127	10
ENSG00000106688	SLC1A1	9	4490466	11
ENSG00000106686	SPATA6L	9	4540643	12
ENSG00000205808	PLPP6	9	4662294	13
ENSG00000273061	CDC37L1-DT	9	4676600	14
ENSG00000106993	CDC37L1	9	4679569	15
ENSG00000147853	AK3	9	4709556	16
ENSG00000120158	RCL1	9	4792834	17
ENSG00000096968	JAK2	9	4985086	18
ENSG00000107020	PLGRKT	9	5357966	19
ENSG00000120217	CD274	9	5450503	20
ENSG00000197646	PDCD1LG2	9	5510438	21
ENSG00000107036	RIC1	9	5629030	22
ENSG00000099219	ERMP1	9	5764061	23
ENSG00000183354	KIAA2026	9	5860254	24
ENSG00000120215	MLANA	9	5890889	25
ENSG00000137040	RANBP6	9	6011025	26
ENSG00000137033	IL33	9	6214591	27
ENSG00000147854	UHRF2	9	6413148	28
ENSG00000178445	GLDC	9	6532464	29
ENSG00000107077	KDM4C	9	6720863	30
ENSG00000137038	DMAC1	9	7796500	31
ENSG00000153707	PTPRD	9	8314246	32
ENSG00000235448	LURAP1L-AS1	9	12699999	33
ENSG00000153714	LURAP1L	9	12774994	34
ENSG00000107186	MPDZ	9	13105296	35
ENSG00000147862	NFIB	9	14081843	36
ENSG00000175893	ZDHHC21	9	14588797	37
ENSG00000164946	FREM1	9	14733486	38
ENSG00000155158	TTC39B	9	15163622	39
ENSG00000164975	SNAPC3	9	15422784	40
ENSG00000164985	PSIP1	9	15464066	41
ENSG00000164989	CCDC171	9	15552874	42
ENSG00000173068	BNC2	9	16409503	43
ENSG00000044459	CNTLN	9	17134991	44
ENSG00000107295	SH3GL2	9	17579066	45
ENSG00000178031	ADAMTSL1	9	17906515	46
ENSG00000155876	RRAGA	9	19049427	47
ENSG00000147874	HAUS6	9	19053141	48
ENSG00000147872	PLIN2	9	19108391	49
ENSG00000137145	DENND4C	9	19230693	50
ENSG00000137154	RPS6	9	19375715	51
ENSG00000177076	ACER2	9	19408927	52
ENSG00000171843	MLLT3	9	20341669	53
ENSG00000188352	FOCAD	9	20658309	54
ENSG00000188921	HACD4	9	20999509	55
ENSG00000198642	KLHL9	9	21329665	56
ENSG00000099810	MTAP	9	21802636	57
ENSG00000147883	CDKN2B	9	22002903	58
ENSG00000176399	DMRTA1	9	22446824	59
ENSG00000234840	LINC01239	9	22646200	60
ENSG00000198680	TUSC1	9	25676389	61
ENSG00000120159	CAAP1	9	26840685	62
ENSG00000137055	PLAA	9	26903372	63
ENSG00000096872	IFT74	9	26946990	64
ENSG00000184434	LRRC19	9	26993136	65
ENSG00000120156	TEK	9	27109141	66
ENSG00000120162	MOB3B	9	27325209	67
ENSG00000147896	IFNK	9	27524314	68
ENSG00000147894	C9orf72	9	27546546	69
ENSG00000174482	LINGO2	9	27937617	70
ENSG00000122729	ACO1	9	32384603	71
ENSG00000107201	RIGI	9	32455302	72
ENSG00000197579	TOPORS	9	32540544	73
ENSG00000235453	SMIM27	9	32550976	74
ENSG00000165264	NDUFB6	9	32553001	75
ENSG00000122728	TAF1L	9	32629454	76
ENSG00000137074	APTX	9	32883872	77
ENSG00000086061	DNAJA1	9	33025203	78
ENSG00000122692	SMU1	9	33041765	79
ENSG00000086062	B4GALT1	9	33110641	80
ENSG00000107262	BAG1	9	33252471	81
ENSG00000086065	CHMP5	9	33264879	82
ENSG00000086102	NFX1	9	33290475	83
ENSG00000165269	AQP7	9	33383135	84
ENSG00000165272	AQP3	9	33441154	85
ENSG00000165271	NOL6	9	33460811	86
ENSG00000230453	ANKRD18B	9	33524251	87
ENSG00000237984	PTENP1	9	33673504	88
ENSG00000010438	PRSS3	9	33750466	89
ENSG00000107341	UBE2R2	9	33817160	90
ENSG00000137073	UBAP2	9	33921693	91
ENSG00000198876	DCAF12	9	34086387	92
ENSG00000165006	UBAP1	9	34179005	93
ENSG00000186638	KIF24	9	34252033	94
ENSG00000164978	NUDT2	9	34329506	95
ENSG00000164976	MYORG	9	34366149	96
ENSG00000164972	C9orf24	9	34378463	97
ENSG00000164970	FAM219A	9	34398184	98
ENSG00000168913	ENHO	9	34521043	99
ENSG00000122756	CNTFR	9	34551432	100
ENSG00000237159	CNTFR-AS1	9	34568012	101
ENSG00000164967	RPP25L	9	34610495	102
ENSG00000137100	DCTN3	9	34613545	103
ENSG00000205143	ARID3C	9	34621049	104
ENSG00000147955	SIGMAR1	9	34634722	105
ENSG00000213930	GALT	9	34646589	106
ENSG00000137070	IL11RA	9	34652185	107
ENSG00000187186	LOC730098	9	34664163	108
ENSG00000172724	CCL19	9	34689570	109
ENSG00000137077	CCL21	9	34709005	110
ENSG00000205108	FAM205A	9	34723053	111
ENSG00000122733	PHF24	9	34810040	112
ENSG00000137094	DNAJB5	9	34989641	113
ENSG00000174038	C9orf131	9	35041095	114
ENSG00000165280	VCP	9	35056064	115
ENSG00000221829	FANCG	9	35073838	116
ENSG00000165282	PIGO	9	35085496	117
ENSG00000165283	STOML2	9	35099776	118
ENSG00000005238	ATOSB	9	35104117	119
ENSG00000198722	UNC13B	9	35162009	120
ENSG00000290567	ATP8B5P	9	35406755	121
ENSG00000198853	RUSC2	9	35490111	122
ENSG00000215187	FAM166B	9	35561830	123
ENSG00000107140	TESK1	9	35605262	124
ENSG00000137101	CD72	9	35609981	125
ENSG00000277027	RMRP	9	35657751	126
ENSG00000159884	CCDC107	9	35658290	127
ENSG00000137135	ARHGEF39	9	35658875	128
ENSG00000198467	TPM2	9	35681993	129
ENSG00000137076	TLN1	9	35696948	130
ENSG00000284195	MIR6852	9	35710676	131
ENSG00000107175	CREB3	9	35732666	132
ENSG00000070610	GBA2	9	35736862	133
ENSG00000107185	RGP1	9	35749287	134
ENSG00000215183	MSMP	9	35752990	135
ENSG00000159899	NPR2	9	35782086	136
ENSG00000137098	SPAG8	9	35807785	137
ENSG00000137133	HINT2	9	35812960	138
ENSG00000204930	FAM221B	9	35816391	139
ENSG00000137103	TMEM8B	9	35825817	140
ENSG00000122707	RECK	9	36036905	141
ENSG00000122694	GLIPR2	9	36136536	142
ENSG00000122705	CLTA	9	36190855	143
ENSG00000159921	GNE	9	36214441	144
ENSG00000137075	RNF38	9	36336398	145
ENSG00000196092	PAX5	9	36833269	146
ENSG00000281649	EBLN3P	9	37079896	147
ENSG00000147905	ZCCHC7	9	37120166	148
ENSG00000137106	GRHPR	9	37422435	149
ENSG00000168795	ZBTB5	9	37438102	150
ENSG00000137054	POLR1E	9	37485935	151
ENSG00000147912	FBXO10	9	37510892	152
ENSG00000175768	TOMM5	9	37588413	153
ENSG00000070601	FRMPD1	9	37603229	154
ENSG00000165275	TRMT10B	9	37753204	155
ENSG00000107371	EXOSC3	9	37779714	156
ENSG00000122741	DCAF10	9	37800554	157
ENSG00000122696	SLC25A51	9	37877575	158
ENSG00000107338	SHB	9	37915898	159
ENSG00000137124	ALDH1B1	9	38392702	160
ENSG00000137142	IGFBPL1	9	38406528	161
ENSG00000180071	FAM95C	9	38540567	162
ENSG00000106714	CNTNAP3	9	39072767	163
ENSG00000278175	GLIDR	9	39803496	164
ENSG00000291287	ANKRD20A2P	9	40223285	165
ENSG00000290923	PGM5P2	9	41007011	166
ENSG00000215126	ZNG1F	9	41131309	167
ENSG00000154529	CNTNAP3B	9	41891887	168
ENSG00000229311	LOC101927827	9	42579805	169
ENSG00000283378	CNTNAP3C	9	61330592	170
ENSG00000204802	FAM88C	9	62374481	171
ENSG00000291011	FGF7P6	9	62376256	172
ENSG00000238113	LINC01410	9	62801465	173
ENSG00000170161	FAM88B	9	62897376	174
ENSG00000147996	ZNG1E	9	65666374	175
ENSG00000279688	LOC112267859	9	65882227	176
ENSG00000290970	LOC105379252	9	66047085	177
ENSG00000290971	ANKRD20A3P	9	66093946	178
ENSG00000274349	ZNF658	9	66900725	179
ENSG00000260691	ANKRD20A1	9	67859315	180
ENSG00000196873	ZNG1C	9	68241866	181
ENSG00000154330	PGM5	9	68356584	182
ENSG00000107242	PIP5K1B	9	68705217	183
ENSG00000187866	PABIR1	9	68780065	184
ENSG00000165060	FXN	9	69035752	185
ENSG00000119139	TJP2	9	69121006	186
ENSG00000135063	ENTREP1	9	69324572	187
ENSG00000107282	APBA1	9	69427532	188
ENSG00000188647	PTAR1	9	69709525	189
ENSG00000165072	MAMDC2	9	70043581	190
ENSG00000204706	MAMDC2-AS1	9	70153134	191
ENSG00000198887	SMC5	9	70258962	192
ENSG00000119138	KLF9	9	70384597	193
ENSG00000083067	TRPM3	9	70529060	194
ENSG00000135048	CEMIP2	9	71683366	195
ENSG00000107362	ABHD17B	9	71862452	196
ENSG00000155621	C9orf85	9	71911639	197
ENSG00000119125	GDA	9	72114595	198
ENSG00000225434	LINC01504	9	72305436	199
ENSG00000107372	ZFAND5	9	72351413	200
ENSG00000236849	LINC01474	9	72871728	201
ENSG00000165092	ALDH1A1	9	72900671	202
ENSG00000135046	ANXA1	9	73151865	203
ENSG00000198963	RORB	9	74497335	204
ENSG00000119121	TRPM6	9	74722495	205
ENSG00000135045	C9orf40	9	74946583	206
ENSG00000156017	CARNMT1	9	74980790	207
ENSG00000106733	NMRK1	9	75060577	208
ENSG00000134996	OSTF1	9	75088480	209
ENSG00000099139	PCSK5	9	75890644	210
ENSG00000135002	RFK	9	76385526	211
ENSG00000187210	GCNT1	9	76441666	212
ENSG00000106772	PRUNE2	9	76611376	213
ENSG00000197969	VPS13A	9	77177353	214
ENSG00000156049	GNA14	9	77423079	215
ENSG00000231373	GNA14-AS1	9	77447649	216
ENSG00000156052	GNAQ	9	77716097	217
ENSG00000148019	CEP78	9	78236075	218
ENSG00000135069	PSAT1	9	78297125	219
ENSG00000106829	TLE4	9	79571773	220
ENSG00000196781	TLE1	9	81583683	221
ENSG00000165105	RASEF	9	82979589	222
ENSG00000172159	FRMD3	9	83242990	223
ENSG00000148057	IDNK	9	83622324	224
ENSG00000135018	UBQLN1	9	83659968	225
ENSG00000254473	UBQLN1-AS1	9	83707835	226
ENSG00000165113	GKAP1	9	83739421	227
ENSG00000165115	KIF27	9	83832795	228
ENSG00000165118	C9orf64	9	83938311	229
ENSG00000165119	HNRNPK	9	83968083	230
ENSG00000178966	RMI1	9	83980359	231
ENSG00000197506	SLC28A3	9	84273123	232
ENSG00000148053	NTRK2	9	84668458	233
ENSG00000135049	AGTPBP1	9	85546539	234
ENSG00000135040	NAA35	9	85941142	235
ENSG00000135052	GOLM1	9	86026141	236
ENSG00000187753	C9orf153	9	86220265	237
ENSG00000135070	ISCA1	9	86264546	238
ENSG00000083223	TUT7	9	86287733	239
ENSG00000180447	GAS1	9	86944362	240
ENSG00000196730	DAPK1	9	87497228	241
ENSG00000236709	DAPK1-IT1	9	87553454	242
ENSG00000135047	CTSL	9	87725437	243
ENSG00000290883	LOC107987091	9	87862268	244
ENSG00000177992	SPATA31E1	9	87882877	245
ENSG00000156345	CDK20	9	87966441	246
ENSG00000106723	SPIN1	9	88388444	247
ENSG00000213694	S1PR3	9	88991468	248
ENSG00000148082	SHC3	9	89005771	249
ENSG00000123975	CKS2	9	89311195	250
ENSG00000187742	SECISBP2	9	89318500	251
ENSG00000187764	SEMA4D	9	89360787	252
ENSG00000130222	GADD45G	9	89605009	253
ENSG00000165023	DIRAS2	9	90609832	254
ENSG00000165025	SYK	9	90801600	255
ENSG00000237422	LINC02937	9	90973797	256
ENSG00000148090	AUH	9	91213815	257
ENSG00000165030	NFIL3	9	91409045	258
ENSG00000169071	ROR2	9	91722598	259
ENSG00000090054	SPTLC1	9	92031141	260
ENSG00000196305	IARS1	9	92210207	261
ENSG00000198000	NOL8	9	92297358	262
ENSG00000188312	CENPP	9	92325457	263
ENSG00000106809	OGN	9	92383268	264
ENSG00000127083	OMD	9	92414245	265
ENSG00000106819	ASPN	9	92456205	266
ENSG00000106823	ECM2	9	92493547	267
ENSG00000127080	IPPK	9	92613183	268
ENSG00000185963	BICD2	9	92711363	269
ENSG00000291168	ANKRD19P	9	92809611	270
ENSG00000127081	ZNF484	9	92844182	271
ENSG00000127084	FGD3	9	92947523	272
ENSG00000157303	SUSD3	9	93058688	273
ENSG00000165233	CARD19	9	93096217	274
ENSG00000131669	NINJ1	9	93121496	275
ENSG00000165238	WNK2	9	93184156	276
ENSG00000188938	FAM120AOS	9	93443332	277
ENSG00000048828	FAM120A	9	93451685	278
ENSG00000197724	PHF2	9	93576584	279
ENSG00000158079	PTPDC1	9	94029031	280
ENSG00000230262	LINC02603	9	94176569	281
ENSG00000175787	ZNF169	9	94259266	282
ENSG00000148110	MFSD14B	9	94374327	283
ENSG00000165140	FBP1	9	94603133	284
ENSG00000148120	AOPEP	9	94726669	285
ENSG00000158169	FANCC	9	95099054	286
ENSG00000185920	PTCH1	9	95442980	287
ENSG00000175611	ERCC6L2-AS1	9	95806088	288
ENSG00000182150	ERCC6L2	9	95875632	289
ENSG00000275465	LOC158434	9	96106661	290
ENSG00000130948	HSD17B3	9	96235306	291
ENSG00000232283	HSD17B3-AS1	9	96246463	292
ENSG00000130958	SLC35D2	9	96313437	293
ENSG00000165244	ZNF367	9	96385941	294
ENSG00000130956	HABP4	9	96450162	295
ENSG00000081377	CDC14B	9	96492743	296
ENSG00000158122	PRXL2C	9	96639577	297
ENSG00000081386	ZNF510	9	96754549	298
ENSG00000196597	ZNF782	9	96815628	299
ENSG00000290770	MFSD14CP	9	96917928	300
ENSG00000188152	NUTM2G	9	96928917	301
ENSG00000254876	SUGT1P4-STRA6LP	9	97238426	302
ENSG00000255036	SUGT1P4-STRA6LP-CCDC180	9	97238426	303
ENSG00000197816	CCDC180	9	97307337	304
ENSG00000196116	TDRD7	9	97412096	305
ENSG00000136842	TMOD1	9	97501180	306
ENSG00000136925	TSTD2	9	97600080	307
ENSG00000136937	NCBP1	9	97633423	308
ENSG00000136936	XPA	9	97654398	309
ENSG00000136932	TRMO	9	97896855	310
ENSG00000136938	ANP32B	9	97983341	311
ENSG00000095380	NANS	9	98056728	312
ENSG00000106785	TRIM14	9	98072014	313
ENSG00000106789	CORO2A	9	98120975	314
ENSG00000095383	TBC1D2	9	98198998	315
ENSG00000165138	ANKS6	9	98732009	316
ENSG00000119514	GALNT12	9	98807670	317
ENSG00000204291	COL15A1	9	98943392	318
ENSG00000106799	TGFBR1	9	99104038	319
ENSG00000119523	ALG2	9	99216425	320
ENSG00000106803	SEC61B	9	99222282	321
ENSG00000119508	NR4A3	9	99821855	322
ENSG00000136874	STX17	9	99906654	323
ENSG00000023318	ERP44	9	99979185	324
ENSG00000119509	INVS	9	100099185	325
ENSG00000136891	TEX10	9	100302075	326
ENSG00000066697	MSANTD3	9	100427213	327
ENSG00000148123	PLPPR1	9	101028727	328
ENSG00000136881	BAAT	9	101360417	329
ENSG00000136897	MRPL50	9	101387633	330
ENSG00000136870	ZNF189	9	101398830	331
ENSG00000136872	ALDOB	9	101420560	332
ENSG00000165152	PGAP4	9	101473163	333
ENSG00000155827	RNF20	9	101533853	334
ENSG00000198785	GRIN3A	9	101569352	335
ENSG00000136824	SMC2	9	104093760	336
ENSG00000179055	OR13D1	9	104694422	337
ENSG00000136783	NIPSNAP3A	9	104747683	338
ENSG00000165028	NIPSNAP3B	9	104763741	339
ENSG00000165029	ABCA1	9	104781006	340
ENSG00000070214	SLC44A1	9	105244605	341
ENSG00000106701	FSD1L	9	105442183	342
ENSG00000229419	RALGAPA1P1	9	105519824	343
ENSG00000106692	FKTN	9	105558117	344
ENSG00000095209	TMEM38B	9	105694541	345
ENSG00000148143	ZNF462	9	106860154	346
ENSG00000119318	RAD23B	9	107283279	347
ENSG00000136826	KLF4	9	107484852	348
ENSG00000070061	ELP1	9	108867517	349
ENSG00000119328	ABITRAM	9	108934397	350
ENSG00000119326	CTNNAL1	9	108942569	351
ENSG00000106771	TMEM245	9	109015135	352
ENSG00000095203	EPB41L4B	9	109171974	353
ENSG00000070159	PTPN3	9	109375694	354
ENSG00000157654	PALM2AKAP2	9	109640788	355
ENSG00000136810	TXN	9	110243810	356
ENSG00000165124	SVEP1	9	110365248	357
ENSG00000030304	MUSK	9	110668189	358
ENSG00000198121	LPAR1	9	110873252	359
ENSG00000136813	ECPAS	9	111360685	360
ENSG00000173258	ZNF483	9	111525159	361
ENSG00000106853	PTGR1	9	111549722	362
ENSG00000059769	DNAJC25	9	111631334	363
ENSG00000244115	DNAJC25-GNG10	9	111631334	364
ENSG00000242616	GNG10	9	111661605	365
ENSG00000165181	SHOC1	9	111686171	366
ENSG00000148154	UGCG	9	111896766	367
ENSG00000106868	SUSD1	9	112040783	368
ENSG00000119314	PTBP3	9	112217715	369
ENSG00000119471	HSDL2	9	112379909	370
ENSG00000165185	KIAA1958	9	112486827	371
ENSG00000148153	INIP	9	112683926	372
ENSG00000148158	SNX30	9	112749723	373
ENSG00000119457	SLC46A2	9	112878920	374
ENSG00000136866	ZFP37	9	113038377	375
ENSG00000136867	SLC31A2	9	113150976	376
ENSG00000119321	FKBP15	9	113161006	377
ENSG00000136868	SLC31A1	9	113221544	378
ENSG00000176386	CDC26	9	113266992	379
ENSG00000136875	PRPF4	9	113275634	380
ENSG00000148225	WDR31	9	113313222	381
ENSG00000119411	BSPRY	9	113349541	382
ENSG00000119431	HDHD3	9	113373416	383
ENSG00000148218	ALAD	9	113386312	384
ENSG00000148229	POLE3	9	113407235	385
ENSG00000157653	C9orf43	9	113410644	386
ENSG00000138835	RGS3	9	113444730	387
ENSG00000157657	ZNF618	9	113876282	388
ENSG00000106927	AMBP	9	114060127	389
ENSG00000136883	KIF12	9	114091623	390
ENSG00000196739	COL27A1	9	114154271	391
ENSG00000229314	ORM1	9	114323023	392
ENSG00000228278	ORM2	9	114329789	393
ENSG00000106948	AKNA	9	114334149	394
ENSG00000095397	WHRN	9	114402078	395
ENSG00000136888	ATP6V1G1	9	114587769	396
ENSG00000157693	TMEM268	9	114603897	397
ENSG00000181634	TNFSF15	9	114784635	398
ENSG00000106952	TNFSF8	9	114893343	399
ENSG00000041982	TNC	9	115019575	400
ENSG00000182752	PAPPA	9	116153752	401
ENSG00000256040	PAPPA-AS1	9	116398157	402
ENSG00000148219	ASTN2	9	116423112	403
ENSG00000229105	ASTN2-AS1	9	116504283	404
ENSG00000230894	LOC107987014	9	116565759	405
ENSG00000119401	TRIM32	9	116687302	406
ENSG00000233569	LOC101928797	9	117648606	407
ENSG00000136869	TLR4	9	117704403	408
ENSG00000284977	LOC105376244	9	117759459	409
ENSG00000078725	BRINP1	9	119166629	410
ENSG00000136861	CDK5RAP2	9	120388869	411
ENSG00000106780	MEGF9	9	120600811	412
ENSG00000119402	FBXW2	9	120756974	413
ENSG00000214654	B3GALT9	9	120793496	414
ENSG00000095261	PSMD5	9	120816053	415
ENSG00000226752	CUTALP	9	120843075	416
ENSG00000119403	PHF19	9	120855651	417
ENSG00000056558	TRAF1	9	120902393	418
ENSG00000106804	C5	9	120952335	419
ENSG00000119397	CNTRL	9	121074892	420
ENSG00000119396	RAB14	9	121178133	421
ENSG00000148180	GSN	9	121201483	422
ENSG00000235865	GSN-AS1	9	121280768	423
ENSG00000148175	STOM	9	121338987	424
ENSG00000204136	GGTA1	9	121455041	425
ENSG00000136848	DAB2IP	9	121566883	426
ENSG00000175764	TTLL11	9	121815674	427
ENSG00000119421	NDUFA8	9	122132466	428
ENSG00000119446	RBM18	9	122237622	429
ENSG00000148187	MRRF	9	122264603	430
ENSG00000095303	PTGS1	9	122369906	431
ENSG00000136940	PDCL	9	122818097	432
ENSG00000056586	RC3H2	9	122844556	433
ENSG00000186130	ZBTB6	9	122908056	434
ENSG00000171448	ZBTB26	9	122915566	435
ENSG00000011454	RABGAP1	9	122931640	436
ENSG00000286718	LOC105379839	9	122940540	437
ENSG00000188394	GPR21	9	123033635	438
ENSG00000165209	STRBP	9	123109494	439
ENSG00000236901	MIR600HG	9	123109494	440
ENSG00000148204	CRB2	9	123354065	441
ENSG00000119522	DENND1A	9	123379654	442
ENSG00000106689	LHX2	9	124011759	443
ENSG00000119408	NEK6	9	124257606	444
ENSG00000235204	LOC613206	9	124259210	445
ENSG00000136930	PSMB7	9	124353465	446
ENSG00000148200	NR6A1	9	124517275	447
ENSG00000224020	MIR181A2HG	9	124658436	448
ENSG00000185585	OLFML2A	9	124777133	449
ENSG00000136918	WDR38	9	124853417	450
ENSG00000136942	RPL35	9	124857883	451
ENSG00000136950	ARPC5L	9	124862130	452
ENSG00000136935	GOLGA1	9	124878275	453
ENSG00000173611	SCAI	9	124942608	454
ENSG00000119414	PPP6C	9	125146573	455
ENSG00000136933	RABEPK	9	125200493	456
ENSG00000044574	HSPA5	9	125234853	457
ENSG00000165219	GAPVD1	9	125261794	458
ENSG00000119487	MAPKAP1	9	125437394	459
ENSG00000167081	PBX3	9	125747372	460
ENSG00000196814	MVB12B	9	126326829	461
ENSG00000169155	ZBTB43	9	126804072	462
ENSG00000177125	ZBTB34	9	126860639	463
ENSG00000136828	RALGPS1	9	126914774	464
ENSG00000136859	ANGPTL2	9	127087348	465
ENSG00000136895	GARNL3	9	127224471	466
ENSG00000136856	SLC2A8	9	127397138	467
ENSG00000196152	ZNF79	9	127424374	468
ENSG00000197958	RPL12	9	127447674	469
ENSG00000148356	LRSAM1	9	127451486	470
ENSG00000136830	NIBAN2	9	127505339	471
ENSG00000136854	STXBP1	9	127612277	472
ENSG00000160404	TOR2A	9	127731524	473
ENSG00000095370	SH2D3C	9	127738317	474
ENSG00000136807	CDK9	9	127786034	475
ENSG00000136877	FPGS	9	127802858	476
ENSG00000106991	ENG	9	127815012	477
ENSG00000225032	LOC102723566	9	127816066	478
ENSG00000106992	AK1	9	127866480	479
ENSG00000160408	ST6GALNAC6	9	127885321	480
ENSG00000136840	ST6GALNAC4	9	127907886	481
ENSG00000136908	DPM2	9	127935095	482
ENSG00000167106	EEIG1	9	127940582	483
ENSG00000171169	NAIF1	9	128061233	484
ENSG00000148339	SLC25A25	9	128068200	485
ENSG00000148334	PTGES2	9	128120693	486
ENSG00000148346	LCN2	9	128149453	487
ENSG00000171159	BBLN	9	128159425	488
ENSG00000148337	CIZ1	9	128166065	489
ENSG00000106976	DNM1	9	128203379	490
ENSG00000167110	GOLGA2	9	128255829	491
ENSG00000175854	SWI5	9	128275364	492
ENSG00000167112	TRUB2	9	128305159	493
ENSG00000167113	COQ4	9	128322486	494
ENSG00000167114	SLC27A4	9	128340516	495
ENSG00000167118	URM1	9	128371319	496
ENSG00000167123	CERCAM	9	128405994	497
ENSG00000136811	ODF2	9	128455155	498
ENSG00000119392	GLE1	9	128504692	499
ENSG00000197694	SPTAN1	9	128552564	500
ENSG00000119333	DYNC2I2	9	128633653	501
ENSG00000119335	SET	9	128683432	502
ENSG00000160447	PKN3	9	128702497	503
ENSG00000160446	ZDHHC12	9	128720869	504
ENSG00000223478	ZDHHC12-DT	9	128724462	505
ENSG00000160445	ZER1	9	128729786	506
ENSG00000107021	TBC1D13	9	128787207	507
ENSG00000167136	ENDOG	9	128818402	508
ENSG00000198917	SPOUT1	9	128819651	509
ENSG00000171097	KYAT1	9	128832942	510
ENSG00000136802	LRRC8A	9	128882112	511
ENSG00000175287	PHYHD1	9	128920982	512
ENSG00000175283	DOLK	9	128945530	513
ENSG00000095319	NUP188	9	128947699	514
ENSG00000148341	SH3GLB2	9	129007792	515
ENSG00000148343	MIGA2	9	129036605	516
ENSG00000167130	DOLPP1	9	129080988	517
ENSG00000095321	CRAT	9	129094794	518
ENSG00000119383	PTPA	9	129110949	519
ENSG00000148335	NTMT1	9	129608884	520
ENSG00000148331	ASB6	9	129634604	521
ENSG00000136816	TOR1B	9	129803143	522
ENSG00000136827	TOR1A	9	129812942	523
ENSG00000136819	C9orf78	9	129827290	524
ENSG00000136878	USP20	9	129835417	525
ENSG00000187239	FNBP1	9	129887187	526
ENSG00000148358	GPR107	9	130053706	527
ENSG00000107130	NCS1	9	130172404	528
ENSG00000148357	HMCN2	9	130265742	529
ENSG00000130707	ASS1	9	130444707	530
ENSG00000107164	FUBP3	9	130579577	531
ENSG00000130713	EXOSC2	9	130693760	532
ENSG00000097007	ABL1	9	130713881	533
ENSG00000050555	LAMC3	9	131009174	534
ENSG00000126878	AIF1L	9	131096476	535
ENSG00000126883	NUP214	9	131125586	536
ENSG00000126882	FAM78A	9	131258078	537
ENSG00000288701	PRRC2B	9	131430090	538
ENSG00000130714	POMT1	9	131502902	539
ENSG00000130717	UCK1	9	131523796	540
ENSG00000283526	PRRT1B	9	131545523	541
ENSG00000107263	RAPGEF1	9	131576770	542
ENSG00000160563	MED27	9	131860110	543
ENSG00000107290	SETX	9	132261356	544
ENSG00000125482	TTF1	9	132375548	545
ENSG00000125485	DDX31	9	132592997	546
ENSG00000125484	GTF3C4	9	132670035	547
ENSG00000165698	SPACA9	9	132878320	548
ENSG00000165699	TSC1	9	132891349	549
ENSG00000148308	GTF3C5	9	133030675	550
ENSG00000160271	RALGDS	9	133097722	551
ENSG00000148288	GBGT1	9	133152948	552
ENSG00000175164	ABO	9	133250401	553
ENSG00000148296	SURF6	9	133328776	554
ENSG00000148297	MED22	9	133338312	555
ENSG00000148303	RPL7A	9	133348218	556
ENSG00000148290	SURF1	9	133351758	557
ENSG00000148291	SURF2	9	133356550	558
ENSG00000148248	SURF4	9	133361449	559
ENSG00000198870	STKLD1	9	133376366	560
ENSG00000148300	REXO4	9	133406058	561
ENSG00000160323	ADAMTS13	9	133414339	562
ENSG00000160325	CACFD1	9	133459965	563
ENSG00000160326	SLC2A6	9	133471094	564
ENSG00000197859	ADAMTSL2	9	133532164	565
ENSG00000196990	FAM163B	9	133577076	566
ENSG00000123454	DBH	9	133636363	567
ENSG00000225756	DBH-AS1	9	133654587	568
ENSG00000123453	SARDH	9	133663074	569
ENSG00000160293	VAV2	9	133761894	570
ENSG00000235106	BRD3OS	9	134025476	571
ENSG00000169925	BRD3	9	134030305	572
ENSG00000235138	LOC100130548	9	134054290	573
ENSG00000196363	WDR5	9	134135382	574
ENSG00000221676	RNU6ATAC	9	134164440	575
ENSG00000186350	RXRA	9	134326455	576
ENSG00000130635	COL5A1	9	134641789	577
ENSG00000160339	FCN2	9	134864062	578
ENSG00000085265	FCN1	9	134903232	579
ENSG00000130558	OLFM1	9	135075505	580
ENSG00000225361	PPP1R26-AS1	9	135462718	581
ENSG00000196422	PPP1R26	9	135477650	582
ENSG00000122140	MRPS2	9	135499965	583
ENSG00000226706	LOC101928525	9	135503273	584
ENSG00000130559	CAMSAP1	9	135808487	585
ENSG00000130560	UBAC1	9	135932969	586
ENSG00000148411	NACC2	9	136006537	587
ENSG00000238227	TMEM250	9	136114581	588
ENSG00000165661	QSOX2	9	136206333	589
ENSG00000160360	GPSM1	9	136327539	590
ENSG00000165684	SNAPC4	9	136375569	591
ENSG00000165689	ENTR1	9	136401922	592
ENSG00000165688	PMPCA	9	136410573	593
ENSG00000148384	INPP5E	9	136428619	594
ENSG00000148396	SEC16A	9	136440096	595
ENSG00000148400	NOTCH1	9	136494433	596
ENSG00000279141	LINC01451	9	136612028	597
ENSG00000172889	EGFL7	9	136654753	598
ENSG00000169692	AGPAT2	9	136673143	599
ENSG00000165716	DIPK1B	9	136712572	600
ENSG00000233016	SNHG7	9	136724594	601
ENSG00000280496	SNORA17B	9	136726104	602
ENSG00000244187	TMEM141	9	136791344	603
ENSG00000213213	CCDC183	9	136796338	604
ENSG00000228544	CCDC183-AS1	9	136803927	605
ENSG00000196642	RABL6	9	136807948	606
ENSG00000054148	PHPT1	9	136849409	607
ENSG00000177943	MAMDC4	9	136852346	608
ENSG00000107223	EDF1	9	136862119	609
ENSG00000127191	TRAF2	9	136881933	610
ENSG00000159069	FBXW5	9	136940435	611
ENSG00000176919	C8G	9	136944870	612
ENSG00000184925	LCN12	9	136949180	613
ENSG00000107317	PTGDS	9	136977504	614
ENSG00000148362	PAXX	9	136992422	615
ENSG00000107331	ABCA2	9	137007234	616
ENSG00000107281	NPDC1	9	137039463	617
ENSG00000197355	UAP1L1	9	137077475	618
ENSG00000177239	MAN1B1	9	137086941	619
ENSG00000176978	DPP7	9	137110540	620
ENSG00000176248	ANAPC2	9	137174784	621
ENSG00000176101	SSNA1	9	137188676	622
ENSG00000176058	TPRN	9	137191619	623
ENSG00000187713	TMEM203	9	137204082	624
ENSG00000188566	NDOR1	9	137205667	625
ENSG00000188229	TUBB4B	9	137241287	626
ENSG00000188163	FAM166A	9	137243585	627
ENSG00000275549	STPG3-AS1	9	137250219	628
ENSG00000197768	STPG3	9	137250840	629
ENSG00000188986	NELFB	9	137255327	630
ENSG00000198113	TOR4A	9	137277726	631
ENSG00000198435	NRARP	9	137299631	632
ENSG00000187609	EXD3	9	137306896	633
ENSG00000188747	NOXA1	9	137423372	634
ENSG00000188833	ENTPD8	9	137434364	635
ENSG00000165802	NSMF	9	137447570	636
ENSG00000130653	PNPLA7	9	137459399	637
ENSG00000182154	MRPL41	9	137551879	638
ENSG00000148399	DPH7	9	137554444	639
ENSG00000165724	ZMYND19	9	137582079	640
ENSG00000197070	ARRDC1	9	137605640	641
ENSG00000203993	ARRDC1-AS1	9	137615332	642
ENSG00000181090	EHMT1	9	137619001	643
ENSG00000255585	LOC651337	9	137784073	644
ENSG00000015171	ZMYND11	10	130088	1
ENSG00000151240	DIP2C	10	274201	2
ENSG00000225140	LOC101930421	10	628564	3
ENSG00000107929	LARP4B	10	806914	4
ENSG00000107937	GTPBP4	10	988434	5
ENSG00000232656	IDI2-AS1	10	1022637	6
ENSG00000067064	IDI1	10	1039152	7
ENSG00000047056	WDR37	10	1056385	8
ENSG00000067057	PFKP	10	3067475	9
ENSG00000107959	PITRM1	10	3137727	10
ENSG00000237399	PITRM1-AS1	10	3141601	11
ENSG00000067082	KLF6	10	3775996	12
ENSG00000165568	AKR1E2	10	4824554	13
ENSG00000187134	AKR1C1	10	4963415	14
ENSG00000151632	AKR1C2	10	4987775	15
ENSG00000196139	AKR1C3	10	5048766	16
ENSG00000264006	AKR1C8	10	5154460	17
ENSG00000198610	AKR1C4	10	5196837	18
ENSG00000173848	NET1	10	5412557	19
ENSG00000196372	ASB13	10	5638867	20
ENSG00000108021	TASOR2	10	5684759	21
ENSG00000057608	GDI2	10	5765222	22
ENSG00000134461	ANKRD16	10	5861616	23
ENSG00000134452	FBH1	10	5889572	24
ENSG00000134470	IL15RA	10	5948897	25
ENSG00000134453	RBM17	10	6089034	26
ENSG00000170525	PFKFB3	10	6144918	27
ENSG00000215244	LINC02649	10	6326544	28
ENSG00000065675	PRKCQ	10	6393038	29
ENSG00000237943	PRKCQ-AS1	10	6580425	30
ENSG00000198879	SFMBT2	10	7158624	31
ENSG00000123243	ITIH5	10	7559270	32
ENSG00000151655	ITIH2	10	7703316	33
ENSG00000151657	KIN	10	7750962	34
ENSG00000165629	ATP5F1C	10	7788104	35
ENSG00000165632	TAF3	10	7818505	36
ENSG00000107485	GATA3	10	8045420	37
ENSG00000048740	CELF2	10	10462515	38
ENSG00000148429	USP6NL	10	11453946	39
ENSG00000134463	ECHDC3	10	11742382	40
ENSG00000148426	PROSER2	10	11823341	41
ENSG00000225778	PROSER2-AS1	10	11849608	42
ENSG00000151461	UPF2	10	11920022	43
ENSG00000181192	DHTKD1	10	12068954	44
ENSG00000065665	SEC61A2	10	12129641	45
ENSG00000165609	NUDT5	10	12165328	46
ENSG00000151465	CDC123	10	12196188	47
ENSG00000183049	CAMK1D	10	12349514	48
ENSG00000151468	CCDC3	10	12896625	49
ENSG00000123240	OPTN	10	13100082	50
ENSG00000107537	PHYH	10	13277796	51
ENSG00000086475	SEPHS1	10	13317428	52
ENSG00000165626	BEND7	10	13438484	53
ENSG00000165630	PRPF18	10	13586811	54
ENSG00000151474	FRMD4A	10	13638300	55
ENSG00000065809	FAM107B	10	14518557	56
ENSG00000185267	CDNF	10	14819245	57
ENSG00000187522	HSPA14	10	14838160	58
ENSG00000152455	SUV39H2	10	14878783	59
ENSG00000152457	DCLRE1C	10	14897359	60
ENSG00000152464	RPP38	10	15097180	61
ENSG00000152465	NMT2	10	15104588	62
ENSG00000206448	PPIAP30	10	15154722	63
ENSG00000148468	FAM171A1	10	15211643	64
ENSG00000077943	ITGA8	10	15513949	65
ENSG00000148481	MINDY3	10	15778169	66
ENSG00000165983	PTER	10	16436943	67
ENSG00000165985	C1QL3	10	16513734	68
ENSG00000148484	RSU1	10	16590611	69
ENSG00000107611	CUBN	10	16823966	70
ENSG00000107614	TRDMT1	10	17137336	71
ENSG00000229124	VIM-AS1	10	17214239	72
ENSG00000026025	VIM	10	17228241	73
ENSG00000148488	ST8SIA6	10	17315414	74
ENSG00000260589	STAM-DT	10	17641284	75
ENSG00000136738	STAM	10	17644150	76
ENSG00000148483	TMEM236	10	17752110	77
ENSG00000260314	MRC1	10	17809348	78
ENSG00000165995	CACNB2	10	18140424	79
ENSG00000241058	NSUN6	10	18512582	80
ENSG00000165997	ARL5B	10	18659335	81
ENSG00000204740	MALRD1	10	19046931	82
ENSG00000120594	PLXDC2	10	19816215	83
ENSG00000078114	NEBL	10	20779973	84
ENSG00000204682	MIR1915HG	10	21492658	85
ENSG00000180592	SKIDA1	10	21510754	86
ENSG00000078403	MLLT10	10	21524616	87
ENSG00000136770	DNAJC1	10	21756548	88
ENSG00000269897	COMMD3-BMI1	10	22316383	89
ENSG00000148444	COMMD3	10	22316388	90
ENSG00000168283	BMI1	10	22321099	91
ENSG00000150867	PIP4K2A	10	22534837	92
ENSG00000148450	MSRB2	10	23095564	93
ENSG00000179133	C10orf67	10	23201916	94
ENSG00000165312	OTUD1	10	23439269	95
ENSG00000120549	KIAA1217	10	23694727	96
ENSG00000107863	ARHGAP21	10	24583610	97
ENSG00000099256	PRTFDC1	10	24848614	98
ENSG00000185875	THNSL1	10	24952319	99
ENSG00000151023	ENKUR	10	24981979	100
ENSG00000151025	GPR158	10	25174737	101
ENSG00000095777	MYO3A	10	25934229	102
ENSG00000077420	APBB1IP	10	26438324	103
ENSG00000148459	PDSS1	10	26697424	104
ENSG00000136754	ABI1	10	26746596	105
ENSG00000290706	FAM238C	10	26931206	106
ENSG00000107890	ANKRD26	10	26938195	107
ENSG00000136758	YME1L1	10	27110111	108
ENSG00000120539	MASTL	10	27154479	109
ENSG00000107897	ACBD5	10	27182838	110
ENSG00000230445	LRRC37A6P	10	27245853	111
ENSG00000099246	RAB18	10	27504174	112
ENSG00000150051	MKX	10	27672874	113
ENSG00000150054	MPP7	10	28050993	114
ENSG00000095787	WAC	10	28532772	115
ENSG00000095739	BAMBI	10	28677521	116
ENSG00000120563	LYZL1	10	29289051	117
ENSG00000291093	SVIL-AS1	10	29409534	118
ENSG00000197321	SVIL	10	29457338	119
ENSG00000165757	JCAD	10	30012803	120
ENSG00000107951	MTPAP	10	30309801	121
ENSG00000107968	MAP3K8	10	30434021	122
ENSG00000183621	ZNF438	10	30841254	123
ENSG00000237036	ZEB1-AS1	10	31307717	124
ENSG00000148516	ZEB1	10	31318417	125
ENSG00000285781	LOC100505502	10	31361427	126
ENSG00000165322	ARHGAP12	10	31805398	127
ENSG00000170759	KIF5B	10	32009015	128
ENSG00000120616	EPC1	10	32267716	129
ENSG00000229327	EPC1-AS1	10	32347364	130
ENSG00000216937	CCDC7	10	32446129	131
ENSG00000150093	ITGB1	10	32900318	132
ENSG00000229656	ITGB1-DT	10	32958459	133
ENSG00000099250	NRP1	10	33177491	134
ENSG00000148498	PARD3	10	34109560	135
ENSG00000108094	CUL2	10	35008551	136
ENSG00000095794	CREM	10	35126830	137
ENSG00000108100	CCNY	10	35247025	138
ENSG00000177283	FZD8	10	35638249	139
ENSG00000198105	ZNF248	10	37758452	140
ENSG00000175395	ZNF25	10	37949572	141
ENSG00000189180	ZNF33A	10	38010483	142
ENSG00000075407	ZNF37A	10	38094327	143
ENSG00000290439	HSD17B7P2	10	38356380	144
ENSG00000291065	LOC441666	10	42331866	145
ENSG00000234420	ZNF37BP	10	42513510	146
ENSG00000196693	ZNF33B	10	42574169	147
ENSG00000285884	LOC105378268	10	42637517	148
ENSG00000165733	BMS1	10	42782775	149
ENSG00000165731	RET	10	43077027	150
ENSG00000169826	CSGALNACT2	10	43138445	151
ENSG00000169813	HNRNPF	10	43385617	152
ENSG00000243660	ZNF487	10	43436482	153
ENSG00000196793	ZNF239	10	43554516	154
ENSG00000198298	ZNF485	10	43606407	155
ENSG00000169740	ZNF32	10	43643859	156
ENSG00000226245	ZNF32-AS1	10	43643872	157
ENSG00000230565	ZNF32-AS2	10	43645942	158
ENSG00000107562	CXCL12	10	44292088	159
ENSG00000187783	TMEM72	10	44911307	160
ENSG00000107551	RASSF4	10	44959753	161
ENSG00000165507	DEPP1	10	44976128	162
ENSG00000165511	ZNF22-AS1	10	44993932	163
ENSG00000165512	ZNF22	10	45000923	164
ENSG00000012779	ALOX5	10	45374166	165
ENSG00000165406	MARCHF8	10	45454585	166
ENSG00000172671	ZFAND4	10	45614567	167
ENSG00000172661	WASHC2C	10	45727043	168
ENSG00000188234	AGAP4	10	45825592	169
ENSG00000265354	TIMM23	10	45972453	170
ENSG00000266412	NCOA4	10	46005088	171
ENSG00000264230	ANXA8L1	10	46375776	172
ENSG00000285294	LINC00842	10	46398362	173
ENSG00000204174	NPY4R	10	46458548	174
ENSG00000204175	GPRIN2	10	46543974	175
ENSG00000204176	SYT15	10	46578018	176
ENSG00000165874	SHLD2P1	10	46610472	177
ENSG00000290875	GLUD1P2	10	46759023	178
ENSG00000291069	BMS1P1	10	46786733	179
ENSG00000204179	PTPN20	10	46911372	180
ENSG00000263761	GDF2	10	47322454	181
ENSG00000265190	ANXA8	10	47467993	182
ENSG00000204172	AGAP9	10	47501854	183
ENSG00000277758	SYT15B	10	47744717	184
ENSG00000290898	AGAP12P	10	48010132	185
ENSG00000107643	MAPK8	10	48306639	186
ENSG00000128805	ARHGAP22	10	48429831	187
ENSG00000128815	WDFY4	10	48684827	188
ENSG00000165383	LRRC18	10	48881011	189
ENSG00000165633	VSTM4	10	49014236	190
ENSG00000204161	TMEM273	10	49154728	191
ENSG00000225830	ERCC6	10	49454470	192
ENSG00000197444	OGDHL	10	49734641	193
ENSG00000227345	PARG	10	49818274	194
ENSG00000204152	TIMM23B	10	49942033	195
ENSG00000178440	TIMM23B-AGAP6	10	49942053	196
ENSG00000204149	AGAP6	10	49988318	197
ENSG00000290956	FAM21EP	10	50021182	198
ENSG00000099290	WASHC2A	10	50067888	199
ENSG00000188611	ASAH2	10	50184861	200
ENSG00000198964	SGMS1	10	50305600	201
ENSG00000204147	ASAH2B	10	50739936	202
ENSG00000148584	A1CF	10	50799409	203
ENSG00000185532	PRKG1	10	50990888	204
ENSG00000177613	CSTF2T	10	51695486	205
ENSG00000165471	MBL2	10	52764977	206
ENSG00000150275	PCDH15	10	53802771	207
ENSG00000122952	ZWINT	10	56357227	208
ENSG00000151151	IPMK	10	58191517	209
ENSG00000122873	CISD1	10	58269162	210
ENSG00000072401	UBE2D1	10	58334979	211
ENSG00000108064	TFAM	10	58385143	212
ENSG00000122870	BICC1	10	58512872	213
ENSG00000237949	LOC102724768	10	59013682	214
ENSG00000165443	PHYHIPL	10	59175872	215
ENSG00000148541	FAM13C	10	59245933	216
ENSG00000165449	SLC16A9	10	59650764	217
ENSG00000108091	CCDC6	10	59788747	218
ENSG00000151150	ANK3	10	60026298	219
ENSG00000170312	CDK1	10	60778331	220
ENSG00000072422	RHOBTB1	10	60869438	221
ENSG00000196932	TMEM26	10	61406642	222
ENSG00000150347	ARID5B	10	61901254	223
ENSG00000182010	RTKN2	10	62159131	224
ENSG00000181915	ADO	10	62804720	225
ENSG00000122877	EGR2	10	62811996	226
ENSG00000148572	NRBF2	10	63133247	227
ENSG00000171988	JMJD1C	10	63167221	228
ENSG00000221063	MIR1296	10	63372957	229
ENSG00000272767	JMJD1C-AS1	10	63465229	230
ENSG00000165476	REEP3	10	63521353	231
ENSG00000183230	CTNNA3	10	65912518	232
ENSG00000198739	LRRTM3	10	66926036	233
ENSG00000108176	DNAJC12	10	67796665	234
ENSG00000096717	SIRT1	10	67884656	235
ENSG00000148634	HERC4	10	67921905	236
ENSG00000179774	ATOH7	10	68230595	237
ENSG00000108187	PBLD	10	68282660	238
ENSG00000096746	HNRNPH3	10	68331693	239
ENSG00000204130	RUFY2	10	68341112	240
ENSG00000138346	DNA2	10	68414064	241
ENSG00000122912	SLC25A16	10	68477998	242
ENSG00000138336	TET1	10	68560337	243
ENSG00000060339	CCAR1	10	68721239	244
ENSG00000165730	STOX1	10	68827531	245
ENSG00000107625	DDX50	10	68898817	246
ENSG00000165732	DDX21	10	68956131	247
ENSG00000198954	KIFBP	10	68988803	248
ENSG00000122862	SRGN	10	69057533	249
ENSG00000122958	VPS26A	10	69124153	250
ENSG00000156502	SUPV3L1	10	69180234	251
ENSG00000156510	HKDC1	10	69220303	252
ENSG00000156515	HK1	10	69269991	253
ENSG00000099282	TSPAN15	10	69451464	254
ENSG00000099284	MACROH2A2	10	70052846	255
ENSG00000042286	AIFM2	10	70112267	256
ENSG00000156521	TYSND1	10	70137981	257
ENSG00000079332	SAR1A	10	70147289	258
ENSG00000180817	PPA1	10	70202831	259
ENSG00000172731	LRRC20	10	70298970	260
ENSG00000148730	EIF4EBP2	10	70404145	261
ENSG00000156574	NODAL	10	70431936	262
ENSG00000107719	PALD1	10	70458542	263
ENSG00000180644	PRF1	10	70597348	264
ENSG00000166224	SGPL1	10	70815920	265
ENSG00000166228	PCBD1	10	70882280	266
ENSG00000107731	UNC5B	10	71212535	267
ENSG00000198246	SLC29A3	10	71319253	268
ENSG00000289607	LOC105378353	10	71340672	269
ENSG00000107736	CDH23	10	71396920	270
ENSG00000214688	C10orf105	10	71711701	271
ENSG00000107738	VSIR	10	71747556	272
ENSG00000197746	PSAP	10	71816298	273
ENSG00000122863	CHST3	10	71964395	274
ENSG00000107742	SPOCK2	10	72059034	275
ENSG00000138303	ASCC1	10	72096032	276
ENSG00000166295	ANAPC16	10	72216000	277
ENSG00000168209	DDIT4	10	72273924	278
ENSG00000148719	DNAJB12	10	72332835	279
ENSG00000107745	MICU1	10	72367326	280
ENSG00000156026	MCU	10	72692131	281
ENSG00000138315	OIT3	10	72893739	282
ENSG00000138308	PLA2G12B	10	72934762	283
ENSG00000122884	P4HA1	10	73007217	284
ENSG00000166321	NUDT13	10	73110375	285
ENSG00000221164	SNORA11F	10	73126080	286
ENSG00000122882	ECD	10	73133668	287
ENSG00000138286	FAM149B1	10	73168090	288
ENSG00000213551	DNAJC9	10	73241954	289
ENSG00000227540	DNAJC9-AS1	10	73247367	290
ENSG00000182180	MRPS16	10	73248849	291
ENSG00000156042	CFAP70	10	73253758	292
ENSG00000138279	ANXA7	10	73375101	293
ENSG00000166343	MSS51	10	73423579	294
ENSG00000107758	PPP3CB	10	73436428	295
ENSG00000221817	PPP3CB-AS1	10	73495752	296
ENSG00000166348	USP54	10	73497538	297
ENSG00000172650	AGAP5	10	73674275	298
ENSG00000242288	BMS1P4-AGAP5	10	73674275	299
ENSG00000271816	BMS1P4	10	73699151	300
ENSG00000291043	GLUD1P3	10	73730562	301
ENSG00000176986	SEC24C	10	73744164	302
ENSG00000196968	FUT11	10	73772276	303
ENSG00000172586	CHCHD1	10	73782048	304
ENSG00000214655	ZSWIM8	10	73785577	305
ENSG00000272589	ZSWIM8-AS1	10	73796514	306
ENSG00000166507	NDST2	10	73801916	307
ENSG00000148660	CAMK2G	10	73812501	308
ENSG00000122861	PLAU	10	73909182	309
ENSG00000035403	VCL	10	73998114	310
ENSG00000185009	AP3M1	10	74120012	311
ENSG00000156110	ADK	10	74151185	312
ENSG00000156650	KAT6B	10	74824927	313
ENSG00000188716	DUSP29	10	75026427	314
ENSG00000156671	SAMD8	10	75099575	315
ENSG00000165637	VDAC2	10	75210154	316
ENSG00000165644	COMTD1	10	75233641	317
ENSG00000165655	ZNF503	10	75279726	318
ENSG00000237149	ZNF503-AS2	10	75401528	319
ENSG00000148655	LRMDA	10	75431624	320
ENSG00000207583	MIR606	10	75552458	321
ENSG00000156113	KCNMA1	10	76869601	322
ENSG00000236467	KCNMA1-AS1	10	76888044	323
ENSG00000151208	DLG5	10	77790787	324
ENSG00000148606	POLR3A	10	77975149	325
ENSG00000138326	RPS24	10	78033760	326
ENSG00000224596	ZMIZ1-AS1	10	78943326	327
ENSG00000108175	ZMIZ1	10	79068966	328
ENSG00000108179	PPIF	10	79347469	329
ENSG00000165424	ZCCHC24	10	79382325	330
ENSG00000253626	EIF5AL1	10	79512601	331
ENSG00000225484	NUTM2B-AS1	10	79691500	332
ENSG00000188199	NUTM2B	10	79703227	333
ENSG00000272447	LOC642361	10	79825902	334
ENSG00000228570	NUTM2E	10	79827273	335
ENSG00000242600	MBL1P	10	79920178	336
ENSG00000133661	SFTPD	10	79937740	337
ENSG00000133678	TMEM254	10	80078646	338
ENSG00000122359	ANXA11	10	80150889	339
ENSG00000237523	LINC00857	10	80207710	340
ENSG00000151224	MAT1A	10	80271820	341
ENSG00000122378	PRXL2A	10	80407829	342
ENSG00000108219	TSPAN14	10	80454265	343
ENSG00000185737	NRG3	10	81875190	344
ENSG00000165678	GHITM	10	84139509	345
ENSG00000148600	CDHR1	10	84194537	346
ENSG00000107771	CCSER2	10	84328552	347
ENSG00000182771	GRID1	10	85599552	348
ENSG00000062650	WAPL	10	86435256	349
ENSG00000122367	LDB3	10	86666788	350
ENSG00000107779	BMPR1A	10	86755786	351
ENSG00000173269	MMRN2	10	86935540	352
ENSG00000148671	ADIRF	10	86968482	353
ENSG00000271880	AGAP11	10	86970336	354
ENSG00000148672	GLUD1	10	87050202	355
ENSG00000122376	SHLD2	10	87094478	356
ENSG00000184923	NUTM2A	10	87221899	357
ENSG00000223482	NUTM2A-AS1	10	87238667	358
ENSG00000224914	LINC00863	10	87342411	359
ENSG00000214562	NUTM2D	10	87357720	360
ENSG00000228055	FAM245A	10	87396574	361
ENSG00000107789	MINPP1	10	87504466	362
ENSG00000198682	PAPSS2	10	87659878	363
ENSG00000138138	ATAD1	10	87751512	364
ENSG00000227268	KLLN	10	87859161	365
ENSG00000171862	PTEN	10	87863625	366
ENSG00000184719	RNLS	10	88176052	367
ENSG00000204022	LIPJ	10	88583277	368
ENSG00000138134	STAMBPL1	10	88879368	369
ENSG00000180139	ACTA2-AS1	10	88932684	370
ENSG00000107796	ACTA2	10	88935074	371
ENSG00000026103	FAS	10	88968429	372
ENSG00000107798	LIPA	10	89213569	373
ENSG00000119922	IFIT2	10	89302046	374
ENSG00000119917	IFIT3	10	89327997	375
ENSG00000204010	IFIT1B	10	89378056	376
ENSG00000185745	IFIT1	10	89392546	377
ENSG00000152778	IFIT5	10	89414568	378
ENSG00000152779	SLC16A12	10	89430299	379
ENSG00000152782	PANK1	10	89579495	380
ENSG00000232936	PANK1-AS1	10	89645272	381
ENSG00000138182	KIF20B	10	89701590	382
ENSG00000232229	LINC00865	10	89829493	383
ENSG00000148680	HTR7	10	90738693	384
ENSG00000148688	RPP30	10	90871952	385
ENSG00000180628	PCGF5	10	91162402	386
ENSG00000165338	HECTD2	10	91409235	387
ENSG00000119938	PPP1R3C	10	91628442	388
ENSG00000107854	TNKS2	10	91798426	389
ENSG00000095564	BTAF1	10	91923770	390
ENSG00000107864	CPEB3	10	92046692	391
ENSG00000198060	MARCHF5	10	92291164	392
ENSG00000119912	IDE	10	92451684	393
ENSG00000138160	KIF11	10	92593130	394
ENSG00000152804	HHEX	10	92689955	395
ENSG00000138190	EXOC6	10	92826831	396
ENSG00000095596	CYP26A1	10	93073475	397
ENSG00000138119	MYOF	10	93306429	398
ENSG00000186188	FFAR4	10	93566178	399
ENSG00000138207	RBP4	10	93591694	400
ENSG00000095464	PDE6C	10	93612537	401
ENSG00000148690	FRA10AC1	10	93667883	402
ENSG00000108231	LGI1	10	93757809	403
ENSG00000176273	SLC35G1	10	93893951	404
ENSG00000180764	PIPSL	10	93958140	405
ENSG00000138193	PLCE1	10	93993931	406
ENSG00000173145	NOC3L	10	94314907	407
ENSG00000108239	TBC1D12	10	94402429	408
ENSG00000119969	HELLS	10	94545767	409
ENSG00000108242	CYP2C18	10	94683729	410
ENSG00000165841	CYP2C19	10	94762681	411
ENSG00000138109	CYP2C9	10	94938658	412
ENSG00000138115	CYP2C8	10	95036772	413
ENSG00000107438	PDLIM1	10	95237569	414
ENSG00000095637	SORBS1	10	95311773	415
ENSG00000059573	ALDH18A1	10	95605938	416
ENSG00000119977	TCTN3	10	95663396	417
ENSG00000138185	ENTPD1	10	95710901	418
ENSG00000226688	ENTPD1-AS1	10	95753206	419
ENSG00000188649	CC2D2B	10	95907440	420
ENSG00000107443	CCNJ	10	96042848	421
ENSG00000177853	ZNF518A	10	96128906	422
ENSG00000095585	BLNK	10	96189171	423
ENSG00000077147	TM9SF3	10	96518110	424
ENSG00000155629	PIK3AP1	10	96593312	425
ENSG00000236552	RPL13AP5	10	96750266	426
ENSG00000196233	LCOR	10	96832298	427
ENSG00000187122	SLIT1	10	96998038	428
ENSG00000269891	ARHGAP19-SLIT1	10	97153042	429
ENSG00000213390	ARHGAP19	10	97222173	430
ENSG00000165879	FRAT1	10	97319271	431
ENSG00000181274	FRAT2	10	97332497	432
ENSG00000052749	RRP12	10	97356357	433
ENSG00000171314	PGAM1	10	97426191	434
ENSG00000171311	EXOSC1	10	97435909	435
ENSG00000171307	ZDHHC16	10	97446131	436
ENSG00000155229	MMS19	10	97458324	437
ENSG00000241935	HOGA1	10	97584345	438
ENSG00000203942	C10orf62	10	97589721	439
ENSG00000171160	MORN4	10	97614553	440
ENSG00000155252	PI4K2A	10	97640686	441
ENSG00000119986	AVPI1	10	97677422	442
ENSG00000155254	MARVELD1	10	97713730	443
ENSG00000155256	ZFYVE27	10	97737121	444
ENSG00000120057	SFRP5	10	97766751	445
ENSG00000155265	GOLGA7B	10	97849843	446
ENSG00000166024	R3HCC1L	10	98134624	447
ENSG00000138131	LOXL4	10	98247690	448
ENSG00000119943	PYROXD2	10	98383565	449
ENSG00000107521	HPS1	10	98416193	450
ENSG00000119946	CNNM1	10	99329099	451
ENSG00000120053	GOT1	10	99396870	452
ENSG00000155287	SLC25A28	10	99610522	453
ENSG00000198018	ENTPD7	10	99659509	454
ENSG00000014919	COX15	10	99694293	455
ENSG00000119929	CUTC	10	99732234	456
ENSG00000023839	ABCC2	10	99782602	457
ENSG00000107554	DNMBP	10	99875571	458
ENSG00000227695	DNMBP-AS1	10	99927205	459
ENSG00000120054	CPN1	10	100042193	460
ENSG00000107566	ERLIN1	10	100150094	461
ENSG00000213341	CHUK	10	100188298	462
ENSG00000095485	CWF19L1	10	100232298	463
ENSG00000212464	SNORA12	10	100237156	464
ENSG00000196072	BLOC1S2	10	100273278	465
ENSG00000099194	SCD	10	100347233	466
ENSG00000235823	OLMALINC	10	100373576	467
ENSG00000075826	SEC31B	10	100486647	468
ENSG00000166136	NDUFB8	10	100523729	469
ENSG00000166135	HIF1AN	10	100535921	470
ENSG00000119906	SLF2	10	100909416	471
ENSG00000095539	SEMA4G	10	100969503	472
ENSG00000055950	MRPL43	10	100977820	473
ENSG00000107815	TWNK	10	100987543	474
ENSG00000107816	LZTS2	10	100997065	475
ENSG00000107819	SFXN3	10	101031234	476
ENSG00000107821	KAZALD1	10	101061085	477
ENSG00000166167	BTRC	10	101353808	478
ENSG00000166169	POLL	10	101578882	479
ENSG00000166171	DPCD	10	101588321	480
ENSG00000107829	FBXW4	10	101610664	481
ENSG00000107833	NPM3	10	101781325	482
ENSG00000198408	OGA	10	101784443	483
ENSG00000120049	KCNIP2	10	101825971	484
ENSG00000120029	ARMH3	10	101845599	485
ENSG00000166189	HPS6	10	102065349	486
ENSG00000198728	LDB1	10	102102100	487
ENSG00000148840	PPRC1	10	102120634	488
ENSG00000166197	NOLC1	10	102152176	489
ENSG00000107862	GBF1	10	102245531	490
ENSG00000077150	NFKB2	10	102394110	491
ENSG00000059915	PSD	10	102402617	492
ENSG00000107872	FBXL15	10	102419222	493
ENSG00000107874	CUEDC2	10	102423249	494
ENSG00000269609	C10orf95-AS1	10	102449817	495
ENSG00000138111	MFSD13A	10	102460896	496
ENSG00000138107	ACTR1A	10	102479229	497
ENSG00000107882	SUFU	10	102502801	498
ENSG00000171206	TRIM8	10	102644495	499
ENSG00000138175	ARL3	10	102673731	500
ENSG00000156398	SFXN2	10	102714518	501
ENSG00000166272	WBP1L	10	102742708	502
ENSG00000148795	CYP17A1	10	102830531	503
ENSG00000166275	BORCS7	10	102854259	504
ENSG00000214435	AS3MT	10	102869470	505
ENSG00000286575	LOC107984265	10	102898703	506
ENSG00000148842	CNNM2	10	102918293	507
ENSG00000076685	NT5C2	10	103088017	508
ENSG00000235376	RPEL1	10	103245887	509
ENSG00000156374	PCGF6	10	103302796	510
ENSG00000148835	TAF5	10	103367976	511
ENSG00000173915	ATP5MK	10	103389050	512
ENSG00000148843	PDCD11	10	103396615	513
ENSG00000138172	CALHM2	10	103446783	514
ENSG00000107954	NEURL1	10	103493705	515
ENSG00000107957	SH3PXD2A	10	103594027	516
ENSG00000280693	SH3PXD2A-AS1	10	103746779	517
ENSG00000107960	STN1	10	103877569	518
ENSG00000065613	SLK	10	103967100	519
ENSG00000065618	COL17A1	10	104031286	520
ENSG00000156384	SFR1	10	104122058	521
ENSG00000197748	CFAP43	10	104129888	522
ENSG00000148834	GSTO1	10	104254194	523
ENSG00000065621	GSTO2	10	104267626	524
ENSG00000148841	ITPRIP	10	104309696	525
ENSG00000229775	LINC02624	10	106140165	526
ENSG00000108018	SORCS1	10	106573663	527
ENSG00000108039	XPNPEP1	10	109864766	528
ENSG00000148700	ADD3	10	109996365	529
ENSG00000119950	MXI1	10	110207605	530
ENSG00000119953	SMNDC1	10	110290730	531
ENSG00000138166	DUSP5	10	110497907	532
ENSG00000108055	SMC3	10	110567691	533
ENSG00000203867	RBM20	10	110641933	534
ENSG00000150593	PDCD4	10	110871795	535
ENSG00000214413	BBIP1	10	110898730	536
ENSG00000108061	SHOC2	10	110919370	537
ENSG00000150594	ADRA2A	10	111077029	538
ENSG00000119927	GPAM	10	112149865	539
ENSG00000119913	TECTB	10	112283400	540
ENSG00000197142	ACSL5	10	112374116	541
ENSG00000023041	ZDHHC6	10	112424411	542
ENSG00000151532	VTI1A	10	112446988	543
ENSG00000260917	LOC103344931	10	112823496	544
ENSG00000148737	TCF7L2	10	112950247	545
ENSG00000148702	HABP2	10	113550831	546
ENSG00000197893	NRAP	10	113588714	547
ENSG00000165806	CASP7	10	113679162	548
ENSG00000198924	DCLRE1A	10	113834725	549
ENSG00000196865	NHLRC2	10	113854634	550
ENSG00000165813	CCDC186	10	114120862	551
ENSG00000095627	TDRD1	10	114174442	552
ENSG00000165816	VWA2	10	114239254	553
ENSG00000169129	AFAP1L2	10	114280760	554
ENSG00000099204	ABLIM1	10	114431110	555
ENSG00000228484	LOC101927692	10	114764788	556
ENSG00000151553	FHIP2A	10	114821780	557
ENSG00000165832	TRUB1	10	114938195	558
ENSG00000107518	ATRNL1	10	115093365	559
ENSG00000151892	GFRA1	10	116056925	560
ENSG00000165868	HSPA12A	10	116671192	561
ENSG00000188316	ENO4	10	116848230	562
ENSG00000187164	SHTN1	10	116881477	563
ENSG00000165646	SLC18A2	10	117241114	564
ENSG00000165650	PDZD8	10	117277274	565
ENSG00000107560	RAB11FIP2	10	118004916	566
ENSG00000177640	CASC2	10	118046821	567
ENSG00000165669	FAM204A	10	118297925	568
ENSG00000151893	CACUL1	10	118676411	569
ENSG00000188613	NANOS1	10	119029714	570
ENSG00000107581	EIF3A	10	119033670	571
ENSG00000119979	DENND10	10	119104082	572
ENSG00000183605	SFXN4	10	119140767	573
ENSG00000165672	PRDX3	10	119167720	574
ENSG00000198873	GRK5	10	119207571	575
ENSG00000148908	RGS10	10	119499817	576
ENSG00000151923	TIAL1	10	119573465	577
ENSG00000151929	BAG3	10	119651370	578
ENSG00000198825	INPP5F	10	119704395	579
ENSG00000197771	MCMBP	10	119829404	580
ENSG00000107651	SEC23IP	10	119892696	581
ENSG00000203805	PLPP4	10	120456954	582
ENSG00000274461	LINC02930	10	120634947	583
ENSG00000120008	WDR11	10	120851313	584
ENSG00000066468	FGFR2	10	121478330	585
ENSG00000107669	ATE1	10	121740421	586
ENSG00000226864	ATE1-AS1	10	121928312	587
ENSG00000107672	NSMCE4A	10	121957088	588
ENSG00000138162	TACC2	10	121989163	589
ENSG00000138152	BTBD16	10	122270745	590
ENSG00000107679	PLEKHA1	10	122374675	591
ENSG00000166033	HTRA1	10	122461553	592
ENSG00000119965	C10orf88	10	122930901	593
ENSG00000179988	PSTK	10	122980401	594
ENSG00000095574	IKZF5	10	122990806	595
ENSG00000196177	ACADSB	10	123009006	596
ENSG00000154473	BUB3	10	123154244	597
ENSG00000286344	LINC02641	10	123347923	598
ENSG00000121898	CPXM2	10	123745636	599
ENSG00000182022	CHST15	10	124006059	600
ENSG00000065154	OAT	10	124397303	601
ENSG00000107902	LHPP	10	124461823	602
ENSG00000189319	FAM53B	10	124619292	603
ENSG00000203791	EEF1AKMT2	10	124757834	604
ENSG00000165660	ABRAXAS2	10	124801803	605
ENSG00000019995	ZRANB1	10	124939489	606
ENSG00000175029	CTBP2	10	124984317	607
ENSG00000228021	LOC283038	10	125683243	608
ENSG00000224023	EDRF1-DT	10	125705290	609
ENSG00000107938	EDRF1	10	125719515	610
ENSG00000236991	EDRF1-AS1	10	125744727	611
ENSG00000188690	UROS	10	125784980	612
ENSG00000107949	BCCIP	10	125823546	613
ENSG00000089876	DHX32	10	125836337	614
ENSG00000148848	ADAM12	10	126012391	615
ENSG00000150760	DOCK1	10	126905409	616
ENSG00000188916	INSYN2A	10	127135430	617
ENSG00000180745	CLRN3	10	127877841	618
ENSG00000132334	PTPRE	10	127907053	619
ENSG00000148773	MKI67	10	128096659	620
ENSG00000170430	MGMT	10	129467214	621
ENSG00000108001	EBF3	10	129835233	622
ENSG00000237489	C10orf143	10	130034490	623
ENSG00000233122	CTAGE7P	10	130106009	624
ENSG00000108010	GLRX3	10	130136375	625
ENSG00000175470	PPP2R2D	10	131900934	626
ENSG00000176171	BNIP3	10	131967683	627
ENSG00000188385	JAKMIP3	10	132036068	628
ENSG00000165752	STK32C	10	132207482	629
ENSG00000148814	LRRC27	10	132330063	630
ENSG00000171813	PWWP2B	10	132397196	631
ENSG00000068383	INPP5A	10	132537784	632
ENSG00000148826	NKX6-2	10	132782229	633
ENSG00000171798	KNDC1	10	133160219	634
ENSG00000151651	ADAM8	10	133262422	635
ENSG00000130640	TUBGCP2	10	133278630	636
ENSG00000198546	ZNF511	10	133308914	637
ENSG00000165828	PRAP1	10	133347373	638
ENSG00000148803	FUOM	10	133352773	639
ENSG00000127884	ECHS1	10	133362480	640
ENSG00000148832	PAOX	10	133379262	641
ENSG00000148824	MTG1	10	133394157	642
ENSG00000203772	SPRN	10	133420666	643
ENSG00000214279	SCART1	10	133453928	644
ENSG00000130649	CYP2E1	10	133527363	645
ENSG00000171772	SYCE1	10	133553900	646
ENSG00000177951	BET1L	11	202924	1
ENSG00000177963	RIC8A	11	207511	2
ENSG00000142082	SIRT3	11	215030	3
ENSG00000185627	PSMD13	11	236972	4
ENSG00000174885	NLRP6	11	278365	5
ENSG00000142102	PGGHG	11	287760	6
ENSG00000185201	IFITM2	11	308107	7
ENSG00000185885	IFITM1	11	314040	8
ENSG00000142089	IFITM3	11	319676	9
ENSG00000185187	SIGIRR	11	405716	10
ENSG00000185101	ANO9	11	417934	11
ENSG00000174915	PTDSS2	11	448215	12
ENSG00000023191	RNH1	11	494512	13
ENSG00000174775	HRAS	11	532242	14
ENSG00000185522	LMNTD2	11	554850	15
ENSG00000254815	LMNTD2-AS1	11	559262	16
ENSG00000099849	RASSF7	11	560970	17
ENSG00000247095	MIR210HG	11	565657	18
ENSG00000070047	PHRF1	11	576446	19
ENSG00000185507	IRF7	11	612555	20
ENSG00000099834	CDHR5	11	616565	21
ENSG00000177030	DEAF1	11	644220	22
ENSG00000177042	TMEM80	11	695386	23
ENSG00000177106	EPS8L2	11	706202	24
ENSG00000177156	TALDO1	11	747464	25
ENSG00000177225	GATD1	11	767095	26
ENSG00000255284	GATD1-DT	11	777578	27
ENSG00000177542	SLC25A22	11	790475	28
ENSG00000177595	PIDD1	11	799179	29
ENSG00000177600	RPLP2	11	809967	30
ENSG00000199785	SNORA52	11	811681	31
ENSG00000177666	PNPLA2	11	818890	32
ENSG00000177685	CRACR2B	11	825558	33
ENSG00000177697	CD151	11	832952	34
ENSG00000177700	POLR2L	11	839721	35
ENSG00000214063	TSPAN4	11	842824	36
ENSG00000177830	CHID1	11	867859	37
ENSG00000183020	AP2A2	11	925809	38
ENSG00000184956	MUC6	11	1012823	39
ENSG00000117983	MUC5B	11	1223066	40
ENSG00000078902	TOLLIP	11	1274368	41
ENSG00000182208	MOB2	11	1469448	42
ENSG00000205866	FAM99A	11	1665599	43
ENSG00000205865	FAM99B	11	1683270	44
ENSG00000244242	IFITM10	11	1732406	45
ENSG00000117984	CTSD	11	1752755	46
ENSG00000130592	LSP1	11	1853084	47
ENSG00000214026	MRPL23	11	1947272	48
ENSG00000130600	H19	11	1995176	49
ENSG00000284010	MIR675	11	1996759	50
ENSG00000167244	IGF2	11	2129112	51
ENSG00000129965	INS-IGF2	11	2129117	52
ENSG00000099869	IGF2-AS	11	2140512	53
ENSG00000180176	TH	11	2163929	54
ENSG00000110665	C11orf21	11	2295628	55
ENSG00000064201	TSPAN32	11	2299480	56
ENSG00000110651	CD81	11	2376177	57
ENSG00000184281	TSSC4	11	2398412	58
ENSG00000053918	KCNQ1	11	2445008	59
ENSG00000269821	KCNQ1OT1	11	2608328	60
ENSG00000129757	CDKN1C	11	2883218	61
ENSG00000254827	SLC22A18AS	11	2887344	62
ENSG00000110628	SLC22A18	11	2899691	63
ENSG00000205531	NAP1L4	11	2944437	64
ENSG00000207008	SNORA54	11	2963771	65
ENSG00000110619	CARS1	11	3000929	66
ENSG00000247473	CARS1-AS1	11	3029394	67
ENSG00000021762	OSBPL5	11	3087107	68
ENSG00000005801	ZNF195	11	3357927	69
ENSG00000129749	CHRNA10	11	3665587	70
ENSG00000110713	NUP98	11	3675010	71
ENSG00000148985	PGAP2	11	3797724	72
ENSG00000177105	RHOG	11	3826978	73
ENSG00000167323	STIM1	11	3855664	74
ENSG00000167325	RRM1	11	4094685	75
ENSG00000132109	TRIM21	11	4384897	76
ENSG00000167333	TRIM68	11	4598672	77
ENSG00000244734	HBB	11	5225464	78
ENSG00000175518	UBQLNL	11	5514393	79
ENSG00000132256	TRIM5	11	5590906	80
ENSG00000121236	TRIM6	11	5596111	81
ENSG00000258588	TRIM6-TRIM34	11	5596637	82
ENSG00000258659	TRIM34	11	5619944	83
ENSG00000132274	TRIM22	11	5689790	84
ENSG00000180878	C11orf42	11	6201905	85
ENSG00000051009	FHIP1B	11	6211338	86
ENSG00000170955	CAVIN3	11	6318946	87
ENSG00000282556	LOC101927825	11	6319141	88
ENSG00000166311	SMPD1	11	6390474	89
ENSG00000166313	APBB1	11	6395124	90
ENSG00000110169	HPX	11	6431049	91
ENSG00000110171	TRIM3	11	6448613	92
ENSG00000132254	ARFIP2	11	6474681	93
ENSG00000132286	TIMM10B	11	6481501	94
ENSG00000179532	DNHD1	11	6497280	95
ENSG00000132275	RRP8	11	6514830	96
ENSG00000166333	ILK	11	6603708	97
ENSG00000166337	TAF10	11	6606294	98
ENSG00000166340	TPP1	11	6612768	99
ENSG00000166341	DCHS1	11	6621330	100
ENSG00000158042	MRPL17	11	6680385	101
ENSG00000254838	GVINP1	11	6713139	102
ENSG00000149054	ZNF215	11	6926426	103
ENSG00000149050	ZNF214	11	6993482	104
ENSG00000158077	NLRP14	11	7020446	105
ENSG00000170743	SYT9	11	7238784	106
ENSG00000251364	SYT9-AS1	11	7437627	107
ENSG00000183801	OLFML1	11	7485506	108
ENSG00000166387	PPFIBP2	11	7513765	109
ENSG00000166394	CYB5R2	11	7665095	110
ENSG00000175390	EIF3F	11	7987337	111
ENSG00000166402	TUB	11	8019180	112
ENSG00000166405	RIC3	11	8092965	113
ENSG00000130413	STK33	11	8335029	114
ENSG00000166436	TRIM66	11	8612037	115
ENSG00000166441	RPL27A	11	8682792	116
ENSG00000200983	SNORA3A	11	8684227	117
ENSG00000212607	SNORA3B	11	8685439	118
ENSG00000166444	DENND2B	11	8693352	119
ENSG00000166452	AKIP1	11	8911117	120
ENSG00000175348	TMEM9B	11	8947201	121
ENSG00000254860	TMEM9B-AS1	11	8964675	122
ENSG00000175352	NRIP3	11	8980576	123
ENSG00000175356	SCUBE2	11	9019476	124
ENSG00000184014	DENND5A	11	9138825	125
ENSG00000166471	TMEM41B	11	9280654	126
ENSG00000205339	IPO7	11	9384652	127
ENSG00000201998	SNORA23	11	9428766	128
ENSG00000268403	LOC644656	11	9459556	129
ENSG00000166478	ZNF143	11	9460965	130
ENSG00000166483	WEE1	11	9573670	131
ENSG00000133789	SWAP70	11	9664077	132
ENSG00000246273	SBF2-AS1	11	9758293	133
ENSG00000133812	SBF2	11	9778667	134
ENSG00000255476	LOC101928008	11	9839142	135
ENSG00000148926	ADM	11	10305073	136
ENSG00000133805	AMPD3	11	10450321	137
ENSG00000110315	RNF141	11	10511673	138
ENSG00000133800	LYVE1	11	10556966	139
ENSG00000072952	IRAG1	11	10573091	140
ENSG00000198730	CTR9	11	10751246	141
ENSG00000110321	EIF4G2	11	10797046	142
ENSG00000238622	SNORD97	11	10801467	143
ENSG00000236287	ZBED5	11	10852706	144
ENSG00000247271	ZBED5-AS1	11	10858217	145
ENSG00000110328	GALNT18	11	11270877	146
ENSG00000254598	CSNK2A3	11	11351942	147
ENSG00000170242	USP47	11	11841972	148
ENSG00000050165	DKK3	11	11962979	149
ENSG00000133816	MICAL2	11	12110576	150
ENSG00000197702	PARVA	11	12376441	151
ENSG00000187079	TEAD1	11	12674421	152
ENSG00000133794	BMAL1	11	13276552	153
ENSG00000148925	BTBD10	11	13387996	154
ENSG00000197601	FAR1	11	13668666	155
ENSG00000262655	SPON1	11	13962723	156
ENSG00000133818	RRAS2	11	14277920	157
ENSG00000129083	COPB1	11	14457503	158
ENSG00000129084	PSMA1	11	14504876	159
ENSG00000152270	PDE3B	11	14643691	160
ENSG00000186104	CYP2R1	11	14878005	161
ENSG00000110693	SOX6	11	15966449	162
ENSG00000110696	C11orf58	11	16738647	163
ENSG00000166689	PLEKHA7	11	16777297	164
ENSG00000184669	OR7E14P	11	17051886	165
ENSG00000110700	RPS13	11	17074388	166
ENSG00000011405	PIK3C2A	11	17086575	167
ENSG00000070081	NUCB2	11	17260337	168
ENSG00000188211	NCR3LG1	11	17351800	169
ENSG00000006611	USH1C	11	17493895	170
ENSG00000129158	SERGEF	11	17788048	171
ENSG00000129167	TPH1	11	18017555	172
ENSG00000166788	SAAL1	11	18080292	173
ENSG00000148965	SAA4	11	18231355	174
ENSG00000255071	SAA2-SAA4	11	18231355	175
ENSG00000134339	SAA2	11	18238236	176
ENSG00000173432	SAA1	11	18266225	177
ENSG00000110756	HPS5	11	18278670	178
ENSG00000110768	GTF2H1	11	18322269	179
ENSG00000134333	LDHA	11	18394389	180
ENSG00000166796	LDHC	11	18412298	181
ENSG00000166800	LDHAL6A	11	18455856	182
ENSG00000074319	TSG101	11	18480311	183
ENSG00000151116	UEVLD	11	18529606	184
ENSG00000247595	MISFA	11	18599789	185
ENSG00000179119	SPTY2D1	11	18606401	186
ENSG00000151117	TMEM86A	11	18698779	187
ENSG00000179057	IGSF22	11	18704311	188
ENSG00000177054	ZDHHC13	11	19117099	189
ENSG00000166833	NAV2	11	19345200	190
ENSG00000255043	NAV2-AS5	11	19502672	191
ENSG00000254622	NAV2-AS4	11	19510893	192
ENSG00000254453	NAV2-AS2	11	20043775	193
ENSG00000109854	HTATIP2	11	20363685	194
ENSG00000185238	PRMT3	11	20387530	195
ENSG00000183161	FANCF	11	22622533	196
ENSG00000148935	GAS2	11	22627758	197
ENSG00000198168	SVIP	11	22812429	198
ENSG00000255359	CCDC179	11	22846922	199
ENSG00000134343	ANO3	11	26189123	200
ENSG00000148942	SLC5A12	11	26667020	201
ENSG00000176971	FIBIN	11	26994112	202
ENSG00000129151	BBOX1	11	27040705	203
ENSG00000109881	CCDC34	11	27338512	204
ENSG00000205213	LGR4	11	27365961	205
ENSG00000148943	LIN7C	11	27494418	206
ENSG00000245573	BDNF-AS	11	27506852	207
ENSG00000176697	BDNF	11	27654893	208
ENSG00000169519	METTL15	11	28108251	209
ENSG00000152219	ARL14EP	11	30323104	210
ENSG00000066382	MPPED2	11	30384493	211
ENSG00000170959	DCDC1	11	30863603	212
ENSG00000170946	DNAJC24	11	31369840	213
ENSG00000148950	IMMP1L	11	31432401	214
ENSG00000109911	ELP4	11	31509767	215
ENSG00000007372	PAX6	11	31784792	216
ENSG00000049449	RCN1	11	32091074	217
ENSG00000149100	EIF3M	11	32583816	218
ENSG00000186714	CCDC73	11	32602080	219
ENSG00000135378	PRRG4	11	32829756	220
ENSG00000060749	QSER1	11	32892811	221
ENSG00000121690	DEPDC7	11	33015878	222
ENSG00000176148	TCP11L1	11	33039499	223
ENSG00000280798	LINC00294	11	33076150	224
ENSG00000176102	CSTF3	11	33084584	225
ENSG00000110422	HIPK3	11	33256672	226
ENSG00000110427	KIAA1549L	11	33376108	227
ENSG00000205177	C11orf91	11	33698108	228
ENSG00000085063	CD59	11	33703010	229
ENSG00000110429	FBXO3	11	33740944	230
ENSG00000135363	LMO2	11	33858576	231
ENSG00000135387	CAPRIN1	11	34051663	232
ENSG00000135372	NAT10	11	34105629	233
ENSG00000166016	ABTB2	11	34150987	234
ENSG00000121691	CAT	11	34438934	235
ENSG00000135373	EHF	11	34621093	236
ENSG00000149089	APIP	11	34882295	237
ENSG00000110435	PDHX	11	34915829	238
ENSG00000026508	CD44	11	35139168	239
ENSG00000110436	SLC1A2	11	35251205	240
ENSG00000255004	SLC1A2-AS1	11	35281011	241
ENSG00000149090	PAMR1	11	35431827	242
ENSG00000166326	TRIM44	11	35662692	243
ENSG00000179241	LDLRAD3	11	35943981	244
ENSG00000110442	COMMD9	11	36272292	245
ENSG00000135362	PRR5L	11	36296288	246
ENSG00000175104	TRAF6	11	36483769	247
ENSG00000166349	RAG1	11	36510366	248
ENSG00000166352	IFTAP	11	36594246	249
ENSG00000148948	LRRC4C	11	40107066	250
ENSG00000166181	API5	11	43311970	251
ENSG00000052841	TTC17	11	43358885	252
ENSG00000149084	HSD17B12	11	43576476	253
ENSG00000166199	ALKBH3	11	43880831	254
ENSG00000213693	SEC14L1P1	11	43897303	255
ENSG00000244926	ALKBH3-AS1	11	43909289	256
ENSG00000187479	C11orf96	11	43942637	257
ENSG00000110455	ACCS	11	44066118	258
ENSG00000151348	EXT2	11	44095549	259
ENSG00000085117	CD82	11	44565610	260
ENSG00000157570	TSPAN18	11	44726962	261
ENSG00000175274	TP53I11	11	44932348	262
ENSG00000019485	PRDM11	11	45094013	263
ENSG00000019505	SYT13	11	45240302	264
ENSG00000181830	SLC35C1	11	45804072	265
ENSG00000121671	CRY2	11	45847118	266
ENSG00000121653	MAPK8IP1	11	45885651	267
ENSG00000121680	PEX16	11	45909663	268
ENSG00000165905	LARGE2	11	45921621	269
ENSG00000135365	PHF21A	11	45929319	270
ENSG00000149091	DGKZ	11	46332905	271
ENSG00000110497	AMBRA1	11	46396412	272
ENSG00000180423	HARBI1	11	46602861	273
ENSG00000175224	ATG13	11	46617276	274
ENSG00000175220	ARHGAP1	11	46677077	275
ENSG00000175213	ZNF408	11	46701031	276
ENSG00000180210	F2	11	46719201	277
ENSG00000175216	CKAP5	11	46743048	278
ENSG00000134569	LRP4	11	46854715	279
ENSG00000149179	CSTPP1	11	46936524	280
ENSG00000149182	ARFGAP2	11	47164298	281
ENSG00000165912	PACSIN3	11	47177521	282
ENSG00000134574	DDB2	11	47214942	283
ENSG00000134575	ACP2	11	47239302	284
ENSG00000025434	NR1H3	11	47248300	285
ENSG00000110514	MADD	11	47269375	286
ENSG00000256746	MADD-AS1	11	47270657	287
ENSG00000066336	SPI1	11	47354859	288
ENSG00000165915	SLC39A13	11	47407132	289
ENSG00000165916	PSMC3	11	47418769	290
ENSG00000149187	CELF1	11	47465937	291
ENSG00000110536	PTPMT1	11	47565430	292
ENSG00000123444	KBTBD4	11	47572197	293
ENSG00000213619	NDUFS3	11	47579074	294
ENSG00000109919	MTCH2	11	47604309	295
ENSG00000165923	AGBL2	11	47659168	296
ENSG00000109920	FNBP4	11	47716494	297
ENSG00000030066	NUP160	11	47778083	298
ENSG00000149177	PTPRJ	11	47980504	299
ENSG00000086205	FOLH1	11	49145092	300
ENSG00000183908	LRRC55	11	57181953	301
ENSG00000134817	APLNR	11	57233577	302
ENSG00000149115	TNKS1BP1	11	57299631	303
ENSG00000149136	SSRP1	11	57325986	304
ENSG00000109991	P2RX3	11	57335943	305
ENSG00000186652	PRG2	11	57386780	306
ENSG00000134802	SLC43A3	11	57406954	307
ENSG00000186907	RTN4RL2	11	57460528	308
ENSG00000149150	SLC43A1	11	57484531	309
ENSG00000134809	TIMM10	11	57528464	310
ENSG00000214872	SMTNL1	11	57536841	311
ENSG00000156587	UBE2L6	11	57551655	312
ENSG00000149131	SERPING1	11	57597685	313
ENSG00000166793	YPEL4	11	57645087	314
ENSG00000172409	CLP1	11	57657744	315
ENSG00000156599	ZDHHC5	11	57668040	316
ENSG00000156603	MED19	11	57703709	317
ENSG00000213593	TMX2	11	57712523	318
ENSG00000288534	TMX2-CTNND1	11	57712523	319
ENSG00000211450	SELENOH	11	57741250	320
ENSG00000233436	BTBD18	11	57743514	321
ENSG00000198561	CTNND1	11	57761802	322
ENSG00000110031	LPXN	11	58526871	323
ENSG00000186660	ZFP91	11	58579063	324
ENSG00000242689	CNTF	11	58622665	325
ENSG00000149124	GLYAT	11	58708757	326
ENSG00000166840	GLYATL1	11	58905398	327
ENSG00000255240	LOC283194	11	58933643	328
ENSG00000189057	FAM111B	11	59107185	329
ENSG00000245571	FAM111A-DT	11	59133972	330
ENSG00000166801	FAM111A	11	59142746	331
ENSG00000110042	DTX4	11	59171430	332
ENSG00000197629	MPEG1	11	59208510	333
ENSG00000110048	OSBP	11	59574398	334
ENSG00000166889	PATL1	11	59636716	335
ENSG00000166900	STX3	11	59755374	336
ENSG00000166902	MRPL16	11	59806140	337
ENSG00000149534	MS4A2	11	60088261	338
ENSG00000110077	MS4A6A	11	60171607	339
ENSG00000214787	MS4A4E	11	60201253	340
ENSG00000110079	MS4A4A	11	60280666	341
ENSG00000166927	MS4A7	11	60378485	342
ENSG00000166928	MS4A14	11	60396014	343
ENSG00000156738	MS4A1	11	60455809	344
ENSG00000110104	CCDC86	11	60842113	345
ENSG00000110107	PRPF19	11	60890547	346
ENSG00000110108	TMEM109	11	60914158	347
ENSG00000006118	TMEM132A	11	60924460	348
ENSG00000110446	SLC15A3	11	60937084	349
ENSG00000013725	CD6	11	60971678	350
ENSG00000110448	CD5	11	61093963	351
ENSG00000167987	VPS37C	11	61130257	352
ENSG00000167992	VWCE	11	61258286	353
ENSG00000167986	DDB1	11	61299451	354
ENSG00000149476	TKFC	11	61333182	355
ENSG00000162144	CYB561A3	11	61348745	356
ENSG00000149483	TMEM138	11	61362361	357
ENSG00000187049	TMEM216	11	61391982	358
ENSG00000149532	CPSF7	11	61402648	359
ENSG00000167985	SDHAF2	11	61430125	360
ENSG00000162148	PPP1R32	11	61481120	361
ENSG00000011347	SYT7	11	61513714	362
ENSG00000134780	DAGLA	11	61680184	363
ENSG00000124920	MYRF	11	61752617	364
ENSG00000124915	MYRF-AS1	11	61754029	365
ENSG00000134825	TMEM258	11	61788949	366
ENSG00000168496	FEN1	11	61792911	367
ENSG00000149485	FADS1	11	61799627	368
ENSG00000134824	FADS2	11	61816203	369
ENSG00000221968	FADS3	11	61873526	370
ENSG00000167994	RAB3IL1	11	61897299	371
ENSG00000167995	BEST1	11	61946722	372
ENSG00000167996	FTH1	11	61964285	373
ENSG00000149503	INCENP	11	62123998	374
ENSG00000162174	ASRGL1	11	62337430	375
ENSG00000124942	AHNAK	11	62433544	376
ENSG00000254772	EEF1G	11	62559596	377
ENSG00000149016	TUT1	11	62575052	378
ENSG00000149480	MTA2	11	62593214	379
ENSG00000149499	EML3	11	62602218	380
ENSG00000149541	B3GAT3	11	62615296	381
ENSG00000089597	GANAB	11	62624826	382
ENSG00000185085	INTS5	11	62646848	383
ENSG00000162194	LBHD1	11	62662817	384
ENSG00000278615	C11orf98	11	62662817	385
ENSG00000214756	CSKMT	11	62665253	386
ENSG00000206597	SNORA57	11	62665422	387
ENSG00000204922	UQCC3	11	62671673	388
ENSG00000162191	UBXN1	11	62676498	389
ENSG00000168000	BSCL2	11	62690262	390
ENSG00000234857	HNRNPUL2-BSCL2	11	62690262	391
ENSG00000162188	GNG3	11	62707255	392
ENSG00000214753	HNRNPUL2	11	62712630	393
ENSG00000162222	TTC9C	11	62728073	394
ENSG00000185670	ZBTB3	11	62750963	395
ENSG00000168002	POLR2G	11	62761580	396
ENSG00000162227	TAF6L	11	62771396	397
ENSG00000185475	TMEM179B	11	62787402	398
ENSG00000168569	TMEM223	11	62789971	399
ENSG00000162231	NXF1	11	62792125	400
ENSG00000162236	STX5	11	62806860	401
ENSG00000256690	STX5-DT	11	62832234	402
ENSG00000133316	WDR74	11	62832905	403
ENSG00000255717	SNHG1	11	62851978	404
ENSG00000277194	SNORD22	11	62852910	405
ENSG00000168003	SLC3A2	11	62856109	406
ENSG00000197658	SLC22A24	11	63079940	407
ENSG00000196600	SLC22A25	11	63162264	408
ENSG00000184999	SLC22A10	11	63268257	409
ENSG00000149742	SLC22A9	11	63368871	410
ENSG00000133321	PLAAT4	11	63536808	411
ENSG00000133328	PLAAT2	11	63552759	412
ENSG00000176485	PLAAT3	11	63574462	413
ENSG00000184743	ATL3	11	63624082	414
ENSG00000133318	RTN3	11	63681315	415
ENSG00000188070	ZFTA	11	63759892	416
ENSG00000168005	SPINDOC	11	63813374	417
ENSG00000072518	MARK2	11	63838928	418
ENSG00000110583	NAA40	11	63938973	419
ENSG00000176340	COX8A	11	63974620	420
ENSG00000167770	OTUB1	11	63985853	421
ENSG00000133315	MACROD1	11	63998554	422
ENSG00000126500	FLRT1	11	64035970	423
ENSG00000168439	STIP1	11	64185272	424
ENSG00000149781	FERMT3	11	64206662	425
ENSG00000149743	TRPT1	11	64223799	426
ENSG00000149761	NUDT22	11	64226258	427
ENSG00000110011	DNAJC4	11	64230281	428
ENSG00000173511	VEGFB	11	64234584	429
ENSG00000173486	FKBP2	11	64241095	430
ENSG00000286264	LOC114841035	11	64241095	431
ENSG00000173457	PPP1R14B	11	64244479	432
ENSG00000149782	PLCB3	11	64251530	433
ENSG00000002330	BAD	11	64269828	434
ENSG00000173264	GPR137	11	64270337	435
ENSG00000173153	ESRRA	11	64305524	436
ENSG00000173113	TRMT112	11	64316460	437
ENSG00000126432	PRDX5	11	64318121	438
ENSG00000168071	CCDC88B	11	64340203	439
ENSG00000162302	RPS6KA4	11	64359162	440
ENSG00000068831	RASGRP2	11	64726911	441
ENSG00000168066	SF1	11	64764604	442
ENSG00000168067	MAP4K2	11	64784918	443
ENSG00000133895	MEN1	11	64803514	444
ENSG00000171219	CDC42BPG	11	64823052	445
ENSG00000110047	EHD1	11	64851642	446
ENSG00000110046	ATG2A	11	64894546	447
ENSG00000068971	PPP2R5B	11	64917553	448
ENSG00000168070	MAJIN	11	64938230	449
ENSG00000168062	BATF2	11	64987945	450
ENSG00000273003	ARL2-SNX15	11	65014113	451
ENSG00000213465	ARL2	11	65014160	452
ENSG00000110025	SNX15	11	65027439	453
ENSG00000168061	SAC3D1	11	65040933	454
ENSG00000162300	ZFPL1	11	65084222	455
ENSG00000149823	VPS51	11	65096214	456
ENSG00000149809	TM7SF2	11	65111854	457
ENSG00000149806	FAU	11	65120630	458
ENSG00000149792	MRPL49	11	65122183	459
ENSG00000162298	SYVN1	11	65127279	460
ENSG00000204710	SPDYC	11	65170154	461
ENSG00000254614	CAPN1-AS1	11	65179871	462
ENSG00000014216	CAPN1	11	65181373	463
ENSG00000014138	POLA2	11	65261917	464
ENSG00000287917	LOC105369344	11	65305809	465
ENSG00000149798	CDC42EP2	11	65314866	466
ENSG00000133884	DPF2	11	65333840	467
ENSG00000162241	SLC25A45	11	65375192	468
ENSG00000126391	FRMD8	11	65386637	469
ENSG00000245532	NEAT1	11	65422798	470
ENSG00000283791	MIR612	11	65444458	471
ENSG00000251562	MALAT1	11	65497738	472
ENSG00000289740	TALAM1	11	65499312	473
ENSG00000142186	SCYL1	11	65525081	474
ENSG00000168056	LTBP3	11	65538559	475
ENSG00000173465	ZNRD2	11	65570459	476
ENSG00000176973	FAM89B	11	65572538	477
ENSG00000173442	EHBP1L1	11	65576034	478
ENSG00000173327	MAP3K11	11	65597755	479
ENSG00000197136	PCNX3	11	65614311	480
ENSG00000213445	SIPA1	11	65638101	481
ENSG00000173039	RELA	11	65653596	482
ENSG00000285533	RELA-DT	11	65662978	483
ENSG00000172977	KAT5	11	65712018	484
ENSG00000172922	RNASEH2C	11	65717673	485
ENSG00000254470	AP5B1	11	65773898	486
ENSG00000172803	SNX32	11	65833640	487
ENSG00000172757	CFL1	11	65854673	488
ENSG00000172732	MUS81	11	65860244	489
ENSG00000172638	EFEMP2	11	65866441	490
ENSG00000172543	CTSW	11	65879837	491
ENSG00000172500	FIBP	11	65883740	492
ENSG00000175573	C11orf68	11	65916810	493
ENSG00000175550	DRAP1	11	65919426	494
ENSG00000175467	SART1	11	65961727	495
ENSG00000175376	EIF1AD	11	65996545	496
ENSG00000175334	BANF1	11	66002079	497
ENSG00000087365	SF3B2	11	66052361	498
ENSG00000175115	PACS1	11	66070272	499
ENSG00000174996	KLC2	11	66257294	500
ENSG00000174903	RAB1B	11	66268526	501
ENSG00000174851	YIF1A	11	66284580	502
ENSG00000174807	CD248	11	66314494	503
ENSG00000174744	BRMS1	11	66337333	504
ENSG00000174684	B4GAT1	11	66345374	505
ENSG00000255468	B4GAT1-DT	11	66347991	506
ENSG00000174669	SLC29A2	11	66362521	507
ENSG00000174547	MRPL11	11	66435075	508
ENSG00000174516	PELI3	11	66466327	509
ENSG00000254986	DPP3	11	66480434	510
ENSG00000174483	BBS1	11	66510635	511
ENSG00000174165	ZDHHC24	11	66520625	512
ENSG00000174080	CTSF	11	66563463	513
ENSG00000173992	CCS	11	66593162	514
ENSG00000248643	RBM14-RBM4	11	66616582	515
ENSG00000239306	RBM14	11	66616630	516
ENSG00000173933	RBM4	11	66638617	517
ENSG00000173914	RBM4B	11	66664998	518
ENSG00000173898	SPTBN2	11	66682496	519
ENSG00000173715	C11orf80	11	66744736	520
ENSG00000173653	RCE1	11	66843441	521
ENSG00000173599	PC	11	66848420	522
ENSG00000173227	SYT12	11	67006773	523
ENSG00000173156	RHOD	11	67056847	524
ENSG00000173120	KDM2A	11	67119263	525
ENSG00000173020	GRK2	11	67266420	526
ENSG00000172932	ANKRD13D	11	67289303	527
ENSG00000172830	SSH3	11	67303478	528
ENSG00000175482	POLD4	11	67350765	529
ENSG00000175505	CLCF1	11	67364168	530
ENSG00000172613	RAD9A	11	67391976	531
ENSG00000172531	PPP1CA	11	67398183	532
ENSG00000175463	TBC1D10C	11	67403718	533
ENSG00000172508	CARNS1	11	67415678	534
ENSG00000175634	RPS6KB2	11	67428475	535
ENSG00000172725	CORO1B	11	67435510	536
ENSG00000175544	CABP4	11	67452403	537
ENSG00000172663	TMEM134	11	67461710	538
ENSG00000110711	AIP	11	67468179	539
ENSG00000110697	PITPNM1	11	67491760	540
ENSG00000167797	CDK2AP2	11	67506497	541
ENSG00000084207	GSTP1	11	67583812	542
ENSG00000167792	NDUFV1	11	67606936	543
ENSG00000167799	NUDT8	11	67621421	544
ENSG00000132744	ACY3	11	67642551	545
ENSG00000290994	FAM86C2P	11	67791767	546
ENSG00000110057	UNC93B1	11	67991100	547
ENSG00000006534	ALDH3B1	11	68008547	548
ENSG00000110717	NDUFS8	11	68030681	549
ENSG00000110719	TCIRG1	11	68039000	550
ENSG00000110721	CHKA	11	68052859	551
ENSG00000110066	KMT5B	11	68154863	552
ENSG00000171067	C11orf24	11	68261338	553
ENSG00000162337	LRP5	11	68298866	554
ENSG00000110075	PPP6R3	11	68460724	555
ENSG00000110090	CPT1A	11	68754620	556
ENSG00000197345	MRPL21	11	68891276	557
ENSG00000132740	IGHMBP2	11	68903851	558
ENSG00000172935	MRGPRF	11	69004375	559
ENSG00000162341	TPCN2	11	69048932	560
ENSG00000284713	SMIM38	11	69155935	561
ENSG00000110092	CCND1	11	69641156	562
ENSG00000149716	LTO1	11	69665563	563
ENSG00000248844	LINC02753	11	70056230	564
ENSG00000131620	ANO1	11	70078540	565
ENSG00000168040	FADD	11	70203163	566
ENSG00000131626	PPFIA1	11	70270687	567
ENSG00000255539	LOC105369373	11	70324808	568
ENSG00000085733	CTTN	11	70398506	569
ENSG00000162105	SHANK2	11	70467854	570
ENSG00000226627	SHANK2-AS1	11	70631094	571
ENSG00000171671	SHANK2-AS3	11	70862790	572
ENSG00000172893	DHCR7	11	71434411	573
ENSG00000172890	NADSYN1	11	71453203	574
ENSG00000158483	FAM86C1P	11	71787511	575
ENSG00000248671	ALG1L9P	11	71794363	576
ENSG00000254469	XNDC1N	11	71865509	577
ENSG00000137522	RNF121	11	71928701	578
ENSG00000137496	IL18BP	11	71997944	579
ENSG00000137497	NUMA1	11	72002864	580
ENSG00000251143	LOC100128494	11	72014291	581
ENSG00000284922	LRTOMT	11	72080331	582
ENSG00000149357	LAMTOR1	11	72097292	583
ENSG00000110200	ANAPC15	11	72106372	584
ENSG00000165457	FOLR2	11	72216773	585
ENSG00000165458	INPPL1	11	72223861	586
ENSG00000162129	CLPB	11	72285495	587
ENSG00000227467	LINC01537	11	72570656	588
ENSG00000186642	PDE2A	11	72576140	589
ENSG00000186635	ARAP1	11	72685069	590
ENSG00000245148	ARAP1-AS2	11	72700474	591
ENSG00000214530	STARD10	11	72754729	592
ENSG00000168010	ATG16L2	11	72814407	593
ENSG00000137478	FCHSD2	11	72836743	594
ENSG00000175591	P2RY2	11	73200416	595
ENSG00000171631	P2RY6	11	73264503	596
ENSG00000110237	ARHGEF17	11	73305961	597
ENSG00000054967	RELT	11	73376395	598
ENSG00000054965	FAM168A	11	73400487	599
ENSG00000021300	PLEKHB1	11	73646581	600
ENSG00000175582	RAB6A	11	73675638	601
ENSG00000175581	MRPL48	11	73787874	602
ENSG00000181924	COA4	11	73870258	603
ENSG00000175575	PAAF1	11	73876699	604
ENSG00000175567	UCP2	11	73974671	605
ENSG00000175564	UCP3	11	74000277	606
ENSG00000168014	C2CD3	11	74012578	607
ENSG00000214517	PPME1	11	74171090	608
ENSG00000149380	P4HA3	11	74259923	609
ENSG00000165434	PGM2L1	11	74330316	610
ENSG00000175538	KCNE3	11	74454841	611
ENSG00000175536	LIPT2	11	74490519	612
ENSG00000254837	LIPT2-AS1	11	74493385	613
ENSG00000077514	POLD3	11	74592582	614
ENSG00000054938	CHRDL2	11	74696428	615
ENSG00000166439	RNF169	11	74748849	616
ENSG00000166435	XRRA1	11	74840230	617
ENSG00000118363	SPCS2	11	74949266	618
ENSG00000162139	NEU3	11	74988644	619
ENSG00000137491	SLCO2B1	11	75151107	620
ENSG00000137486	ARRB1	11	75260122	621
ENSG00000149273	RPS3	11	75399491	622
ENSG00000206941	SNORD15A	11	75400391	623
ENSG00000207445	SNORD15B	11	75404421	624
ENSG00000158555	GDPD5	11	75434640	625
ENSG00000149257	SERPINH1	11	75562253	626
ENSG00000171533	MAP6	11	75586914	627
ENSG00000166391	MOGAT2	11	75717819	628
ENSG00000062282	DGAT2	11	75768733	629
ENSG00000198382	UVRAG	11	75815189	630
ENSG00000085741	WNT11	11	76186325	631
ENSG00000137492	THAP12	11	76349956	632
ENSG00000179240	GVQW3	11	76381316	633
ENSG00000158636	EMSY	11	76444928	634
ENSG00000137507	LRRC32	11	76657524	635
ENSG00000182704	TSKU	11	76782313	636
ENSG00000078124	ACER3	11	76860888	637
ENSG00000149260	CAPN5	11	77066971	638
ENSG00000137474	MYO7A	11	77128192	639
ENSG00000178795	GDPD4	11	77216558	640
ENSG00000149269	PAK1	11	77322015	641
ENSG00000178301	AQP11	11	77589635	642
ENSG00000074201	CLNS1A	11	77614530	643
ENSG00000048649	RSF1	11	77660009	644
ENSG00000087884	AAMDC	11	77821114	645
ENSG00000149262	INTS4	11	77874418	646
ENSG00000151364	KCTD14	11	78015715	647
ENSG00000259112	NDUFC2-KCTD14	11	78015715	648
ENSG00000151365	THRSP	11	78063861	649
ENSG00000151366	NDUFC2	11	78068297	650
ENSG00000159063	ALG8	11	78100942	651
ENSG00000246174	KCTD21-AS1	11	78139793	652
ENSG00000188997	KCTD21	11	78171243	653
ENSG00000118369	USP35	11	78188815	654
ENSG00000033327	GAB2	11	78215290	655
ENSG00000251323	LINC02728	11	78423982	656
ENSG00000137513	NARS2	11	78435961	657
ENSG00000149256	TENM4	11	78652829	658
ENSG00000137509	PRCP	11	82822936	659
ENSG00000165490	DDIAS	11	82901735	660
ENSG00000137502	RAB30	11	82973133	661
ENSG00000165494	PCF11	11	83157095	662
ENSG00000247137	ANKRD42-DT	11	83184491	663
ENSG00000137494	ANKRD42	11	83193712	664
ENSG00000137500	CCDC90B	11	83259093	665
ENSG00000150672	DLG2	11	83455009	666
ENSG00000171204	TMEM126B	11	85628573	667
ENSG00000171202	TMEM126A	11	85647919	668
ENSG00000137504	CREBZF	11	85657564	669
ENSG00000137501	SYTL2	11	85694221	670
ENSG00000073921	PICALM	11	85957175	671
ENSG00000074266	EED	11	86244384	672
ENSG00000149196	HIKESHI	11	86302229	673
ENSG00000149201	CCDC81	11	86374736	674
ENSG00000151376	ME3	11	86441108	675
ENSG00000150687	PRSS23	11	86791071	676
ENSG00000174804	FZD4	11	86945679	677
ENSG00000246523	FZD4-DT	11	86955621	678
ENSG00000166575	TMEM135	11	87037934	679
ENSG00000123892	RAB38	11	87809490	680
ENSG00000109861	CTSC	11	88293592	681
ENSG00000288018	LOC101929174	11	88337853	682
ENSG00000134612	FOLH1B	11	89637580	683
ENSG00000077616	NAALAD2	11	90131693	684
ENSG00000110172	CHORDC1	11	90200429	685
ENSG00000261645	DISC1FP1	11	90251232	686
ENSG00000165323	FAT3	11	92224636	687
ENSG00000180773	SLC36A4	11	93144174	688
ENSG00000165325	DEUP1	11	93329079	689
ENSG00000166002	SMCO4	11	93478472	690
ENSG00000166004	CEP295	11	93661682	691
ENSG00000254911	SCARNA9	11	93721514	692
ENSG00000166012	TAF1D	11	93730194	693
ENSG00000207112	SNORA25	11	93730513	694
ENSG00000206799	SNORA32	11	93730979	695
ENSG00000207304	SNORA8	11	93732361	696
ENSG00000239195	SNORD5	11	93733228	697
ENSG00000207145	SNORA18	11	93733466	698
ENSG00000210825	SNORA40	11	93735110	699
ENSG00000182919	C11orf54	11	93741594	700
ENSG00000042429	MED17	11	93784282	701
ENSG00000181333	HEPHL1	11	94021354	702
ENSG00000110218	PANX1	11	94128841	703
ENSG00000123901	GPR83	11	94377316	704
ENSG00000020922	MRE11	11	94415570	705
ENSG00000168876	ANKRD49	11	94493984	706
ENSG00000196371	FUT4	11	94543851	707
ENSG00000255929	PIWIL4-AS1	11	94545332	708
ENSG00000134627	PIWIL4	11	94567368	709
ENSG00000166025	AMOTL1	11	94706418	710
ENSG00000150316	CWC15	11	94962620	711
ENSG00000263465	SRSF8	11	95066877	712
ENSG00000149218	ENDOD1	11	95089846	713
ENSG00000149212	SESN3	11	95165513	714
ENSG00000077458	FAM76B	11	95768953	715
ENSG00000166037	CEP57	11	95790461	716
ENSG00000087053	MTMR2	11	95832880	717
ENSG00000184384	MAML2	11	95976598	718
ENSG00000149231	CCDC82	11	96352765	719
ENSG00000183340	JRKL	11	96390013	720
ENSG00000149972	CNTN5	11	99020904	721
ENSG00000165895	ARHGAP42	11	100687288	722
ENSG00000082175	PGR	11	101029624	723
ENSG00000137672	TRPC6	11	101451470	724
ENSG00000110318	CEP126	11	101915010	725
ENSG00000137693	YAP1	11	102109957	726
ENSG00000023445	BIRC3	11	102317373	727
ENSG00000110330	BIRC2	11	102347182	728
ENSG00000152558	TMEM123	11	102396332	729
ENSG00000255337	TMEM123-DT	11	102452919	730
ENSG00000137673	MMP7	11	102520508	731
ENSG00000281655	MMP20-AS1	11	102605180	732
ENSG00000137692	DCUN1D5	11	103050686	733
ENSG00000187240	DYNC2H1	11	103109426	734
ENSG00000170962	PDGFD	11	103907189	735
ENSG00000291173	CASP4LP	11	104901549	736
ENSG00000196954	CASP4	11	104942866	737
ENSG00000137752	CASP1	11	105025443	738
ENSG00000204397	CARD16	11	105040218	739
ENSG00000170903	MSANTD4	11	106007899	740
ENSG00000182359	KBTBD3	11	106046801	741
ENSG00000149313	AASDHPPT	11	106077605	742
ENSG00000152402	GUCY1A2	11	106674019	743
ENSG00000152404	CWF19L2	11	107326345	744
ENSG00000137760	ALKBH8	11	107502726	745
ENSG00000110660	SLC35F2	11	107790991	746
ENSG00000179331	RAB39A	11	107928448	747
ENSG00000166266	CUL5	11	108008733	748
ENSG00000075239	ACAT1	11	108116705	749
ENSG00000149308	NPAT	11	108155280	750
ENSG00000149311	ATM	11	108222484	751
ENSG00000166323	C11orf65	11	108308519	752
ENSG00000178202	POGLUT3	11	108472116	753
ENSG00000110723	EXPH5	11	108505431	754
ENSG00000178105	DDX10	11	108665069	755
ENSG00000149289	ZC3H12C	11	110092425	756
ENSG00000137710	RDX	11	110174880	757
ENSG00000137714	FDX1	11	110429948	758
ENSG00000137727	ARHGAP20	11	110577035	759
ENSG00000196167	COLCA1	11	111293389	760
ENSG00000214290	POU2AF3	11	111298349	761
ENSG00000110777	POU2AF1	11	111352251	762
ENSG00000204381	LAYN	11	111540280	763
ENSG00000170145	SIK2	11	111602449	764
ENSG00000137713	PPP2R1B	11	111690273	765
ENSG00000086848	ALG9	11	111776096	766
ENSG00000255561	FDXACB1	11	111874056	767
ENSG00000137720	CFAP68	11	111879224	768
ENSG00000109846	CRYAB	11	111908564	769
ENSG00000254445	HSPB2-C11orf52	11	111912736	770
ENSG00000149300	C11orf52	11	111918913	771
ENSG00000150764	DIXDC1	11	111927144	772
ENSG00000150768	DLAT	11	112025408	773
ENSG00000150773	PIH1D2	11	112052161	774
ENSG00000150776	NKAPD1	11	112074299	775
ENSG00000150779	TIMM8B	11	112084800	776
ENSG00000204370	SDHD	11	112086873	777
ENSG00000150782	IL18	11	112143251	778
ENSG00000150783	TEX12	11	112167372	779
ENSG00000197580	BCO2	11	112175512	780
ENSG00000150787	PTS	11	112226428	781
ENSG00000188771	PLET1	11	112248153	782
ENSG00000268472	LOC100132686	11	112260265	783
ENSG00000250303	LINC02762	11	112270749	784
ENSG00000149294	NCAM1	11	112961420	785
ENSG00000149292	TTC12	11	113314569	786
ENSG00000170209	ANKK1	11	113386014	787
ENSG00000166682	TMPRSS5	11	113687546	788
ENSG00000086827	ZW10	11	113733183	789
ENSG00000048028	USP28	11	113797875	790
ENSG00000109906	ZBTB16	11	114059576	791
ENSG00000166741	NNMT	11	114257806	792
ENSG00000180425	C11orf71	11	114391443	793
ENSG00000076053	RBM7	11	114400529	794
ENSG00000076043	REXO2	11	114439467	795
ENSG00000204361	NXPE2	11	114464276	796
ENSG00000182985	CADM1	11	115169236	797
ENSG00000256315	CADM1-AS1	11	115396756	798
ENSG00000237937	LINC02702	11	116639422	799
ENSG00000137656	BUD13	11	116748170	800
ENSG00000109917	ZPR1	11	116773799	801
ENSG00000110243	APOA5	11	116789367	802
ENSG00000110244	APOA4	11	116820700	803
ENSG00000110245	APOC3	11	116829907	804
ENSG00000118137	APOA1	11	116835751	805
ENSG00000235910	APOA1-AS	11	116836117	806
ENSG00000160584	SIK3	11	116843410	807
ENSG00000168092	PAFAH1B2	11	117144284	808
ENSG00000149577	SIDT2	11	117178743	809
ENSG00000149591	TAGLN	11	117199294	810
ENSG00000160613	PCSK7	11	117201156	811
ENSG00000167257	RNF214	11	117232671	812
ENSG00000186318	BACE1	11	117285207	813
ENSG00000110274	CEP164	11	117316346	814
ENSG00000177103	DSCAML1	11	117427772	815
ENSG00000137731	FXYD2	11	117820057	816
ENSG00000255245	FXYD6-FXYD2	11	117820081	817
ENSG00000137726	FXYD6	11	117836976	818
ENSG00000110324	IL10RA	11	117986391	819
ENSG00000255274	SMIM35	11	118000027	820
ENSG00000177098	SCN4B	11	118133377	821
ENSG00000160593	JAML	11	118193725	822
ENSG00000160588	MPZL3	11	118226690	823
ENSG00000149573	MPZL2	11	118253416	824
ENSG00000198851	CD3E	11	118304730	825
ENSG00000167286	CD3D	11	118338954	826
ENSG00000160654	CD3G	11	118344344	827
ENSG00000110344	UBE4A	11	118359600	828
ENSG00000167283	ATP5MG	11	118401389	829
ENSG00000118058	KMT2A	11	118436490	830
ENSG00000255435	TTC36-AS1	11	118511918	831
ENSG00000172425	TTC36	11	118527433	832
ENSG00000149582	TMEM25	11	118531088	833
ENSG00000118096	IFT46	11	118544528	834
ENSG00000095139	ARCN1	11	118572387	835
ENSG00000019144	PHLDB1	11	118606296	836
ENSG00000118094	TREH	11	118657316	837
ENSG00000110367	DDX6	11	118747763	838
ENSG00000160683	CXCR5	11	118883892	839
ENSG00000186174	BCL9L	11	118893875	840
ENSG00000186166	CENATAC	11	118998117	841
ENSG00000118181	RPS25	11	119015717	842
ENSG00000196655	TRAPPC4	11	119018766	843
ENSG00000137700	SLC37A4	11	119024112	844
ENSG00000149428	HYOU1	11	119044187	845
ENSG00000160695	VPS11	11	119067752	846
ENSG00000256269	HMBS	11	119084864	847
ENSG00000172269	DPAGT1	11	119096505	848
ENSG00000172375	C2CD2L	11	119106752	849
ENSG00000172273	HINFP	11	119121523	850
ENSG00000160703	NLRX1	11	119168334	851
ENSG00000110395	CBL	11	119206339	852
ENSG00000076706	MCAM	11	119305759	853
ENSG00000173456	RNF26	11	119334527	854
ENSG00000223953	C1QTNF5	11	119338942	855
ENSG00000235718	MFRP	11	119338942	856
ENSG00000036672	USP2	11	119355215	857
ENSG00000154096	THY1	11	119415476	858
ENSG00000110400	NECTIN1	11	119638098	859
ENSG00000176984	LOC107984399	11	120168977	860
ENSG00000184232	OAF	11	120211032	861
ENSG00000181264	TLCD5	11	120325299	862
ENSG00000196914	ARHGEF12	11	120336276	863
ENSG00000154114	TBCEL	11	121024072	864
ENSG00000109927	TECTA	11	121102666	865
ENSG00000109929	SC5D	11	121292771	866
ENSG00000137642	SORL1	11	121452314	867
ENSG00000255248	MIR100HG	11	122028329	868
ENSG00000259571	BLID	11	122115340	869
ENSG00000154127	UBASH3B	11	122655722	870
ENSG00000109943	CRTAM	11	122838419	871
ENSG00000109944	JHY	11	122882528	872
ENSG00000109971	HSPA8	11	123057489	873
ENSG00000207118	SNORD14D	11	123058909	874
ENSG00000166250	CLMP	11	123069872	875
ENSG00000023171	GRAMD1B	11	123358299	876
ENSG00000166261	ZNF202	11	123723914	877
ENSG00000110002	VWA5A	11	124115404	878
ENSG00000154144	TBRG1	11	124622846	879
ENSG00000110013	SIAE	11	124633113	880
ENSG00000019102	VSIG2	11	124747474	881
ENSG00000149564	ESAM	11	124753126	882
ENSG00000120458	MSANTD2	11	124766492	883
ENSG00000245498	MSANTD2-AS1	11	124800428	884
ENSG00000154134	ROBO3	11	124865432	885
ENSG00000154133	ROBO4	11	124883691	886
ENSG00000165478	HEPACAM	11	124919205	887
ENSG00000221932	HEPN1	11	124919250	888
ENSG00000149548	CCDC15	11	124954121	889
ENSG00000134955	SLC37A2	11	125063067	890
ENSG00000150433	TMEM218	11	125094389	891
ENSG00000165495	PKNOX2	11	125235037	892
ENSG00000149557	FEZ1	11	125442881	893
ENSG00000149547	EI24	11	125569216	894
ENSG00000134910	STT3A	11	125592847	895
ENSG00000149554	CHEK1	11	125624910	896
ENSG00000198331	HYLS1	11	125883614	897
ENSG00000110060	PUS3	11	125893485	898
ENSG00000064309	CDON	11	125956813	899
ENSG00000165526	RPUSD4	11	126202094	900
ENSG00000197798	FAM118B	11	126211414	901
ENSG00000182934	SRPRA	11	126255151	902
ENSG00000110074	FOXRED1	11	126269043	903
ENSG00000150455	TIRAP	11	126283087	904
ENSG00000110063	DCPS	11	126304060	905
ENSG00000110080	ST3GAL4	11	126355686	906
ENSG00000254607	LOC101929427	11	126652778	907
ENSG00000134954	ETS1	11	128458761	908
ENSG00000151702	FLI1	11	128685263	909
ENSG00000120457	KCNJ5	11	128891356	910
ENSG00000174370	KCNJ5-AS1	11	128899565	911
ENSG00000134909	ARHGAP32	11	128965060	912
ENSG00000151715	TMEM45B	11	129815781	913
ENSG00000170322	NFRKB	11	129863636	914
ENSG00000170325	PRDM10	11	129899711	915
ENSG00000084234	APLP2	11	130069894	916
ENSG00000149418	ST14	11	130159782	917
ENSG00000196323	ZBTB44	11	130226677	918
ENSG00000166106	ADAMTS15	11	130448876	919
ENSG00000120451	SNX19	11	130866260	920
ENSG00000182667	NTM	11	131370308	921
ENSG00000183715	OPCML	11	132403361	922
ENSG00000166086	JAM3	11	134068925	923
ENSG00000151503	NCAPD3	11	134150113	924
ENSG00000151502	VPS26B	11	134224664	925
ENSG00000151500	THYN1	11	134248265	926
ENSG00000151498	ACAD8	11	134253538	927
ENSG00000109956	B3GAT1	11	134378504	928
ENSG00000255545	B3GAT1-DT	11	134436482	929
ENSG00000226210	WASH8P	12	14477	1
ENSG00000120645	IQSEC3	12	66767	2
ENSG00000111181	SLC6A12	12	190081	3
ENSG00000256577	SLC6A12-AS1	12	203645	4
ENSG00000010379	SLC6A13	12	220621	5
ENSG00000073614	KDM5A	12	280057	6
ENSG00000120647	CCDC77	12	389347	7
ENSG00000171840	NINJ2	12	564296	8
ENSG00000177406	NINJ2-AS1	12	630891	9
ENSG00000060237	WNK1	12	752579	10
ENSG00000002016	RAD52	12	911028	11
ENSG00000082805	ERC1	12	990030	12
ENSG00000111186	WNT5B	12	1529856	13
ENSG00000171823	FBXL14	12	1559641	14
ENSG00000006831	ADIPOR2	12	1691027	15
ENSG00000151062	CACNA2D4	12	1791963	16
ENSG00000151065	DCP1B	12	1941591	17
ENSG00000151067	CACNA1C	12	1969552	18
ENSG00000004478	FKBP4	12	2794970	19
ENSG00000111203	ITFG2	12	2812644	20
ENSG00000053702	NRIP2	12	2825348	21
ENSG00000283297	TEX52	12	2849046	22
ENSG00000111206	FOXM1	12	2857680	23
ENSG00000171792	RHNO1	12	2876265	24
ENSG00000078246	TULP3	12	2890891	25
ENSG00000197905	TEAD4	12	2959397	26
ENSG00000011105	TSPAN9	12	3077355	27
ENSG00000130038	CRACR2A	12	3613366	28
ENSG00000111224	PARP11	12	3808861	29
ENSG00000256862	PARP11-AS1	12	3871587	30
ENSG00000118971	CCND2	12	4273762	31
ENSG00000078237	TIGAR	12	4321213	32
ENSG00000047621	C12orf4	12	4487730	33
ENSG00000111247	RAD51AP1	12	4538890	34
ENSG00000010219	DYRK4	12	4562208	35
ENSG00000111254	AKAP3	12	4615508	36
ENSG00000139180	NDUFA9	12	4649114	37
ENSG00000185652	NTF3	12	5432108	38
ENSG00000047617	ANO2	12	5560241	39
ENSG00000110799	VWF	12	5948874	40
ENSG00000010278	CD9	12	6199946	41
ENSG00000008323	PLEKHG6	12	6310436	42
ENSG00000067182	TNFRSF1A	12	6328771	43
ENSG00000111319	SCNN1A	12	6346843	44
ENSG00000111321	LTBR	12	6375160	45
ENSG00000215039	CD27-AS1	12	6439001	46
ENSG00000139193	CD27	12	6444867	47
ENSG00000139192	TAPBPL	12	6451656	48
ENSG00000139190	VAMP1	12	6462237	49
ENSG00000111639	MRPL51	12	6491886	50
ENSG00000010292	NCAPD2	12	6494102	51
ENSG00000239002	SCARNA10	12	6510222	52
ENSG00000111640	GAPDH	12	6534517	53
ENSG00000010295	IFFO1	12	6538961	54
ENSG00000111641	NOP2	12	6556871	55
ENSG00000111642	CHD4	12	6570082	56
ENSG00000184574	LPAR5	12	6618835	57
ENSG00000111644	ACRBP	12	6638075	58
ENSG00000111653	ING4	12	6650301	59
ENSG00000126746	ZNF384	12	6666477	60
ENSG00000139200	PIANP	12	6689705	61
ENSG00000111652	COPS7A	12	6724046	62
ENSG00000089693	MLF2	12	6747992	63
ENSG00000159335	PTMS	12	6766363	64
ENSG00000089692	LAG3	12	6772483	65
ENSG00000010610	CD4	12	6789528	66
ENSG00000250510	GPR162	12	6821821	67
ENSG00000110811	P3H3	12	6828407	68
ENSG00000111665	CDCA3	12	6844795	69
ENSG00000111667	USP5	12	6852138	70
ENSG00000111669	TPI1	12	6866834	71
ENSG00000111671	SPSB2	12	6870935	72
ENSG00000290712	DSTNP2	12	6884682	73
ENSG00000010626	LRRC23	12	6904822	74
ENSG00000111674	ENO2	12	6914580	75
ENSG00000111676	ATN1	12	6924459	76
ENSG00000111678	C12orf57	12	6943438	77
ENSG00000111679	PTPN6	12	6946577	78
ENSG00000215021	PHB2	12	6965327	79
ENSG00000238795	SCARNA12	12	6967337	80
ENSG00000126749	EMG1	12	6970913	81
ENSG00000111684	LPCAT3	12	6976185	82
ENSG00000182326	C1S	12	7060718	83
ENSG00000159403	C1R	12	7080219	84
ENSG00000139178	C1RL	12	7094554	85
ENSG00000205885	C1RL-AS1	12	7108308	86
ENSG00000139194	RBP5	12	7119106	87
ENSG00000139182	CLSTN3	12	7130371	88
ENSG00000139197	PEX5	12	7188685	89
ENSG00000177675	CD163L1	12	7320510	90
ENSG00000177575	CD163	12	7470811	91
ENSG00000173262	SLC2A14	12	7812514	92
ENSG00000059804	SLC2A3	12	7919230	93
ENSG00000065970	FOXJ2	12	8032680	94
ENSG00000171860	C3AR1	12	8056844	95
ENSG00000089818	NECAP1	12	8082211	96
ENSG00000111729	CLEC4A	12	8102902	97
ENSG00000226711	FAM66C	12	8180209	98
ENSG00000166532	RIMKLB	12	8681600	99
ENSG00000166535	A2ML1	12	8822554	100
ENSG00000111752	PHC1	12	8914509	101
ENSG00000003056	M6PR	12	8940361	102
ENSG00000139187	KLRG1	12	8950044	103
ENSG00000214851	LINC00612	12	9055589	104
ENSG00000245105	A2M-AS1	12	9065177	105
ENSG00000175899	A2M	12	9067708	106
ENSG00000126838	PZP	12	9140730	107
ENSG00000291190	A2MP1	12	9228533	108
ENSG00000283429	MIR1244-3	12	9239467	109
ENSG00000237248	LINC00987	12	9240003	110
ENSG00000260423	LINC02367	12	9367464	111
ENSG00000111796	KLRB1	12	9594551	112
ENSG00000291107	LOC374443	12	9617284	113
ENSG00000069493	CLEC2D	12	9669713	114
ENSG00000184293	CLECL1P	12	9715860	115
ENSG00000110848	CD69	12	9752486	116
ENSG00000150045	KLRF1	12	9800052	117
ENSG00000110852	CLEC2B	12	9852369	118
ENSG00000172322	CLEC12A	12	9951268	119
ENSG00000165682	CLEC1B	12	9986119	120
ENSG00000150048	CLEC1A	12	10069504	121
ENSG00000172243	CLEC7A	12	10116777	122
ENSG00000173391	OLR1	12	10158300	123
ENSG00000139112	GABARAPL1	12	10212877	124
ENSG00000134539	KLRD1	12	10238383	125
ENSG00000245648	KLRK1-AS1	12	10363769	126
ENSG00000213809	KLRK1	12	10372353	127
ENSG00000183542	KLRC4	12	10407384	128
ENSG00000205810	KLRC3	12	10412315	129
ENSG00000205809	KLRC2	12	10430599	130
ENSG00000134545	KLRC1	12	10441673	131
ENSG00000180574	EIF2S3B	12	10505893	132
ENSG00000256039	LINC02446	12	10553379	133
ENSG00000111196	MAGOHB	12	10604190	134
ENSG00000060138	YBX3	12	10699084	135
ENSG00000121318	TAS2R10	12	10825346	136
ENSG00000111215	PRR4	12	10845849	137
ENSG00000275778	PRH1-PRR4	12	10845849	138
ENSG00000231887	PRH1	12	10880965	139
ENSG00000212128	TAS2R13	12	10907926	140
ENSG00000134551	PRH2	12	10929236	141
ENSG00000212127	PRH1-TAS2R14	12	10937410	142
ENSG00000212126	TAS2R50	12	10985913	143
ENSG00000255837	TAS2R20	12	10995962	144
ENSG00000212124	TAS2R19	12	11021619	145
ENSG00000256436	TAS2R31	12	11030387	146
ENSG00000226761	TAS2R46	12	11061365	147
ENSG00000255374	TAS2R43	12	11091287	148
ENSG00000256188	TAS2R30	12	11133285	149
ENSG00000256537	SMIM10L1	12	11171194	150
ENSG00000197870	PRB3	12	11265914	151
ENSG00000230657	PRB4	12	11307077	152
ENSG00000251655	PRB1	12	11351821	153
ENSG00000121335	PRB2	12	11391540	154
ENSG00000247157	LINC01252	12	11548030	155
ENSG00000139083	ETV6	12	11649601	156
ENSG00000121380	BCL2L14	12	12049849	157
ENSG00000283475	MIR1244-4	12	12111952	158
ENSG00000070018	LRP6	12	12116025	159
ENSG00000111261	MANSC1	12	12326056	160
ENSG00000165714	BORCS5	12	12357078	161
ENSG00000111266	DUSP16	12	12473282	162
ENSG00000111269	CREBL2	12	12611876	163
ENSG00000183150	GPR19	12	12659691	164
ENSG00000111276	CDKN1B	12	12717270	165
ENSG00000178878	APOLD1	12	12725917	166
ENSG00000213782	DDX47	12	12813346	167
ENSG00000234498	RPL13AP20	12	12875477	168
ENSG00000013588	GPRC5A	12	12891562	169
ENSG00000247498	GPRC5D-AS1	12	12927726	170
ENSG00000111291	GPRC5D	12	12940518	171
ENSG00000013583	HEBP1	12	12974870	172
ENSG00000183935	HTR7P1	12	13000442	173
ENSG00000084444	FAM234B	12	13044381	174
ENSG00000134531	EMP1	12	13196726	175
ENSG00000273079	GRIN2B	12	13537337	176
ENSG00000287928	LOC105369668	12	13581916	177
ENSG00000171681	ATF7IP	12	14365632	178
ENSG00000121316	PLBD1	12	14503661	179
ENSG00000256751	PLBD1-AS1	12	14567732	180
ENSG00000182993	C12orf60	12	14567991	181
ENSG00000070019	GUCY2C	12	14612632	182
ENSG00000197837	H4C16	12	14770720	183
ENSG00000246705	H2AJ	12	14774336	184
ENSG00000084463	WBP11	12	14784582	185
ENSG00000179256	SMCO3	12	14804650	186
ENSG00000111339	ART4	12	14825569	187
ENSG00000111341	MGP	12	14880864	188
ENSG00000139055	ERP27	12	14914027	189
ENSG00000111348	ARHGDIB	12	14942015	190
ENSG00000134533	RERG	12	15107783	191
ENSG00000151490	PTPRO	12	15322334	192
ENSG00000151491	EPS8	12	15620134	193
ENSG00000023734	STRAP	12	15882382	194
ENSG00000023697	DERA	12	15911332	195
ENSG00000008394	MGST1	12	16347142	196
ENSG00000048540	LMO3	12	16548372	197
ENSG00000111404	RERGL	12	18080869	198
ENSG00000139144	PIK3C2G	12	18242946	199
ENSG00000139151	PLCZ1	12	18645529	200
ENSG00000177938	CAPZA3	12	18738119	201
ENSG00000052126	PLEKHA5	12	19129680	202
ENSG00000139154	AEBP2	12	19404101	203
ENSG00000172572	PDE3A	12	20369245	204
ENSG00000139155	SLCO1C1	12	20681800	205
ENSG00000111700	SLCO1B3	12	20810705	206
ENSG00000257046	SLCO1B3-SLCO1B7	12	20815674	207
ENSG00000134538	SLCO1B1	12	21131194	208
ENSG00000084453	SLCO1A2	12	21264600	209
ENSG00000121351	IAPP	12	21354960	210
ENSG00000121350	PYROXD1	12	21437630	211
ENSG00000004700	RECQL	12	21468910	212
ENSG00000111711	GOLT1B	12	21501176	213
ENSG00000134548	SPX	12	21526296	214
ENSG00000111713	GYS2	12	21531527	215
ENSG00000111716	LDHB	12	21635342	216
ENSG00000121361	KCNJ8	12	21764955	217
ENSG00000069431	ABCC9	12	21797389	218
ENSG00000111726	CMAS	12	22046174	219
ENSG00000111728	ST8SIA1	12	22193391	220
ENSG00000111731	C2CD5	12	22448546	221
ENSG00000139163	ETNK1	12	22625145	222
ENSG00000134532	SOX5	12	23529499	223
ENSG00000216192	MIR920	12	24212421	224
ENSG00000256120	SOX5-AS1	12	24223271	225
ENSG00000060982	BCAT1	12	24810024	226
ENSG00000118308	IRAG2	12	25052228	227
ENSG00000205707	ETFRF1	12	25195217	228
ENSG00000133703	KRAS	12	25205246	229
ENSG00000123094	RASSF8	12	25958232	230
ENSG00000123095	BHLHE41	12	26120030	231
ENSG00000123096	SSPN	12	26121951	232
ENSG00000123104	ITPR2	12	26335352	233
ENSG00000064102	INTS13	12	26905171	234
ENSG00000111790	FGFR1OP2	12	26938372	235
ENSG00000064115	TM7SF3	12	26966524	236
ENSG00000152944	MED21	12	27022522	237
ENSG00000211455	STK38L	12	27244233	238
ENSG00000029153	BMAL2	12	27332836	239
ENSG00000110841	PPFIBP1	12	27524126	240
ENSG00000174236	REP15	12	27696447	241
ENSG00000061794	MRPS35	12	27710773	242
ENSG00000087448	KLHL42	12	27780233	243
ENSG00000123106	CCDC91	12	28190446	244
ENSG00000064763	FAR2	12	29149101	245
ENSG00000257176	LOC100506606	12	29280415	246
ENSG00000087502	ERGIC2	12	29336544	247
ENSG00000187950	OVCH1	12	29420822	248
ENSG00000133687	TMTC1	12	29500813	249
ENSG00000133704	IPO8	12	30628981	250
ENSG00000110888	CAPRIN2	12	30709552	251
ENSG00000110900	TSPAN11	12	30926433	252
ENSG00000013573	DDX11	12	31073860	253
ENSG00000139146	SINHCAF	12	31280584	254
ENSG00000170456	DENND5B	12	31382223	255
ENSG00000255867	DENND5B-AS1	12	31589923	256
ENSG00000139160	ETFBKMT	12	31647160	257
ENSG00000151743	AMN1	12	31671137	258
ENSG00000188375	H3-5	12	31791185	259
ENSG00000174718	RESF1	12	31959415	260
ENSG00000151746	BICD1	12	32106773	261
ENSG00000139132	FGD4	12	32399523	262
ENSG00000087470	DNM1L	12	32679200	263
ENSG00000139131	YARS2	12	32725247	264
ENSG00000057294	PKP2	12	32790746	265
ENSG00000110975	SYT10	12	33374238	266
ENSG00000139133	ALG10	12	34022315	267
ENSG00000175548	ALG10B	12	38316679	268
ENSG00000139117	CPNE8	12	38652200	269
ENSG00000257718	CPNE8-AS1	12	38905683	270
ENSG00000139116	KIF21A	12	39293228	271
ENSG00000173208	ABCD2	12	39530965	272
ENSG00000180116	C12orf40	12	39626183	273
ENSG00000151229	SLC2A13	12	39755021	274
ENSG00000188906	LRRK2	12	40224890	275
ENSG00000018236	CNTN1	12	40692429	276
ENSG00000165966	PDZRN4	12	41188320	277
ENSG00000151233	GXYLT1	12	42081845	278
ENSG00000015153	YAF2	12	42157104	279
ENSG00000139168	ZCRB1	12	42312086	280
ENSG00000134283	PPHLN1	12	42326126	281
ENSG00000139174	PRICKLE1	12	42456757	282
ENSG00000129317	PUS7L	12	43718992	283
ENSG00000198001	IRAK4	12	43758909	284
ENSG00000151239	TWF1	12	43793723	285
ENSG00000139173	TMEM117	12	43795763	286
ENSG00000184613	NELL2	12	44508275	287
ENSG00000134297	PLEKHA8P1	12	45173034	288
ENSG00000177119	ANO6	12	45216033	289
ENSG00000189079	ARID2	12	45729706	290
ENSG00000139218	SCAF11	12	45919131	291
ENSG00000111371	SLC38A1	12	46183063	292
ENSG00000134294	SLC38A2	12	46358188	293
ENSG00000139209	SLC38A4	12	46764761	294
ENSG00000139211	AMIGO2	12	47075707	295
ENSG00000179715	PCED1B	12	47079603	296
ENSG00000247774	PCED1B-AS1	12	47208420	297
ENSG00000005175	RPAP3	12	47661249	298
ENSG00000111405	ENDOU	12	47709734	299
ENSG00000079337	RAPGEF3	12	47734363	300
ENSG00000211584	SLC48A1	12	47753619	301
ENSG00000061273	HDAC7	12	47782722	302
ENSG00000111424	VDR	12	47841537	303
ENSG00000134291	TMEM106C	12	47963547	304
ENSG00000079387	SENP1	12	48042893	305
ENSG00000152556	PFKM	12	48105253	306
ENSG00000177981	ASB8	12	48147789	307
ENSG00000167528	ZNF641	12	48334380	308
ENSG00000139620	KANSL2	12	48653211	309
ENSG00000221491	SNORA2C	12	48654382	310
ENSG00000281842	MIR1291	12	48654444	311
ENSG00000129315	CCNT1	12	48688458	312
ENSG00000257987	TEX49	12	48727407	313
ENSG00000174233	ADCY6	12	48766194	314
ENSG00000167535	CACNB3	12	48814432	315
ENSG00000174243	DDX23	12	48829756	316
ENSG00000172602	RND1	12	48857145	317
ENSG00000139537	CCDC65	12	48904133	318
ENSG00000134285	FKBP11	12	48921963	319
ENSG00000134287	ARF3	12	48930252	320
ENSG00000257913	DDN-AS1	12	48998347	321
ENSG00000181929	PRKAG1	12	49002272	322
ENSG00000167548	KMT2D	12	49018975	323
ENSG00000139636	LMBR1L	12	49096551	324
ENSG00000123416	TUBA1B	12	49127782	325
ENSG00000167552	TUBA1A	12	49184795	326
ENSG00000167553	TUBA1C	12	49227926	327
ENSG00000178401	DNAJC22	12	49346888	328
ENSG00000123352	SPATS2	12	49366905	329
ENSG00000187778	MCRS1	12	49558294	330
ENSG00000135436	FAM186B	12	49582873	331
ENSG00000110844	PRPF40B	12	49622717	332
ENSG00000161791	FMNL3	12	49636499	333
ENSG00000139644	TMBIM6	12	49741557	334
ENSG00000167566	NCKAP5L	12	49791139	335
ENSG00000258057	BCDIN3D-AS1	12	49828543	336
ENSG00000186666	BCDIN3D	12	49836043	337
ENSG00000161800	RACGAP1	12	49989162	338
ENSG00000066117	SMARCD1	12	50085236	339
ENSG00000167588	GPD1	12	50104008	340
ENSG00000178449	COX14	12	50112236	341
ENSG00000139624	CERS5	12	50129289	342
ENSG00000050405	LIMA1	12	50175780	343
ENSG00000185958	FAM186A	12	50326854	344
ENSG00000161813	LARP4	12	50400809	345
ENSG00000066084	DIP2B	12	50504985	346
ENSG00000123268	ATF1	12	50763682	347
ENSG00000185432	METTL7A	12	50925015	348
ENSG00000214511	HIGD1C	12	50936111	349
ENSG00000110911	SLC11A2	12	50952263	350
ENSG00000050426	LETMD1	12	51048220	351
ENSG00000110925	CSRNP2	12	51061205	352
ENSG00000135457	TFCP2	12	51093656	353
ENSG00000184271	POU6F1	12	51186936	354
ENSG00000183283	DAZAP2	12	51238724	355
ENSG00000170545	SMAGP	12	51244558	356
ENSG00000110934	BIN2	12	51281038	357
ENSG00000139629	GALNT6	12	51351252	358
ENSG00000050438	SLC4A8	12	51391317	359
ENSG00000196876	SCN8A	12	51591233	360
ENSG00000261308	FIGNL2	12	51817892	361
ENSG00000139567	ACVRL1	12	51906913	362
ENSG00000135503	ACVR1B	12	51951696	363
ENSG00000161835	TAMALIN	12	52006946	364
ENSG00000123358	NR4A1	12	52022832	365
ENSG00000123395	ATG101	12	52069923	366
ENSG00000135480	KRT7	12	52233243	367
ENSG00000170421	KRT8	12	52897191	368
ENSG00000111057	KRT18	12	52948871	369
ENSG00000063046	EIF4B	12	53006456	370
ENSG00000257337	TNS2-AS1	12	53043189	371
ENSG00000111077	TNS2	12	53046980	372
ENSG00000167778	SPRYD3	12	53064316	373
ENSG00000167779	IGFBP6	12	53097667	374
ENSG00000167780	SOAT2	12	53103486	375
ENSG00000139631	CSAD	12	53157663	376
ENSG00000139651	ZNF740	12	53180715	377
ENSG00000139626	ITGB7	12	53191318	378
ENSG00000172819	RARG	12	53210566	379
ENSG00000182544	MFSD5	12	53251251	380
ENSG00000135476	ESPL1	12	53268257	381
ENSG00000123349	PFDN5	12	53295451	382
ENSG00000139637	MYG1	12	53299695	383
ENSG00000094914	AAAS	12	53307456	384
ENSG00000185591	SP1	12	53380176	385
ENSG00000205352	PRR13	12	53441649	386
ENSG00000197111	PCBP2	12	53452102	387
ENSG00000282977	PCBP2-OT1	12	53464468	388
ENSG00000139625	MAP3K12	12	53479669	389
ENSG00000139546	TARBP2	12	53500921	390
ENSG00000139574	NPFF	12	53506688	391
ENSG00000267281	ATF7-NPFF	12	53506688	392
ENSG00000170653	ATF7	12	53507856	393
ENSG00000257550	LOC100652999	12	53513984	394
ENSG00000135390	ATP5MC2	12	53665160	395
ENSG00000012822	CALCOCO1	12	53708517	396
ENSG00000123415	SMUG1	12	54121274	397
ENSG00000250742	LINC02381	12	54126071	398
ENSG00000094916	CBX5	12	54230942	399
ENSG00000283803	MIR3198-2	12	54231397	400
ENSG00000257596	SCAT2	12	54262615	401
ENSG00000135486	HNRNPA1	12	54280726	402
ENSG00000111481	COPZ1	12	54325109	403
ENSG00000258137	GPR84-AS1	12	54353691	404
ENSG00000161642	ZNF385A	12	54369134	405
ENSG00000161638	ITGA5	12	54395261	406
ENSG00000123338	NCKAP1L	12	54497752	407
ENSG00000123360	PDE1B	12	54549393	408
ENSG00000135447	PPP1R1A	12	54579246	409
ENSG00000135426	TESPA1	12	54948015	410
ENSG00000170439	METTL7B	12	55681736	411
ENSG00000135424	ITGA7	12	55684568	412
ENSG00000135441	BLOC1S1	12	55716034	413
ENSG00000135437	RDH5	12	55720393	414
ENSG00000135404	CD63	12	55725443	415
ENSG00000135414	GDF11	12	55743122	416
ENSG00000205323	SARNP	12	55752463	417
ENSG00000123353	ORMDL2	12	55818041	418
ENSG00000135392	DNAJC14	12	55820960	419
ENSG00000182796	TMEM198B	12	55829608	420
ENSG00000123342	MMP19	12	55835433	421
ENSG00000170473	PYM1	12	55901413	422
ENSG00000065357	DGKA	12	55931091	423
ENSG00000185664	PMEL	12	55954105	424
ENSG00000123374	CDK2	12	55966830	425
ENSG00000111540	RAB5B	12	55973913	426
ENSG00000139531	SUOX	12	55992547	427
ENSG00000123411	IKZF4	12	56007504	428
ENSG00000197728	RPS26	12	56041918	429
ENSG00000065361	ERBB3	12	56080025	430
ENSG00000170515	PA2G4	12	56104559	431
ENSG00000229117	RPL41	12	56116633	432
ENSG00000135482	ZC3H10	12	56118266	433
ENSG00000139641	ESYT1	12	56128202	434
ENSG00000196465	MYL6B	12	56152587	435
ENSG00000092841	MYL6	12	56158359	436
ENSG00000139613	SMARCC2	12	56162359	437
ENSG00000181852	RNF41	12	56202179	438
ENSG00000139579	NABP2	12	56222012	439
ENSG00000139540	SLC39A5	12	56230036	440
ENSG00000139645	ANKRD52	12	56237807	441
ENSG00000135469	COQ10A	12	56266942	442
ENSG00000062485	CS	12	56271699	443
ENSG00000257727	CNPY2	12	56309844	444
ENSG00000135473	PAN2	12	56316223	445
ENSG00000110944	IL23A	12	56334159	446
ENSG00000170581	STAT2	12	56341597	447
ENSG00000175336	APOF	12	56360568	448
ENSG00000111602	TIMELESS	12	56416363	449
ENSG00000135517	MIP	12	56449502	450
ENSG00000176422	SPRYD4	12	56468578	451
ENSG00000135423	GLS2	12	56470944	452
ENSG00000076067	RBMS2	12	56520406	453
ENSG00000076108	BAZ2A	12	56595596	454
ENSG00000110955	ATP5F1B	12	56638175	455
ENSG00000110958	PTGES3	12	56663341	456
ENSG00000196531	NACA	12	56712427	457
ENSG00000198056	PRIM1	12	56731580	458
ENSG00000025423	HSD17B6	12	56752449	459
ENSG00000139547	RDH16	12	56951431	460
ENSG00000166856	GPR182	12	56993590	461
ENSG00000166860	ZBTB39	12	56998836	462
ENSG00000166881	NEMP1	12	57055643	463
ENSG00000166886	NAB2	12	57089114	464
ENSG00000166888	STAT6	12	57095408	465
ENSG00000123384	LRP1	12	57128401	466
ENSG00000259125	LRP1-AS	12	57144620	467
ENSG00000182199	SHMT2	12	57229685	468
ENSG00000185482	STAC3	12	57243453	469
ENSG00000179912	R3HDM2	12	57253764	470
ENSG00000175189	INHBC	12	57434784	471
ENSG00000139269	INHBE	12	57455307	472
ENSG00000111087	GLI1	12	57459785	473
ENSG00000123329	ARHGAP9	12	57472262	474
ENSG00000166986	MARS1	12	57488068	475
ENSG00000175197	DDIT3	12	57516588	476
ENSG00000166987	MBD6	12	57520710	477
ENSG00000175203	DCTN2	12	57530050	478
ENSG00000166908	PIP4K2C	12	57591188	479
ENSG00000178498	DTX3	12	57604327	480
ENSG00000240771	ARHGEF25	12	57610116	481
ENSG00000135454	B4GALNT1	12	57623409	482
ENSG00000135506	OS9	12	57693955	483
ENSG00000135439	AGAP2	12	57723761	484
ENSG00000135452	TSPAN31	12	57745039	485
ENSG00000135446	CDK4	12	57747727	486
ENSG00000139266	MARCHF9	12	57755103	487
ENSG00000037897	METTL1	12	57768471	488
ENSG00000123427	EEF1AKMT3	12	57772614	489
ENSG00000123297	TSFM	12	57782745	490
ENSG00000135407	AVIL	12	57797376	491
ENSG00000175215	CTDSP2	12	57816702	492
ENSG00000166896	ATP23	12	57941567	493
ENSG00000257259	LINC02388	12	58565959	494
ENSG00000139263	LRIG3	12	58872155	495
ENSG00000118596	SLC16A7	12	59595934	496
ENSG00000198673	TAFA2	12	61708248	497
ENSG00000135655	USP15	12	62260340	498
ENSG00000061987	MON2	12	62466817	499
ENSG00000221949	LINC01465	12	62601751	500
ENSG00000111110	PPM1H	12	62643992	501
ENSG00000166148	AVPR1A	12	63142759	502
ENSG00000177990	DPY19L2	12	63558913	503
ENSG00000118600	RXYLT1	12	63779831	504
ENSG00000196935	SRGAP1	12	63843911	505
ENSG00000174206	KICS2	12	64186312	506
ENSG00000184575	XPOT	12	64404392	507
ENSG00000183735	TBK1	12	64452105	508
ENSG00000153179	RASSF3	12	64610495	509
ENSG00000135677	GNS	12	64713449	510
ENSG00000111490	TBC1D30	12	64759497	511
ENSG00000174106	LEMD3	12	65169583	512
ENSG00000174099	MSRB3	12	65278593	513
ENSG00000139233	LLPH	12	66116555	514
ENSG00000155957	TMBIM4	12	66136936	515
ENSG00000090376	IRAK3	12	66189214	516
ENSG00000127311	HELB	12	66302493	517
ENSG00000155974	GRIP1	12	66347431	518
ENSG00000111530	CAND1	12	67269358	519
ENSG00000127334	DYRK2	12	67648745	520
ENSG00000255733	IFNG-AS1	12	67989445	521
ENSG00000111554	MDM1	12	68294566	522
ENSG00000127314	RAP1B	12	68610899	523
ENSG00000206650	SNORA70G	12	68627234	524
ENSG00000111581	NUP107	12	68686971	525
ENSG00000175782	SLC35E3	12	68746176	526
ENSG00000135679	MDM2	12	68808149	527
ENSG00000135678	CPM	12	68842193	528
ENSG00000111605	CPSF6	12	69239568	529
ENSG00000090382	LYZ	12	69348381	530
ENSG00000127337	YEATS4	12	69359705	531
ENSG00000166225	FRS2	12	69470371	532
ENSG00000166226	CCT2	12	69585459	533
ENSG00000127328	RAB3IP	12	69738007	534
ENSG00000166268	MYRFL	12	69824518	535
ENSG00000257815	PRANCR	12	70222190	536
ENSG00000111596	CNOT2	12	70242993	537
ENSG00000135643	KCNMB4	12	70366220	538
ENSG00000127329	PTPRB	12	70515870	539
ENSG00000127324	TSPAN8	12	71125093	540
ENSG00000139292	LGR5	12	71439798	541
ENSG00000133858	ZFC3H1	12	71609599	542
ENSG00000173451	THAP2	12	71664301	543
ENSG00000139291	TMEM19	12	71686082	544
ENSG00000080371	RAB21	12	71754863	545
ENSG00000121749	TBC1D15	12	71839751	546
ENSG00000072657	TRHDE	12	72087288	547
ENSG00000253719	ATXN7L3B	12	74537835	548
ENSG00000166006	KCNC2	12	75040078	549
ENSG00000180881	CAPS2	12	75275979	550
ENSG00000173401	GLIPR1L1	12	75331834	551
ENSG00000180481	GLIPR1L2	12	75391070	552
ENSG00000139278	GLIPR1	12	75480754	553
ENSG00000111615	KRR1	12	75490863	554
ENSG00000139289	PHLDA1	12	76025447	555
ENSG00000187109	NAP1L1	12	76036585	556
ENSG00000179941	BBS10	12	76344474	557
ENSG00000091039	OSBPL8	12	76351797	558
ENSG00000257526	LOC105369850	12	76559822	559
ENSG00000186908	ZDHHC17	12	76764074	560
ENSG00000175183	CSRP2	12	76858709	561
ENSG00000067798	NAV3	12	77571856	562
ENSG00000067715	SYT1	12	78863982	563
ENSG00000177425	PAWR	12	79584874	564
ENSG00000058272	PPP1R12A	12	79773563	565
ENSG00000139304	PTPRQ	12	80424261	566
ENSG00000111052	LIN7A	12	80792520	567
ENSG00000111058	ACSS3	12	81078037	568
ENSG00000139220	PPFIA2	12	81257975	569
ENSG00000133773	CCDC59	12	82352303	570
ENSG00000127720	METTL25	12	82358417	571
ENSG00000179104	TMTC2	12	82686906	572
ENSG00000198774	RASSF9	12	85800703	573
ENSG00000182050	MGAT4C	12	85955667	574
ENSG00000133641	C12orf29	12	88035536	575
ENSG00000198707	CEP290	12	88049013	576
ENSG00000139324	TMTC3	12	88142307	577
ENSG00000049130	KITLG	12	88492793	578
ENSG00000139318	DUSP6	12	89347235	579
ENSG00000139323	POC1B	12	89419718	580
ENSG00000257594	GALNT4	12	89519412	581
ENSG00000259075	POC1B-GALNT4	12	89519412	582
ENSG00000070961	ATP2B1	12	89588049	583
ENSG00000271614	ATP2B1-AS1	12	89708955	584
ENSG00000139329	LUM	12	91102629	585
ENSG00000011465	DCN	12	91140484	586
ENSG00000257242	LINC01619	12	91984976	587
ENSG00000133639	BTG1	12	92140278	588
ENSG00000187510	PLEKHG7	12	92736489	589
ENSG00000102189	EEA1	12	92770637	590
ENSG00000257746	LOC105369907	12	93089007	591
ENSG00000173598	NUDT4	12	93377925	592
ENSG00000177889	UBE2N	12	93405684	593
ENSG00000198015	MRPL42	12	93467514	594
ENSG00000120833	SOCS2	12	93569849	595
ENSG00000169372	CRADD	12	93677342	596
ENSG00000258274	CRADD-AS1	12	93707791	597
ENSG00000136040	PLXNC1	12	94148577	598
ENSG00000173588	CEP83	12	94265652	599
ENSG00000057704	TMCC3	12	94567122	600
ENSG00000184752	NDUFA12	12	94971328	601
ENSG00000120798	NR2C1	12	95020229	602
ENSG00000180263	FGD6	12	95076749	603
ENSG00000028203	VEZT	12	95217746	604
ENSG00000111142	METAP2	12	95474152	605
ENSG00000136014	USP44	12	95516560	606
ENSG00000257150	PGAM1P5	12	95649255	607
ENSG00000074527	NTN4	12	95657807	608
ENSG00000139343	SNRPF	12	95858952	609
ENSG00000165972	CCDC38	12	95867048	610
ENSG00000139344	AMDHD1	12	95943331	611
ENSG00000084110	HAL	12	95972662	612
ENSG00000111144	LTA4H	12	96000753	613
ENSG00000111145	ELK3	12	96194375	614
ENSG00000059758	CDK17	12	96278261	615
ENSG00000188596	CFAP54	12	96489577	616
ENSG00000139350	NEDD1	12	96907222	617
ENSG00000245017	LINC02453	12	98485544	618
ENSG00000257167	TMPO-AS1	12	98512973	619
ENSG00000120802	TMPO	12	98515573	620
ENSG00000075415	SLC25A3	12	98593625	621
ENSG00000212443	SNORA53	12	98599635	622
ENSG00000166130	IKBIP	12	98613422	623
ENSG00000120868	APAF1	12	98645141	624
ENSG00000185046	ANKS1B	12	98729904	625
ENSG00000111647	BLTP3B	12	100026251	626
ENSG00000290571	GOLGA2P5	12	100156391	627
ENSG00000075089	ACTR6	12	100200087	628
ENSG00000166153	DEPDC4	12	100203669	629
ENSG00000136021	SCYL2	12	100267140	630
ENSG00000179520	SLC17A8	12	100357074	631
ENSG00000012504	NR1H4	12	100473866	632
ENSG00000139354	GAS2L3	12	100573668	633
ENSG00000151572	ANO4	12	100717457	634
ENSG00000120800	UTP20	12	101280105	635
ENSG00000120805	ARL1	12	101393116	636
ENSG00000166211	SPIC	12	101475276	637
ENSG00000111666	CHPT1	12	101697640	638
ENSG00000139351	SYCP3	12	101728648	639
ENSG00000111670	GNPTAB	12	101745499	640
ENSG00000136048	DRAM1	12	101877327	641
ENSG00000120860	WASHC3	12	102012840	642
ENSG00000075188	NUP37	12	102073103	643
ENSG00000185480	PARPBP	12	102120171	644
ENSG00000017427	IGF1	12	102395860	645
ENSG00000171759	PAH	12	102836889	646
ENSG00000139352	ASCL1	12	102957674	647
ENSG00000136011	STAB2	12	103587250	648
ENSG00000111696	NT5DC3	12	103746315	649
ENSG00000214198	TTC41P	12	103843749	650
ENSG00000166598	HSP90B1	12	103930410	651
ENSG00000284503	MIR3652	12	103930425	652
ENSG00000204954	UQCC6	12	103950194	653
ENSG00000139372	TDG	12	103965804	654
ENSG00000120820	GLT8D2	12	103988983	655
ENSG00000111727	HCFC2	12	104064526	656
ENSG00000120837	NFYB	12	104117086	657
ENSG00000198431	TXNRD1	12	104215779	658
ENSG00000255150	EID3	12	104303739	659
ENSG00000171310	CHST11	12	104456948	660
ENSG00000136052	SLC41A2	12	104802553	661
ENSG00000151131	NOPCHAP1	12	104986316	662
ENSG00000136010	ALDH1L2	12	105019784	663
ENSG00000136051	WASHC4	12	105107726	664
ENSG00000136044	APPL2	12	105173297	665
ENSG00000235162	C12orf75	12	105330691	666
ENSG00000074590	NUAK1	12	106063347	667
ENSG00000136026	CKAP4	12	106237881	668
ENSG00000166046	TCP11L2	12	106302026	669
ENSG00000013503	POLR3B	12	106357712	670
ENSG00000111785	RIC8B	12	106774621	671
ENSG00000151135	TMEM263	12	106955722	672
ENSG00000120832	MTERF2	12	106972856	673
ENSG00000008405	CRY1	12	106991364	674
ENSG00000151136	ABTB3	12	107316749	675
ENSG00000136045	PWP1	12	107685732	676
ENSG00000110851	PRDM4	12	107732866	677
ENSG00000258136	PRDM4-AS1	12	107736555	678
ENSG00000174600	CMKLR1	12	108288044	679
ENSG00000198855	FICD	12	108515277	680
ENSG00000075856	SART3	12	108522214	681
ENSG00000136003	ISCU	12	108561463	682
ENSG00000110876	SELPLG	12	108621895	683
ENSG00000110880	CORO1C	12	108645109	684
ENSG00000084112	SSH1	12	108778191	685
ENSG00000110887	DAO	12	108880030	686
ENSG00000166111	SVOP	12	108907741	687
ENSG00000135093	USP30	12	109023089	688
ENSG00000189046	ALKBH2	12	109088188	689
ENSG00000076248	UNG	12	109097597	690
ENSG00000076555	ACACB	12	109112666	691
ENSG00000139445	FOXN4	12	109277978	692
ENSG00000174527	MYO1H	12	109388277	693
ENSG00000110906	KCTD10	12	109448655	694
ENSG00000151148	UBE3B	12	109477410	695
ENSG00000139428	MMAB	12	109553715	696
ENSG00000110921	MVK	12	109573461	697
ENSG00000139438	FAM222A	12	109713825	698
ENSG00000111199	TRPV4	12	109783087	699
ENSG00000139433	GLTP	12	109850945	700
ENSG00000139437	TCHP	12	109880667	701
ENSG00000139436	GIT2	12	109929792	702
ENSG00000076513	ANKRD13A	12	109999169	703
ENSG00000174456	C12orf76	12	110041177	704
ENSG00000122970	IFT81	12	110124335	705
ENSG00000174437	ATP2A2	12	110281247	706
ENSG00000196510	ANAPC7	12	110372900	707
ENSG00000111229	ARPC3	12	110434823	708
ENSG00000111231	GPN3	12	110452486	709
ENSG00000204856	FAM216A	12	110468413	710
ENSG00000111237	VPS29	12	110491083	711
ENSG00000151164	RAD9B	12	110501651	712
ENSG00000196850	PPTC7	12	110533245	713
ENSG00000204852	TCTN1	12	110614068	714
ENSG00000122986	HVCN1	12	110648686	715
ENSG00000186298	PPP1CC	12	110708369	716
ENSG00000111249	CUX2	12	111034165	717
ENSG00000198324	PHETA1	12	111360651	718
ENSG00000111252	SH2B3	12	111405107	719
ENSG00000204842	ATXN2	12	111452214	720
ENSG00000089234	BRAP	12	111642146	721
ENSG00000111271	ACAD10	12	111686053	722
ENSG00000111275	ALDH2	12	111766933	723
ENSG00000234608	MAPKAPK5-AS1	12	111839767	724
ENSG00000089022	MAPKAPK5	12	111842228	725
ENSG00000198270	TMEM116	12	111894880	726
ENSG00000089248	ERP29	12	112013340	727
ENSG00000111300	NAA25	12	112026689	728
ENSG00000135148	TRAFD1	12	112125545	729
ENSG00000173064	HECTD4	12	112160195	730
ENSG00000089009	RPL6	12	112405181	731
ENSG00000179295	PTPN11	12	112418898	732
ENSG00000089127	OAS1	12	112906777	733
ENSG00000111331	OAS3	12	112938463	734
ENSG00000111335	OAS2	12	112978466	735
ENSG00000135144	DTX1	12	113056711	736
ENSG00000111344	RASAL1	12	113096515	737
ENSG00000123064	DDX54	12	113157173	738
ENSG00000139405	RITA1	12	113185526	739
ENSG00000186815	TPCN1	12	113221429	740
ENSG00000089060	SLC8B1	12	113298766	741
ENSG00000151176	PLBD2	12	113358576	742
ENSG00000135094	SDS	12	113392445	743
ENSG00000139410	SDSL	12	113422265	744
ENSG00000122965	RBM19	12	113816740	745
ENSG00000135111	TBX3	12	114670255	746
ENSG00000123066	MED13L	12	115958576	747
ENSG00000258102	MAP1LC3B2	12	116559381	748
ENSG00000111412	SPRING1	12	116710171	749
ENSG00000174989	FBXW8	12	116910949	750
ENSG00000257279	LOC100506551	12	116977440	751
ENSG00000088992	TESC	12	117038923	752
ENSG00000135108	FBXO21	12	117141991	753
ENSG00000089250	NOS1	12	117208142	754
ENSG00000171435	KSR2	12	117453012	755
ENSG00000111445	RFC5	12	118016661	756
ENSG00000176871	WSB2	12	118032687	757
ENSG00000176834	VSIG10	12	118063593	758
ENSG00000089220	PEBP1	12	118136124	759
ENSG00000135090	TAOK3	12	118149801	760
ENSG00000111707	SUDS3	12	118373189	761
ENSG00000152137	HSPB8	12	119178790	762
ENSG00000183273	CCDC60	12	119334729	763
ENSG00000224982	TMEM233	12	119592123	764
ENSG00000111725	PRKAB1	12	119667864	765
ENSG00000122966	CIT	12	119685791	766
ENSG00000135127	BICDL1	12	119989236	767
ENSG00000111737	RAB35	12	120095094	768
ENSG00000089154	GCN1	12	120127202	769
ENSG00000089157	RPLP0	12	120196699	770
ENSG00000255857	PXN-AS1	12	120201291	771
ENSG00000089159	PXN	12	120210439	772
ENSG00000089163	SIRT4	12	120290639	773
ENSG00000202538	RNU4-2	12	120291763	774
ENSG00000200795	RNU4-1	12	120293094	775
ENSG00000111775	COX6A1	12	120438113	776
ENSG00000170855	TRIAP1	12	120443964	777
ENSG00000257218	GATC	12	120446444	778
ENSG00000111786	SRSF9	12	120461672	779
ENSG00000088986	DYNLL1	12	120469842	780
ENSG00000248008	NRAV	12	120490338	781
ENSG00000110871	COQ5	12	120503279	782
ENSG00000022840	RNF10	12	120534353	783
ENSG00000167272	POP5	12	120578764	784
ENSG00000110917	MLEC	12	120687149	785
ENSG00000175970	UNC119B	12	120710458	786
ENSG00000122971	ACADS	12	120725826	787
ENSG00000157837	SPPL3	12	120762510	788
ENSG00000241388	HNF1A-AS1	12	120969838	789
ENSG00000135100	HNF1A	12	120977683	790
ENSG00000157895	C12orf43	12	121000486	791
ENSG00000135114	OASL	12	121018882	792
ENSG00000089041	P2RX7	12	121132819	793
ENSG00000135124	P2RX4	12	121210096	794
ENSG00000110931	CAMKK2	12	121237692	795
ENSG00000089053	ANAPC5	12	121308245	796
ENSG00000170633	RNF34	12	121400083	797
ENSG00000089094	KDM2B	12	121402288	798
ENSG00000188735	TMEM120B	12	121712752	799
ENSG00000139725	RHOF	12	121777754	800
ENSG00000212694	LINC01089	12	121795267	801
ENSG00000139718	SETD1B	12	121803665	802
ENSG00000158104	HPD	12	121839527	803
ENSG00000110801	PSMD9	12	121888790	804
ENSG00000158023	CFAP251	12	121918592	805
ENSG00000110987	BCL7A	12	122021884	806
ENSG00000175727	MLXIP	12	122078744	807
ENSG00000176383	B3GNT4	12	122203681	808
ENSG00000184047	DIABLO	12	122207662	809
ENSG00000139719	VPS33A	12	122229564	810
ENSG00000130779	CLIP1	12	122271431	811
ENSG00000033030	ZCCHC8	12	122471600	812
ENSG00000111011	RSRC2	12	122503454	813
ENSG00000184445	KNTC1	12	122527106	814
ENSG00000182782	HCAR2	12	122701293	815
ENSG00000255398	HCAR3	12	122714756	816
ENSG00000139726	DENR	12	122752824	817
ENSG00000130783	CCDC62	12	122773621	818
ENSG00000130787	HIP1R	12	122834498	819
ENSG00000139722	VPS37B	12	122865330	820
ENSG00000150967	ABCB9	12	122917324	821
ENSG00000111325	OGFOD2	12	122974726	822
ENSG00000182196	ARL6IP4	12	122980060	823
ENSG00000090975	PITPNM2	12	122983480	824
ENSG00000251497	PITPNM2-AS1	12	123081384	825
ENSG00000051825	MPHOSPH9	12	123152324	826
ENSG00000130921	MTRFR	12	123233436	827
ENSG00000111328	CDK2AP1	12	123260970	828
ENSG00000139697	SBNO1	12	123289109	829
ENSG00000183955	KMT5A	12	123384132	830
ENSG00000150977	RILPL2	12	123409890	831
ENSG00000184209	SNRNP35	12	123458101	832
ENSG00000188026	RILPL1	12	123470054	833
ENSG00000086598	TMED2	12	123584552	834
ENSG00000111364	DDX55	12	123602089	835
ENSG00000111361	EIF2B1	12	123620406	836
ENSG00000111358	GTF2H3	12	123633739	837
ENSG00000168778	TCTN2	12	123671108	838
ENSG00000185344	ATP6V0A2	12	123712353	839
ENSG00000197653	DNAH10	12	123761995	840
ENSG00000119242	CCDC92	12	123935626	841
ENSG00000179195	ZNF664	12	123973215	842
ENSG00000196498	NCOR2	12	124324415	843
ENSG00000214650	LOC105370047	12	124511651	844
ENSG00000073060	SCARB1	12	124776856	845
ENSG00000150991	UBC	12	124911646	846
ENSG00000150990	DHX37	12	124946824	847
ENSG00000184992	BRI3BP	12	124993645	848
ENSG00000280634	THRIL	12	125025443	849
ENSG00000081760	AACS	12	125065435	850
ENSG00000139364	TMEM132B	12	125186386	851
ENSG00000249267	LINC00939	12	125958684	852
ENSG00000256001	LOC107984450	12	127144088	853
ENSG00000139370	SLC15A4	12	128793194	854
ENSG00000151948	GLT1D1	12	128853323	855
ENSG00000151952	TMEM132D	12	129071726	856
ENSG00000060709	RIMBP2	12	130396133	857
ENSG00000111450	STX2	12	130789600	858
ENSG00000132341	RAN	12	130871879	859
ENSG00000111452	ADGRD1	12	130953907	860
ENSG00000061936	SFSWAP	12	131711088	861
ENSG00000177169	ULK1	12	131894622	862
ENSG00000177192	PUS1	12	131929268	863
ENSG00000183495	EP400	12	131949942	864
ENSG00000208892	SNORA49	12	132031224	865
ENSG00000291171	EP400P1	12	132084283	866
ENSG00000185163	DDX51	12	132136594	867
ENSG00000184967	NOC4L	12	132144421	868
ENSG00000112787	FBRSL1	12	132490151	869
ENSG00000204583	LRCOL1	12	132603151	870
ENSG00000177084	POLE	12	132623758	871
ENSG00000176894	PXMP2	12	132687587	872
ENSG00000247077	PGAM5	12	132710842	873
ENSG00000176915	ANKLE2	12	132725503	874
ENSG00000090615	GOLGA3	12	132768913	875
ENSG00000072609	CHFR	12	132832356	876
ENSG00000196458	ZNF605	12	132918306	877
ENSG00000198393	ZNF26	12	132986365	878
ENSG00000198040	ZNF84	12	133037286	879
ENSG00000196387	ZNF140	12	133079470	880
ENSG00000214029	ZNF891	12	133119969	881
ENSG00000256223	ZNF10	12	133130627	882
ENSG00000090612	ZNF268	12	133181495	883
ENSG00000196199	MPHOSPH8	13	19633648	1
ENSG00000121390	PSPC1	13	19674752	2
ENSG00000132950	ZMYM5	13	19823482	3
ENSG00000121741	ZMYM2	13	19957406	4
ENSG00000165474	GJB2	13	20187470	5
ENSG00000165475	CRYL1	13	20403667	6
ENSG00000032742	IFT88	13	20566446	7
ENSG00000150456	EEF1AKMT1	13	20728731	8
ENSG00000132953	XPO4	13	20777329	9
ENSG00000150457	LATS2	13	20973036	10
ENSG00000150459	SAP18	13	21140514	11
ENSG00000173141	MRPL57	13	21176649	12
ENSG00000291046	MIPEPP3	13	21298125	13
ENSG00000180776	ZDHHC20	13	21372571	14
ENSG00000165487	MICU2	13	21492691	15
ENSG00000151835	SACS	13	23328827	16
ENSG00000127863	TNFRSF19	13	23570248	17
ENSG00000027001	MIPEP	13	23730189	18
ENSG00000182957	SPATA13	13	23979802	19
ENSG00000227213	SPATA13-AS1	13	24252749	20
ENSG00000102699	PARP4	13	24420930	21
ENSG00000132972	RNF17	13	24747641	22
ENSG00000151849	CENPJ	13	24882279	23
ENSG00000151846	PABPC3	13	25096138	24
ENSG00000139505	MTMR6	13	25246201	25
ENSG00000139496	NUP58	13	25301084	26
ENSG00000127870	RNF6	13	26132115	27
ENSG00000132964	CDK8	13	26254125	28
ENSG00000132970	WASF3	13	26539139	29
ENSG00000152484	USP12	13	27066154	30
ENSG00000122026	RPL21	13	27251555	31
ENSG00000207051	SNORA27	13	27255401	32
ENSG00000122035	RASL11A	13	27270830	33
ENSG00000122034	GTF3A	13	27424619	34
ENSG00000122033	MTIF3	13	27435639	35
ENSG00000139517	LNX2	13	27545913	36
ENSG00000186184	POLR1D	13	27620743	37
ENSG00000122025	FLT3	13	28003274	38
ENSG00000152520	PAN3	13	28135021	39
ENSG00000102755	FLT1	13	28300346	40
ENSG00000132963	POMP	13	28659130	41
ENSG00000139508	SLC46A3	13	28700080	42
ENSG00000132938	MTUS2	13	28820339	43
ENSG00000139514	SLC7A1	13	29509410	44
ENSG00000122042	UBL3	13	29764371	45
ENSG00000224511	LINC00365	13	30103178	46
ENSG00000102781	KATNAL1	13	30200026	47
ENSG00000238121	LINC00426	13	30340266	48
ENSG00000189403	HMGB1	13	30456704	49
ENSG00000132952	USPL1	13	30617859	50
ENSG00000132965	ALOX5AP	13	30713478	51
ENSG00000102802	MEDAG	13	30906271	52
ENSG00000120694	HSPH1	13	31134973	53
ENSG00000187676	B3GLCT	13	31199975	54
ENSG00000289381	LOC105370152	13	31792836	55
ENSG00000073910	FRY	13	32031774	56
ENSG00000139618	BRCA2	13	32315480	57
ENSG00000139597	N4BP2L1	13	32400723	58
ENSG00000244754	N4BP2L2	13	32432417	59
ENSG00000281026	N4BP2L2-IT2	13	32504506	60
ENSG00000083642	PDS5B	13	32586432	61
ENSG00000133116	KL	13	33016063	62
ENSG00000133121	STARD13	13	33103137	63
ENSG00000236581	STARD13-AS	13	33277554	64
ENSG00000133119	RFC3	13	33818069	65
ENSG00000172915	NBEA	13	34942287	66
ENSG00000133083	DCLK1	13	35768652	67
ENSG00000133104	SPART	13	36301638	68
ENSG00000133111	RFXAP	13	36819202	69
ENSG00000120693	SMAD9	13	36844831	70
ENSG00000120697	ALG5	13	36949738	71
ENSG00000120699	EXOSC8	13	37000373	72
ENSG00000102710	SUPT20H	13	37009312	73
ENSG00000180138	CSNK1A1L	13	37103259	74
ENSG00000133110	POSTN	13	37562582	75
ENSG00000133107	TRPC4	13	37632063	76
ENSG00000223685	LINC00571	13	38050817	77
ENSG00000120686	UFM1	13	38349851	78
ENSG00000150893	FREM2	13	38687041	79
ENSG00000120685	PROSER1	13	39009865	80
ENSG00000188811	NHLRC3	13	39038311	81
ENSG00000183722	LHFPL6	13	39342892	82
ENSG00000133103	COG6	13	39655627	83
ENSG00000150907	FOXO1	13	40555667	84
ENSG00000102738	MRPS31	13	40729128	85
ENSG00000102743	SLC25A15	13	40789611	86
ENSG00000207652	MIR621	13	40810766	87
ENSG00000290464	SUGT1P3	13	40911887	88
ENSG00000120690	ELF1	13	40931919	89
ENSG00000120688	WBP4	13	41061509	90
ENSG00000165572	KBTBD6	13	41127569	91
ENSG00000278390	LOC101929140	13	41132928	92
ENSG00000120696	KBTBD7	13	41189834	93
ENSG00000120662	MTRF1	13	41216369	94
ENSG00000172766	NAA16	13	41311239	95
ENSG00000102760	RGCC	13	41457411	96
ENSG00000288598	LOC105370174	13	41517168	97
ENSG00000102763	VWA8	13	41566835	98
ENSG00000102780	DGKH	13	42040036	99
ENSG00000023516	AKAP11	13	42271470	100
ENSG00000120659	TNFSF11	13	42562736	101
ENSG00000133106	EPSTI1	13	42886388	102
ENSG00000120675	DNAJC15	13	43023586	103
ENSG00000120658	ENOX1	13	43213130	104
ENSG00000151773	CCDC122	13	43821959	105
ENSG00000179630	LACC1	13	43879178	106
ENSG00000227258	SMIM2-AS1	13	44110549	107
ENSG00000139656	SMIM2	13	44143150	108
ENSG00000151778	SERP2	13	44373523	109
ENSG00000237361	TUSC8	13	44400250	110
ENSG00000102804	TSC22D1	13	44432143	111
ENSG00000278156	TSC22D1-AS1	13	44575896	112
ENSG00000083635	NUFIP1	13	44939249	113
ENSG00000133114	GPALPP1	13	44989530	114
ENSG00000188342	GTF2F2	13	45119830	115
ENSG00000180332	KCTD4	13	45192853	116
ENSG00000133112	TPT1	13	45333471	117
ENSG00000253051	SNORA31B	13	45336314	118
ENSG00000199477	SNORA31	13	45337480	119
ENSG00000174032	SLC25A30	13	45393316	120
ENSG00000251015	SLC25A30-AS1	13	45418162	121
ENSG00000136152	COG3	13	45464916	122
ENSG00000123200	ZC3H13	13	45954465	123
ENSG00000235903	CPB2-AS1	13	46052848	124
ENSG00000080618	CPB2	13	46053066	125
ENSG00000136167	LCP1	13	46125923	126
ENSG00000173988	LRRC63	13	46211919	127
ENSG00000102445	RUBCNL	13	46341739	128
ENSG00000136141	LRCH1	13	46553170	129
ENSG00000139684	ESD	13	46771256	130
ENSG00000102468	HTR2A	13	46831542	131
ENSG00000224517	HTR2A-AS1	13	46852140	132
ENSG00000260388	LINC00562	13	47930153	133
ENSG00000136143	SUCLA2	13	47942656	134
ENSG00000136159	NUDT15	13	48037567	135
ENSG00000136146	MED4	13	48075724	136
ENSG00000229111	MED4-AS1	13	48077137	137
ENSG00000136156	ITM2B	13	48233206	138
ENSG00000139687	RB1	13	48303747	139
ENSG00000139679	LPAR6	13	48400897	140
ENSG00000136161	RCBTB2	13	48488963	141
ENSG00000152207	CYSLTR2	13	48653929	142
ENSG00000102531	FNDC3A	13	48975241	143
ENSG00000102543	CDADC1	13	49247875	144
ENSG00000102547	CAB39L	13	49308650	145
ENSG00000136169	SETDB2	13	49444274	146
ENSG00000136147	PHF11	13	49495953	147
ENSG00000136144	RCBTB1	13	49531944	148
ENSG00000152213	ARL11	13	49628456	149
ENSG00000123179	EBPL	13	49660674	150
ENSG00000102753	KPNA3	13	49699307	151
ENSG00000123178	SPRYD7	13	49912702	152
ENSG00000231607	DLEU2	13	49982549	153
ENSG00000204977	TRIM13	13	49997042	154
ENSG00000198553	KCNRG	13	50015444	155
ENSG00000176124	DLEU1	13	50082169	156
ENSG00000136104	RNASEH2B	13	50909678	157
ENSG00000123201	GUCY1B2	13	50994511	158
ENSG00000150510	FAM124A	13	51222334	159
ENSG00000253309	SERPINE3	13	51335804	160
ENSG00000102786	INTS6	13	51353171	161
ENSG00000236778	INTS6-AS1	13	51453345	162
ENSG00000139668	WDFY2	13	51584194	163
ENSG00000102796	DHRS12	13	51767993	164
ENSG00000281106	TMEM272	13	51813347	165
ENSG00000123191	ATP7B	13	51932669	166
ENSG00000253710	ALG11	13	52012398	167
ENSG00000253797	UTP14C	13	52024691	168
ENSG00000197168	NEK5	13	52033611	169
ENSG00000136098	NEK3	13	52132643	170
ENSG00000291010	MRPS31P5	13	52167709	171
ENSG00000136114	THSD1	13	52377167	172
ENSG00000136100	VPS36	13	52412602	173
ENSG00000136108	CKAP2	13	52455360	174
ENSG00000139675	HNRNPA1L2	13	52617525	175
ENSG00000165416	SUGT1	13	52652703	176
ENSG00000118946	PCDH17	13	57630104	177
ENSG00000139734	DIAPH3	13	59665583	178
ENSG00000083544	TDRD3	13	60396457	179
ENSG00000280165	PCDH20	13	61409685	180
ENSG00000184226	PCDH9	13	66302834	181
ENSG00000228842	PCDH9-AS2	13	66825169	182
ENSG00000276644	DACH1	13	71437966	183
ENSG00000204899	MZT1	13	72708367	184
ENSG00000136122	BORA	13	72727739	185
ENSG00000083520	DIS3	13	72752169	186
ENSG00000083535	PIBF1	13	72782133	187
ENSG00000102554	KLF5	13	73054976	188
ENSG00000118922	KLF12	13	73686012	189
ENSG00000235532	LINC00402	13	74231444	190
ENSG00000286330	LOC105370259	13	74288036	191
ENSG00000136111	TBC1D4	13	75283503	192
ENSG00000188243	COMMD6	13	75525214	193
ENSG00000118939	UCHL3	13	75549480	194
ENSG00000261105	LMO7-AS1	13	75604700	195
ENSG00000136153	LMO7	13	75620434	196
ENSG00000178695	KCTD12	13	76880175	197
ENSG00000102805	CLN5	13	76992081	198
ENSG00000005812	FBXL3	13	76992597	199
ENSG00000005810	MYCBP2	13	77044657	200
ENSG00000236051	MYCBP2-AS1	13	77075514	201
ENSG00000139737	SLAIN1	13	77697674	202
ENSG00000136160	EDNRB	13	77895481	203
ENSG00000234377	OBI1-AS1	13	78054855	204
ENSG00000152193	OBI1	13	78614286	205
ENSG00000139746	RBM26	13	79311827	206
ENSG00000227354	RBM26-AS1	13	79406309	207
ENSG00000102471	NDFIP2	13	79480722	208
ENSG00000136158	SPRY2	13	80335976	209
ENSG00000184564	SLITRK6	13	85792790	210
ENSG00000228824	MIR4500HG	13	87443987	211
ENSG00000215417	MIR17HG	13	91347820	212
ENSG00000179399	GPC5	13	91398621	213
ENSG00000183098	GPC6	13	93226807	214
ENSG00000236520	GPC6-AS1	13	94154193	215
ENSG00000080166	DCT	13	94436811	216
ENSG00000088451	TGDS	13	94574054	217
ENSG00000152749	GPR180	13	94601857	218
ENSG00000125257	ABCC4	13	95019829	219
ENSG00000134873	CLDN10	13	95433588	220
ENSG00000134874	DZIP1	13	95578202	221
ENSG00000247400	DNAJC3-DT	13	95672835	222
ENSG00000102580	DNAJC3	13	95677139	223
ENSG00000102595	UGGT2	13	95801580	224
ENSG00000139793	MBNL2	13	97222289	225
ENSG00000125249	RAP2A	13	97434169	226
ENSG00000065150	IPO5	13	97953641	227
ENSG00000152767	FARP1	13	98142589	228
ENSG00000139797	RNF113B	13	98175785	229
ENSG00000102572	STK24	13	98450199	230
ENSG00000088386	SLC15A1	13	98683801	231
ENSG00000088387	DOCK9	13	98793429	232
ENSG00000228889	UBAC2-AS1	13	99196374	233
ENSG00000134882	UBAC2	13	99200425	234
ENSG00000125245	GPR18	13	99254713	235
ENSG00000169508	GPR183	13	99294273	236
ENSG00000125304	TM9SF2	13	99501472	237
ENSG00000125246	CLYBL	13	99606664	238
ENSG00000227659	CLYBL-AS2	13	99690098	239
ENSG00000234303	CLYBL-AS1	13	99725668	240
ENSG00000274605	PCCA-DT	13	100086031	241
ENSG00000175198	PCCA	13	100089015	242
ENSG00000134864	GGACT	13	100530164	243
ENSG00000125247	TMTC4	13	100603625	244
ENSG00000102452	NALCN	13	101053774	245
ENSG00000198542	ITGBL1	13	101452593	246
ENSG00000102466	FGF14	13	101710804	247
ENSG00000243319	FGF14-IT1	13	102292320	248
ENSG00000272143	FGF14-AS2	13	102394578	249
ENSG00000134900	TPP2	13	102596985	250
ENSG00000139780	METTL21C	13	102678782	251
ENSG00000175820	CCDC168	13	102729367	252
ENSG00000151287	TEX30	13	102765888	253
ENSG00000134901	POGLUT2	13	102784281	254
ENSG00000134897	BIVM	13	102799119	255
ENSG00000270181	BIVM-ERCC5	13	102807146	256
ENSG00000134899	ERCC5	13	102845841	257
ENSG00000290918	METTL21EP	13	102880099	258
ENSG00000125266	EFNB2	13	106489745	259
ENSG00000134884	ARGLU1	13	106541673	260
ENSG00000174405	LIG4	13	108207442	261
ENSG00000139826	ABHD13	13	108218392	262
ENSG00000102524	TNFSF13B	13	108268240	263
ENSG00000041515	MYO16	13	108495729	264
ENSG00000185950	IRS2	13	109752695	265
ENSG00000187498	COL4A1	13	110148963	266
ENSG00000134871	COL4A2	13	110307284	267
ENSG00000139832	RAB20	13	110523066	268
ENSG00000213995	NAXD	13	110615460	269
ENSG00000134905	CARS2	13	110641410	270
ENSG00000153487	ING1	13	110712623	271
ENSG00000255874	PRECSIT	13	110863987	272
ENSG00000088448	ANKRD10	13	110878540	273
ENSG00000102606	ARHGEF7	13	111114619	274
ENSG00000153495	TEX29	13	111305838	275
ENSG00000260343	LINC01043	13	112313467	276
ENSG00000153498	SPACA7	13	112376300	277
ENSG00000126216	TUBGCP3	13	112485005	278
ENSG00000068650	ATP11A	13	112690034	279
ENSG00000232684	ATP11A-AS1	13	112745449	280
ENSG00000126217	MCF2L	13	112894378	281
ENSG00000057593	F7	13	113105773	282
ENSG00000126218	F10	13	113122799	283
ENSG00000126231	PROZ	13	113155864	284
ENSG00000126226	PCID2	13	113165002	285
ENSG00000139842	CUL4A	13	113208193	286
ENSG00000185896	LAMP1	13	113297239	287
ENSG00000139835	GRTP1	13	113323252	288
ENSG00000153531	ADPRHL1	13	113421945	289
ENSG00000150401	DCUN1D2	13	113455819	290
ENSG00000150403	TMCO3	13	113490993	291
ENSG00000198176	TFDP1	13	113584688	292
ENSG00000184497	TMEM255B	13	113759217	293
ENSG00000183087	GAS6	13	113820549	294
ENSG00000283199	C13orf46	13	113953705	295
ENSG00000185989	RASA3	13	113977783	296
ENSG00000130177	CDC16	13	114234845	297
ENSG00000169062	UPF3A	13	114281598	298
ENSG00000198824	CHAMP1	13	114314503	299
ENSG00000136319	TTC5	14	20286227	1
ENSG00000100814	CCNB1IP1	14	20311368	2
ENSG00000222489	SNORA79B	14	20323179	3
ENSG00000129484	PARP2	14	20343041	4
ENSG00000277209	RPPH1	14	20343071	5
ENSG00000129566	TEP1	14	20365667	6
ENSG00000185271	KLHL33	14	20425852	7
ENSG00000092094	OSGEP	14	20446401	8
ENSG00000100823	APEX1	14	20455226	9
ENSG00000165782	PIP4P1	14	20457853	10
ENSG00000198805	PNP	14	20469379	11
ENSG00000214274	ANG	14	20684177	12
ENSG00000258818	RNASE4	14	20684560	13
ENSG00000169413	RNASE6	14	20780956	14
ENSG00000129538	RNASE1	14	20801228	15
ENSG00000165792	METTL17	14	20989980	16
ENSG00000258471	LOC101929718	14	20995837	17
ENSG00000165795	NDRG2	14	21016763	18
ENSG00000284122	MIR6717	14	21023314	19
ENSG00000179636	TPPP2	14	21024262	20
ENSG00000206150	RNASE13	14	21032818	21
ENSG00000165799	RNASE7	14	21042362	22
ENSG00000165801	ARHGEF40	14	21061276	23
ENSG00000165804	ZNF219	14	21090046	24
ENSG00000232070	TMEM253	14	21098937	25
ENSG00000258441	LINC00641	14	21200079	26
ENSG00000092199	HNRNPC	14	21209136	27
ENSG00000092200	RPGRIP1	14	21287977	28
ENSG00000092201	SUPT16H	14	21351472	29
ENSG00000100888	CHD8	14	21385199	30
ENSG00000129472	RAB2B	14	21459020	31
ENSG00000092203	TOX4	14	21477195	32
ENSG00000165819	METTL3	14	21498138	33
ENSG00000165821	SALL2	14	21521080	34
ENSG00000259092	TRAV30	14	22168429	35
ENSG00000277734	TRAC	14	22547506	36
ENSG00000129562	DAD1	14	22564907	37
ENSG00000100439	ABHD4	14	22598238	38
ENSG00000155463	OXA1L	14	22766688	39
ENSG00000155465	SLC7A7	14	22773222	40
ENSG00000172590	MRPL52	14	22829862	41
ENSG00000157227	MMP14	14	22836585	42
ENSG00000197324	LRP10	14	22871613	43
ENSG00000100461	RBM23	14	22893204	44
ENSG00000237054	PRMT5-AS1	14	22919456	45
ENSG00000100462	PRMT5	14	22920526	46
ENSG00000092036	HAUS4	14	22946228	47
ENSG00000129474	AJUBA	14	22971177	48
ENSG00000100802	C14orf93	14	22985894	49
ENSG00000100804	PSMB5	14	23025851	50
ENSG00000139880	CDH24	14	23047061	51
ENSG00000100813	ACIN1	14	23058564	52
ENSG00000179933	C14orf119	14	23095505	53
ENSG00000092068	SLC7A8	14	23125295	54
ENSG00000215277	RNF212B	14	23185284	55
ENSG00000290292	HOMEZ	14	23272422	56
ENSG00000235194	PPP1R3E	14	23295652	57
ENSG00000129473	BCL2L2	14	23306762	58
ENSG00000258643	BCL2L2-PABPN1	14	23306833	59
ENSG00000100836	PABPN1	14	23320188	60
ENSG00000092096	SLC22A17	14	23346304	61
ENSG00000100842	EFS	14	23356400	62
ENSG00000129460	NGDN	14	23469703	63
ENSG00000259431	THTPA	14	23511760	64
ENSG00000136367	ZFHX2	14	23520857	65
ENSG00000213983	AP1G2	14	23559565	66
ENSG00000258727	AP1G2-AS1	14	23561097	67
ENSG00000100867	DHRS2	14	23630115	68
ENSG00000215256	DHRS4-AS1	14	23938731	69
ENSG00000157326	DHRS4	14	23953735	70
ENSG00000187630	DHRS4L2	14	23969874	71
ENSG00000186648	CARMIL3	14	24052009	72
ENSG00000100884	CPNE6	14	24069833	73
ENSG00000129535	NRL	14	24078686	74
ENSG00000100889	PCK2	14	24094311	75
ENSG00000100897	DCAF11	14	24114697	76
ENSG00000139914	FITM1	14	24131466	77
ENSG00000092010	PSME1	14	24136158	78
ENSG00000100908	EMC9	14	24138959	79
ENSG00000100911	PSME2	14	24143365	80
ENSG00000283856	MIR7703	14	24143489	81
ENSG00000092098	RNF31	14	24146875	82
ENSG00000213928	IRF9	14	24161265	83
ENSG00000100918	REC8	14	24171931	84
ENSG00000196497	IPO4	14	24180219	85
ENSG00000100926	TM9SF1	14	24189143	86
ENSG00000139908	TSSK4	14	24205524	87
ENSG00000254505	CHMP4A	14	24209581	88
ENSG00000213920	MDP1	14	24213937	89
ENSG00000255526	NEDD8-MDP1	14	24213937	90
ENSG00000129559	NEDD8	14	24216857	91
ENSG00000100938	GMPR2	14	24232622	92
ENSG00000092330	TINF2	14	24239640	93
ENSG00000092295	TGM1	14	24249114	94
ENSG00000100949	RABGGTA	14	24265538	95
ENSG00000157379	DHRS1	14	24290598	96
ENSG00000196943	NOP9	14	24299850	97
ENSG00000136305	CIDEB	14	24305096	98
ENSG00000213906	LTB4R2	14	24310140	99
ENSG00000213903	LTB4R	14	24311502	100
ENSG00000129467	ADCY4	14	24318359	101
ENSG00000129465	RIPK3	14	24336025	102
ENSG00000100968	NFATC4	14	24366911	103
ENSG00000205978	NYNRIN	14	24399003	104
ENSG00000100441	KHNYN	14	24423186	105
ENSG00000139899	CBLN3	14	24426545	106
ENSG00000100445	SDR39U1	14	24439765	107
ENSG00000092009	CMA1	14	24505353	108
ENSG00000100450	GZMH	14	24606480	109
ENSG00000100453	GZMB	14	24630954	110
ENSG00000168952	STXBP6	14	24809654	111
ENSG00000139910	NOVA1	14	26443090	112
ENSG00000184304	PRKD1	14	29576479	113
ENSG00000092140	G2E3	14	30559123	114
ENSG00000092108	SCFD1	14	30622254	115
ENSG00000100473	COCH	14	30874496	116
ENSG00000258525	LOC100506071	14	30876179	117
ENSG00000196792	STRN3	14	30893804	118
ENSG00000100478	AP4S1	14	31025106	119
ENSG00000092148	HECTD1	14	31100117	120
ENSG00000129493	HEATR5A	14	31291788	121
ENSG00000250365	HEATR5A-DT	14	31420758	122
ENSG00000129480	DTD2	14	31446036	123
ENSG00000151413	NUBPL	14	31561399	124
ENSG00000100852	ARHGAP5	14	32072588	125
ENSG00000151320	AKAP6	14	32203610	126
ENSG00000151322	NPAS3	14	32934785	127
ENSG00000129521	EGLN3	14	33924227	128
ENSG00000165389	SPTSSA	14	34432788	129
ENSG00000129518	EAPP	14	34515929	130
ENSG00000129515	SNX6	14	34561093	131
ENSG00000165410	CFL2	14	34709113	132
ENSG00000198604	BAZ1A	14	34752731	133
ENSG00000258738	BAZ1A-AS1	14	34874191	134
ENSG00000100883	SRP54	14	34982898	135
ENSG00000151327	FAM177A1	14	35044907	136
ENSG00000092020	PPP2R3C	14	35085467	137
ENSG00000100890	PRORP	14	35122303	138
ENSG00000100902	PSMA6	14	35278558	139
ENSG00000100906	NFKBIA	14	35401510	140
ENSG00000174373	RALGAPA1	14	35538356	141
ENSG00000100916	BRMS1L	14	35825596	142
ENSG00000151332	MBIP	14	36298558	143
ENSG00000258708	SLC25A21-AS1	14	37172026	144
ENSG00000151338	MIPOL1	14	37197888	145
ENSG00000129514	FOXA1	14	37589552	146
ENSG00000139865	TTC6	14	37593159	147
ENSG00000259091	LINC00517	14	37896060	148
ENSG00000139874	SSTR1	14	38207904	149
ENSG00000176435	CLEC14A	14	38254000	150
ENSG00000259070	LINC00639	14	38749339	151
ENSG00000100934	SEC23A	14	39031919	152
ENSG00000092208	GEMIN2	14	39114261	153
ENSG00000182400	TRAPPC6B	14	39147811	154
ENSG00000100941	PNN	14	39175254	155
ENSG00000150527	MIA2	14	39233915	156
ENSG00000258940	MIA2-AS1	14	39265703	157
ENSG00000165355	FBXO33	14	39396373	158
ENSG00000179476	C14orf28	14	44897275	159
ENSG00000179454	KLHL28	14	44924324	160
ENSG00000198718	TOGARAM1	14	44962190	161
ENSG00000185246	PRPF39	14	45084116	162
ENSG00000100442	FKBP3	14	45115292	163
ENSG00000187790	FANCM	14	45135930	164
ENSG00000129534	MIS18BP1	14	45203190	165
ENSG00000139915	MDGA2	14	46836518	166
ENSG00000213741	RPS29	14	49570988	167
ENSG00000276168	RN7SL1	14	49586580	168
ENSG00000165501	LRR1	14	49598697	169
ENSG00000165502	RPL36AL	14	49618530	170
ENSG00000168282	MGAT2	14	49620799	171
ENSG00000165506	DNAAF2	14	49625174	172
ENSG00000100479	POLE2	14	49643552	173
ENSG00000197776	KLHDC1	14	49690462	174
ENSG00000165516	KLHDC2	14	49767608	175
ENSG00000165525	NEMF	14	49782083	176
ENSG00000278771	RN7SL3	14	49853616	177
ENSG00000274012	RN7SL2	14	49862551	178
ENSG00000165527	ARF6	14	49893082	179
ENSG00000214900	LINC01588	14	49981669	180
ENSG00000100483	VCPKMT	14	50100456	181
ENSG00000100485	SOS2	14	50117130	182
ENSG00000087299	L2HGDH	14	50242434	183
ENSG00000125375	DMAC2L	14	50311521	184
ENSG00000100490	CDKL1	14	50326265	185
ENSG00000012983	MAP4K5	14	50418475	186
ENSG00000198513	ATL1	14	50533082	187
ENSG00000151748	SAV1	14	50633104	188
ENSG00000100503	NIN	14	50719763	189
ENSG00000131969	ABHD12B	14	50872053	190
ENSG00000100504	PYGL	14	50905217	191
ENSG00000100505	TRIM9	14	50975261	192
ENSG00000139921	TMX1	14	51240247	193
ENSG00000139926	FRMD6	14	51489100	194
ENSG00000186469	GNG2	14	51847131	195
ENSG00000087302	RTRAF	14	51989546	196
ENSG00000087303	NID2	14	52004809	197
ENSG00000168229	PTGDR	14	52267256	198
ENSG00000125384	PTGER2	14	52314312	199
ENSG00000087301	TXNDC16	14	52430590	200
ENSG00000180998	GPR137C	14	52552836	201
ENSG00000197930	ERO1A	14	52639915	202
ENSG00000100519	PSMC6	14	52707163	203
ENSG00000198252	STYX	14	52730159	204
ENSG00000100522	GNPNAT1	14	52775193	205
ENSG00000285664	LOC105370500	14	52791777	206
ENSG00000073712	FERMT2	14	52857271	207
ENSG00000100523	DDHD1	14	53036755	208
ENSG00000235269	LINC02331	14	53685007	209
ENSG00000125378	BMP4	14	53949736	210
ENSG00000100526	CDKN3	14	54396868	211
ENSG00000100528	CNIH1	14	54423561	212
ENSG00000197045	GMFB	14	54474485	213
ENSG00000100532	CGRRF1	14	54509896	214
ENSG00000020577	SAMD4A	14	54567097	215
ENSG00000131979	GCH1	14	54842005	216
ENSG00000198554	WDHD1	14	54938949	217
ENSG00000180008	SOCS4	14	55027131	218
ENSG00000168175	MAPK1IP1L	14	55051647	219
ENSG00000131981	LGALS3	14	55129252	220
ENSG00000178974	FBXO34	14	55271421	221
ENSG00000126775	ATG14	14	55366391	222
ENSG00000126777	KTN1	14	55580207	223
ENSG00000139946	PELI2	14	56118329	224
ENSG00000070269	TMEM260	14	56579792	225
ENSG00000070367	EXOC5	14	57200507	226
ENSG00000053770	AP5M1	14	57268915	227
ENSG00000139977	NAA30	14	57390586	228
ENSG00000100557	CCDC198	14	57469300	229
ENSG00000139971	ARMH4	14	57993536	230
ENSG00000131966	ACTR10	14	58200149	231
ENSG00000100567	PSMA3	14	58244805	232
ENSG00000257621	PSMA3-AS1	14	58265365	233
ENSG00000279636	LINC00216	14	58288033	234
ENSG00000032219	ARID4A	14	58298385	235
ENSG00000100575	TIMM9	14	58408494	236
ENSG00000100578	KIAA0586	14	58427385	237
ENSG00000165617	DACT1	14	58634061	238
ENSG00000100592	DAAM1	14	59188657	239
ENSG00000181619	GPR135	14	59452773	240
ENSG00000126790	L3HYPDH	14	59472606	241
ENSG00000050130	JKAMP	14	59484443	242
ENSG00000139970	RTN1	14	59595976	243
ENSG00000131951	LRRC9	14	59919713	244
ENSG00000126773	PCNX4	14	60091911	245
ENSG00000100612	DHRS7	14	60144119	246
ENSG00000100614	PPM1A	14	60245750	247
ENSG00000100625	SIX4	14	60709539	248
ENSG00000020426	MNAT1	14	60734735	249
ENSG00000126814	TRMT5	14	60971441	250
ENSG00000139974	SLC38A6	14	60981114	251
ENSG00000027075	PRKCH	14	61187305	252
ENSG00000182107	TMEM30B	14	61277370	253
ENSG00000258926	LOC105370525	14	61534251	254
ENSG00000100644	HIF1A	14	61695513	255
ENSG00000258667	HIF1A-AS3	14	61715558	256
ENSG00000023608	SNAPC1	14	61762420	257
ENSG00000126785	RHOJ	14	63204412	258
ENSG00000154001	PPP2R5E	14	63371356	259
ENSG00000140006	WDR89	14	63597039	260
ENSG00000126821	SGPP1	14	63684216	261
ENSG00000054654	SYNE2	14	63761904	262
ENSG00000140009	ESR2	14	64226707	263
ENSG00000100714	MTHFD1	14	64388353	264
ENSG00000089775	ZBTB25	14	64449106	265
ENSG00000179841	AKAP5	14	64465499	266
ENSG00000126804	ZBTB1	14	64504574	267
ENSG00000259116	HSPA2-AS1	14	64514151	268
ENSG00000126803	HSPA2	14	64540468	269
ENSG00000126822	PLEKHG3	14	64704128	270
ENSG00000070182	SPTB	14	64744106	271
ENSG00000125954	CHURC1-FNTB	14	64914361	272
ENSG00000258289	CHURC1	14	64914361	273
ENSG00000176153	GPX2	14	64939158	274
ENSG00000139998	RAB15	14	64945816	275
ENSG00000257365	FNTB	14	64986895	276
ENSG00000125952	MAX	14	65006101	277
ENSG00000259118	LOC100506321	14	65089918	278
ENSG00000033170	FUT8	14	65410592	279
ENSG00000258502	LINC02290	14	66106576	280
ENSG00000196553	CCDC196	14	66484855	281
ENSG00000171723	GPHN	14	66507407	282
ENSG00000172717	GARIN2	14	67188365	283
ENSG00000072415	PALS1	14	67241395	284
ENSG00000100554	ATP6V1D	14	67337872	285
ENSG00000134001	EIF2S1	14	67360328	286
ENSG00000100558	PLEK2	14	67386984	287
ENSG00000198133	TMEM229B	14	67470266	288
ENSG00000054690	PLEKHH1	14	67533155	289
ENSG00000100564	PIGH	14	67589306	290
ENSG00000081181	ARG2	14	67619920	291
ENSG00000100568	VTI1B	14	67647085	292
ENSG00000072042	RDH11	14	67676800	293
ENSG00000139988	RDH12	14	67701886	294
ENSG00000072121	ZFYVE26	14	67728892	295
ENSG00000182185	RAD51B	14	67819779	296
ENSG00000185650	ZFP36L1	14	68787655	297
ENSG00000072110	ACTN1	14	68874123	298
ENSG00000139990	DCAF5	14	69050881	299
ENSG00000258957	GALNT16-AS1	14	69183018	300
ENSG00000081177	EXD2	14	69191477	301
ENSG00000100626	GALNT16	14	69259546	302
ENSG00000100632	ERH	14	69380128	303
ENSG00000029364	SLC39A9	14	69398374	304
ENSG00000100647	SUSD6	14	69611596	305
ENSG00000100650	SRSF5	14	69767112	306
ENSG00000100652	SLC10A1	14	69775416	307
ENSG00000198732	SMOC1	14	69879388	308
ENSG00000100678	SLC8A3	14	70044215	309
ENSG00000133983	COX16	14	70325081	310
ENSG00000258644	SYNJ2BP-COX16	14	70325081	311
ENSG00000213463	SYNJ2BP	14	70366499	312
ENSG00000139985	ADAM21	14	70452174	313
ENSG00000290783	ADAM20P1	14	70468876	314
ENSG00000134007	ADAM20	14	70520817	315
ENSG00000133997	MED6	14	70583221	316
ENSG00000133985	TTC9	14	70641916	317
ENSG00000006432	MAP3K9	14	70722526	318
ENSG00000100731	PCNX1	14	70907443	319
ENSG00000197555	SIPA1L1	14	71320418	320
ENSG00000182732	RGS6	14	71867397	321
ENSG00000205683	DPF3	14	72619296	322
ENSG00000119599	DCAF4	14	72926337	323
ENSG00000165861	ZFYVE1	14	72969445	324
ENSG00000119707	RBM25	14	73058532	325
ENSG00000080815	PSEN1	14	73136436	326
ENSG00000100767	PAPLN	14	73235841	327
ENSG00000133961	NUMB	14	73275210	328
ENSG00000284930	LOC101928143	14	73460935	329
ENSG00000187105	HEATR4	14	73478484	330
ENSG00000170468	RIOX1	14	73490933	331
ENSG00000184227	ACOT1	14	73493021	332
ENSG00000119673	ACOT2	14	73567620	333
ENSG00000177465	ACOT4	14	73591706	334
ENSG00000205669	ACOT6	14	73610945	335
ENSG00000119661	DNAL1	14	73644986	336
ENSG00000176903	PNMA1	14	73711783	337
ENSG00000156030	MIDEAS	14	73715122	338
ENSG00000140043	PTGR2	14	73851831	339
ENSG00000119725	ZNF410	14	73886859	340
ENSG00000156050	FAM161B	14	73932031	341
ENSG00000119723	COQ6	14	73949934	342
ENSG00000187097	ENTPD5	14	73957916	343
ENSG00000119636	BBOF1	14	74019349	344
ENSG00000119711	ALDH6A1	14	74056847	345
ENSG00000205659	LIN52	14	74084867	346
ENSG00000119688	ABCD4	14	74285269	347
ENSG00000183379	SYNDIG1L	14	74405893	348
ENSG00000119655	NPC2	14	74479935	349
ENSG00000283944	MIR4709	14	74480133	350
ENSG00000165898	ISCA2	14	74493720	351
ENSG00000119681	LTBP2	14	74498183	352
ENSG00000119682	AREL1	14	74661256	353
ENSG00000119616	FCF1	14	74713118	354
ENSG00000119596	YLPM1	14	74763316	355
ENSG00000119608	PROX2	14	74853033	356
ENSG00000119689	DLST	14	74881913	357
ENSG00000198208	RPS6KL1	14	74903951	358
ENSG00000119630	PGF	14	74941830	359
ENSG00000119718	EIF2B2	14	75002921	360
ENSG00000119684	MLH3	14	75013764	361
ENSG00000119640	ACYP1	14	75053243	362
ENSG00000119703	ZC2HC1C	14	75069628	363
ENSG00000119638	NEK9	14	75079353	364
ENSG00000170348	TMED10	14	75131469	365
ENSG00000170345	FOS	14	75278828	366
ENSG00000140044	JDP2	14	75426692	367
ENSG00000224721	FLVCR2-AS1	14	75574901	368
ENSG00000119686	FLVCR2	14	75578620	369
ENSG00000133935	ERG28	14	75649791	370
ENSG00000119685	TTLL5	14	75661246	371
ENSG00000119699	TGFB3	14	75958061	372
ENSG00000119650	IFT43	14	75985753	373
ENSG00000089916	GPATCH2L	14	76151885	374
ENSG00000071246	VASH1	14	76761457	375
ENSG00000258301	VASH1-AS1	14	76781733	376
ENSG00000013523	ANGEL1	14	76786009	377
ENSG00000100565	LRRC74A	14	76826385	378
ENSG00000119669	IRF2BPL	14	77024543	379
ENSG00000246548	LINC02288	14	77041049	380
ENSG00000258819	LINC02289	14	77069180	381
ENSG00000198894	CIPC	14	77098258	382
ENSG00000009830	POMT2	14	77274956	383
ENSG00000100577	GSTZ1	14	77321002	384
ENSG00000100580	TMED8	14	77335021	385
ENSG00000165555	NOXRED1	14	77394021	386
ENSG00000151445	VIPAS39	14	77426675	387
ENSG00000100591	AHSA1	14	77457867	388
ENSG00000100596	SPTLC2	14	77505997	389
ENSG00000100601	ALKBH1	14	77672404	390
ENSG00000119705	SLIRP	14	77708071	391
ENSG00000100603	SNW1	14	77717599	392
ENSG00000063761	ADCK1	14	77800064	393
ENSG00000021645	NRXN3	14	77979904	394
ENSG00000100629	CEP128	14	80478321	395
ENSG00000165409	TSHR	14	80954989	396
ENSG00000165417	GTF2A1	14	81175452	397
ENSG00000140022	STON2	14	81260650	398
ENSG00000071537	SEL1L	14	81471547	399
ENSG00000185070	FLRT2	14	85527372	400
ENSG00000258733	LINC02328	14	85934678	401
ENSG00000258912	LINC02316	14	86001932	402
ENSG00000054983	GALC	14	87933014	403
ENSG00000140030	GPR65	14	88005135	404
ENSG00000258867	HISLA	14	88024550	405
ENSG00000042317	SPATA7	14	88385638	406
ENSG00000070778	PTPN21	14	88465778	407
ENSG00000100722	ZC3H14	14	88562982	408
ENSG00000165521	EML5	14	88612148	409
ENSG00000165533	TTC8	14	88824153	410
ENSG00000053254	FOXN3	14	89156177	411
ENSG00000258920	FOXN3-AS1	14	89417354	412
ENSG00000259073	FOXN3-AS2	14	89576216	413
ENSG00000140025	EFCAB11	14	89794669	414
ENSG00000042088	TDP1	14	89954923	415
ENSG00000100764	PSMC1	14	90256553	416
ENSG00000119720	NRDE2	14	90267860	417
ENSG00000198668	CALM1	14	90396502	418
ENSG00000165914	TTC7B	14	90524564	419
ENSG00000259163	TTC7B-AS1	14	90642629	420
ENSG00000258716	LOC105370622	14	90697333	421
ENSG00000100784	RPS6KA5	14	90847861	422
ENSG00000133943	DGLUCY	14	91060283	423
ENSG00000119714	GPR68	14	91232532	424
ENSG00000015133	CCDC88C	14	91271323	425
ENSG00000100796	PPP4R3A	14	91457137	426
ENSG00000133962	CATSPERB	14	91580698	427
ENSG00000165929	TC2N	14	91779746	428
ENSG00000140092	FBLN5	14	91869411	429
ENSG00000100815	TRIP11	14	91965991	430
ENSG00000066427	ATXN3	14	92058552	431
ENSG00000183648	NDUFB1	14	92116123	432
ENSG00000165934	CPSF2	14	92121969	433
ENSG00000140090	SLC24A4	14	92322581	434
ENSG00000100599	RIN3	14	92513773	435
ENSG00000100600	LGMN	14	92703809	436
ENSG00000066455	GOLGA5	14	92794305	437
ENSG00000100605	ITPK1	14	92936914	438
ENSG00000258730	ITPK1-AS1	14	93067452	439
ENSG00000165943	MOAP1	14	93182199	440
ENSG00000153485	LYSET	14	93184974	441
ENSG00000170270	GON7	14	93202894	442
ENSG00000012963	UBR7	14	93207056	443
ENSG00000011114	BTBD7	14	93237550	444
ENSG00000133958	UNC79	14	93333182	445
ENSG00000175785	PRIMA1	14	93718298	446
ENSG00000089723	OTUB2	14	94026340	447
ENSG00000089737	DDX24	14	94048287	448
ENSG00000165948	IFI27L1	14	94081308	449
ENSG00000165949	IFI27	14	94110736	450
ENSG00000119632	IFI27L2	14	94127781	451
ENSG00000119698	PPP4R4	14	94174312	452
ENSG00000140093	SERPINA10	14	94280460	453
ENSG00000170099	SERPINA6	14	94304248	454
ENSG00000197249	SERPINA1	14	94376747	455
ENSG00000186910	SERPINA11	14	94442438	456
ENSG00000165953	SERPINA12	14	94481651	457
ENSG00000100665	SERPINA4	14	94561442	458
ENSG00000188488	SERPINA5	14	94581426	459
ENSG00000196136	SERPINA3	14	94612391	460
ENSG00000100697	DICER1	14	95086228	461
ENSG00000235706	DICER1-AS1	14	95157688	462
ENSG00000165959	CLMN	14	95181940	463
ENSG00000176438	SYNE3	14	95407266	464
ENSG00000258572	LOC101929107	14	95515009	465
ENSG00000247092	SNHG10	14	95532912	466
ENSG00000252481	SCARNA13	14	95533355	467
ENSG00000182512	GLRX5	14	95535050	468
ENSG00000227051	C14orf132	14	96039324	469
ENSG00000168398	BDKRB2	14	96204798	470
ENSG00000066739	ATG2B	14	96279195	471
ENSG00000100744	GSKIP	14	96363452	472
ENSG00000140057	AK7	14	96392111	473
ENSG00000090060	PAPOLA	14	96502376	474
ENSG00000100749	VRK1	14	96797382	475
ENSG00000246223	LINC01550	14	97925610	476
ENSG00000127152	BCL11B	14	99169287	477
ENSG00000183576	SETD3	14	99397746	478
ENSG00000090061	CCNK	14	99481409	479
ENSG00000205476	CCDC85C	14	99500190	480
ENSG00000182218	HHIPL1	14	99604476	481
ENSG00000036530	CYP46A1	14	99684262	482
ENSG00000066629	EML1	14	99737699	483
ENSG00000196405	EVL	14	99971422	484
ENSG00000168350	DEGS2	14	100143957	485
ENSG00000100811	YY1	14	100239144	486
ENSG00000197119	SLC25A29	14	100277986	487
ENSG00000140107	SLC25A47	14	100323339	488
ENSG00000140105	WARS1	14	100333789	489
ENSG00000176473	WDR25	14	100376416	490
ENSG00000214548	MEG3	14	100826108	491
ENSG00000258498	DIO3OS	14	101552221	492
ENSG00000078304	PPP2R5C	14	101760573	493
ENSG00000197102	DYNC1H1	14	101964573	494
ENSG00000080824	HSP90AA1	14	102080742	495
ENSG00000140153	WDR20	14	102139423	496
ENSG00000080823	MOK	14	102224441	497
ENSG00000022976	ZNF839	14	102317377	498
ENSG00000100865	CINP	14	102348282	499
ENSG00000196663	TECPR2	14	102362941	500
ENSG00000156381	ANKRD9	14	102501767	501
ENSG00000089902	RCOR1	14	102592593	502
ENSG00000131323	TRAF3	14	102777449	503
ENSG00000166126	AMN	14	102922430	504
ENSG00000198752	CDC42BPB	14	102932380	505
ENSG00000205436	EXOC3L4	14	103094202	506
ENSG00000185215	TNFAIP2	14	103121175	507
ENSG00000100664	EIF5	14	103334237	508
ENSG00000272533	SNORA28	14	103337849	509
ENSG00000075413	MARK3	14	103385364	510
ENSG00000166165	CKB	14	103519667	511
ENSG00000166166	TRMT61A	14	103529196	512
ENSG00000166170	BAG5	14	103556544	513
ENSG00000256053	COA8	14	103562960	514
ENSG00000126214	KLC1	14	103629188	515
ENSG00000126215	XRCC3	14	103697611	516
ENSG00000100711	ZFYVE21	14	103715744	517
ENSG00000088808	PPP1R13B	14	103733195	518
ENSG00000287346	LOC105370689	14	103873280	519
ENSG00000156411	ATP5MJ	14	103912288	520
ENSG00000156414	TDRD9	14	103928343	521
ENSG00000166183	ASPG	14	104085658	522
ENSG00000258913	LINC02691	14	104223584	523
ENSG00000184601	C14orf180	14	104579764	524
ENSG00000203485	INF2	14	104689606	525
ENSG00000185100	ADSS1	14	104724197	526
ENSG00000184990	SIVA1	14	104752420	527
ENSG00000142208	AKT1	14	104769349	528
ENSG00000179627	ZBTB42	14	104800554	529
ENSG00000258701	LINC00638	14	104821201	530
ENSG00000099814	CEP170B	14	104865268	531
ENSG00000166428	PLD4	14	104924301	532
ENSG00000185567	AHNAK2	14	104937253	533
ENSG00000140104	CLBA1	14	104985788	534
ENSG00000170779	CDCA4	14	105009573	535
ENSG00000183484	GPR132	14	105049395	536
ENSG00000184916	JAG2	14	105140981	537
ENSG00000183828	NUDT14	14	105172939	538
ENSG00000185024	BRF1	14	105209286	539
ENSG00000184887	BTBD6	14	105248533	540
ENSG00000179364	PACS2	14	105300718	541
ENSG00000182979	MTA1	14	105419827	542
ENSG00000182809	CRIP2	14	105472945	543
ENSG00000213145	CRIP1	14	105486886	544
ENSG00000185347	TEDC1	14	105489855	545
ENSG00000211890	IGHA2	14	105586937	546
ENSG00000211892	IGHG4	14	105624476	547
ENSG00000211893	IGHG2	14	105643203	548
ENSG00000211895	IGHA1	14	105707168	549
ENSG00000211896	IGHG1	14	105741473	550
ENSG00000211897	IGHG3	14	105765914	551
ENSG00000211898	IGHD	14	105838401	552
ENSG00000211899	IGHM	14	105851966	553
ENSG00000242472	IGHJ5	14	105863812	554
ENSG00000240041	IGHJ4	14	105864213	555
ENSG00000226777	FAM30A	14	105917979	556
ENSG00000211937	IGHV2-5	14	106037902	557
ENSG00000211938	IGHV3-7	14	106062149	558
ENSG00000211941	IGHV3-11	14	106116635	559
ENSG00000211943	IGHV3-15	14	106153622	560
ENSG00000211945	IGHV1-18	14	106184899	561
ENSG00000211947	IGHV3-21	14	106235062	562
ENSG00000211949	IGHV3-23	14	106268606	563
ENSG00000270550	IGHV3-30	14	106335080	564
ENSG00000211955	IGHV3-33	14	106359791	565
ENSG00000211959	IGHV4-39	14	106421709	566
ENSG00000211964	IGHV3-48	14	106537810	567
ENSG00000211966	IGHV5-51	14	106578742	568
ENSG00000224373	IGHV4-59	14	106627249	569
ENSG00000224650	IGHV3-74	14	106810440	570
ENSG00000290376	HERC2P3	15	20408396	1
ENSG00000291003	HERC2P2	15	22494837	2
ENSG00000291004	GOLGA8IP	15	22610353	3
ENSG00000170113	NIPA1	15	22786225	4
ENSG00000140157	NIPA2	15	22838641	5
ENSG00000273749	CYFIP1	15	22867052	6
ENSG00000275835	TUBGCP5	15	22983025	7
ENSG00000261739	GOLGA8S	15	23354748	8
ENSG00000182636	NDN	15	23685400	9
ENSG00000260551	PWRN2	15	24164777	10
ENSG00000259905	PWRN3	15	24441127	11
ENSG00000185823	NPAP1	15	24675775	12
ENSG00000128739	SNRPN	15	24823608	13
ENSG00000273173	SNURF	15	24954893	14
ENSG00000279192	PWAR5	15	24984860	15
ENSG00000277785	SNORD116-21	15	25088803	16
ENSG00000279050	PWAR1	15	25135642	17
ENSG00000114062	UBE3A	15	25333728	18
ENSG00000206190	ATP10A	15	25672241	19
ENSG00000166206	GABRB3	15	26543546	20
ENSG00000128731	HERC2	15	28111037	21
ENSG00000291082	HERC2P9	15	28654442	22
ENSG00000188626	GOLGA8M	15	28698695	23
ENSG00000034053	APBA2	15	28885479	24
ENSG00000185115	NSMCE3	15	29264989	25
ENSG00000256802	LCIIAR	15	29674935	26
ENSG00000104067	TJP1	15	29699367	27
ENSG00000179938	GOLGA8J	15	30082628	28
ENSG00000261247	GOLGA8T	15	30131257	29
ENSG00000186399	GOLGA8R	15	30400562	30
ENSG00000178115	GOLGA8Q	15	30552078	31
ENSG00000261794	GOLGA8H	15	30604030	32
ENSG00000285077	ARHGAP11B	15	30626148	33
ENSG00000187951	LOC100288637	15	30646115	34
ENSG00000198690	FAN1	15	30903852	35
ENSG00000166912	MTMR10	15	30919764	36
ENSG00000259772	LINC03034	15	31221813	37
ENSG00000169926	KLF13	15	31326835	38
ENSG00000169918	OTUD7A	15	31475398	39
ENSG00000249931	GOLGA8K	15	32389585	40
ENSG00000206127	GOLGA8O	15	32441914	41
ENSG00000232653	GOLGA8N	15	32593456	42
ENSG00000198826	ARHGAP11A	15	32615144	43
ENSG00000288864	ARHGAP11A-SCG5	15	32615476	44
ENSG00000166922	SCG5	15	32641613	45
ENSG00000166923	GREM1	15	32718004	46
ENSG00000248905	FMN1	15	32765544	47
ENSG00000198838	RYR3	15	33310773	48
ENSG00000169857	AVEN	15	33851785	49
ENSG00000184984	CHRM5	15	33968497	50
ENSG00000134153	EMC7	15	34084017	51
ENSG00000182405	PGBD4	15	34102083	52
ENSG00000134152	KATNBL1	15	34140674	53
ENSG00000128463	EMC4	15	34225016	54
ENSG00000140199	SLC12A6	15	34229784	55
ENSG00000182117	NOP10	15	34341716	56
ENSG00000176454	LPCAT4	15	34358633	57
ENSG00000175265	GOLGA8A	15	34379068	58
ENSG00000215252	GOLGA8B	15	34525095	59
ENSG00000021776	AQR	15	34851782	60
ENSG00000198146	ZNF770	15	34978341	61
ENSG00000134146	DPH6	15	35217356	62
ENSG00000186073	CDIN1	15	36579611	63
ENSG00000134138	MEIS2	15	36889204	64
ENSG00000166068	SPRED1	15	38252087	65
ENSG00000171262	FAM98B	15	38454127	66
ENSG00000172575	RASGRP1	15	38488097	67
ENSG00000175746	LINC02915	15	39250669	68
ENSG00000137801	THBS1	15	39581079	69
ENSG00000150667	FSIP1	15	39597281	70
ENSG00000261136	LOC105370941	15	39782906	71
ENSG00000166073	GPR176	15	39795049	72
ENSG00000128829	EIF2AK4	15	39934115	73
ENSG00000140319	SRP14	15	40035690	74
ENSG00000248508	SRP14-DT	15	40039311	75
ENSG00000104081	BMF	15	40087890	76
ENSG00000156970	BUB1B	15	40161009	77
ENSG00000137841	PLCB2	15	40285496	78
ENSG00000259330	INAFM2	15	40323669	79
ENSG00000188549	CCDC9B	15	40331452	80
ENSG00000140323	DISP2	15	40354359	81
ENSG00000128944	KNSTRN	15	40382721	82
ENSG00000128928	IVD	15	40405490	83
ENSG00000140320	BAHD1	15	40439757	84
ENSG00000169105	CHST14	15	40470961	85
ENSG00000128891	CCDC32	15	40531341	86
ENSG00000166133	RPUSD2	15	40569293	87
ENSG00000137812	KNL1	15	40594012	88
ENSG00000245849	RAD51-AS1	15	40693734	89
ENSG00000051180	RAD51	15	40694774	90
ENSG00000137824	RMDN3	15	40735884	91
ENSG00000137880	GCHFR	15	40764068	92
ENSG00000104129	DNAJC17	15	40765161	93
ENSG00000188277	C15orf62	15	40769980	94
ENSG00000166140	ZFYVE19	15	40807086	95
ENSG00000166145	SPINT1	15	40844043	96
ENSG00000104142	VPS18	15	40894410	97
ENSG00000128917	DLL4	15	40929340	98
ENSG00000128908	INO80	15	40978880	99
ENSG00000259617	LOC105376713	15	40998885	100
ENSG00000187446	CHP1	15	41231156	101
ENSG00000247556	OIP5-AS1	15	41282697	102
ENSG00000104147	OIP5	15	41309268	103
ENSG00000137804	NUSAP1	15	41332841	104
ENSG00000137806	NDUFAF1	15	41387353	105
ENSG00000137815	RTF1	15	41417104	106
ENSG00000062524	LTK	15	41503637	107
ENSG00000103932	RPAP1	15	41517176	108
ENSG00000092445	TYRO3	15	41559212	109
ENSG00000174197	MGA	15	41621225	110
ENSG00000137802	MAPKBP1	15	41774484	111
ENSG00000168970	JMJD7-PLA2G4B	15	41828085	112
ENSG00000243789	JMJD7	15	41828092	113
ENSG00000243708	PLA2G4B	15	41838813	114
ENSG00000137877	SPTBN5	15	41848146	115
ENSG00000174171	LOC105370792	15	41892777	116
ENSG00000103966	EHD4	15	41895933	117
ENSG00000166887	VPS39	15	42158701	118
ENSG00000103978	TMEM87A	15	42210447	119
ENSG00000214013	GANC	15	42273658	120
ENSG00000092529	CAPN3	15	42359500	121
ENSG00000103994	ZNF106	15	42412437	122
ENSG00000092531	SNAP23	15	42491244	123
ENSG00000180979	LRRC57	15	42528332	124
ENSG00000137814	HAUS2	15	42548813	125
ENSG00000159433	STARD9	15	42575606	126
ENSG00000140326	CDAN1	15	42723544	127
ENSG00000128881	TTBK2	15	42738730	128
ENSG00000159459	UBR1	15	42942897	129
ENSG00000137842	TMEM62	15	43133115	130
ENSG00000166946	CCNDBP1	15	43185118	131
ENSG00000168806	LCMT2	15	43323649	132
ENSG00000168803	ADAL	15	43330341	133
ENSG00000140265	ZSCAN29	15	43358172	134
ENSG00000137822	TUBGCP4	15	43371073	135
ENSG00000067369	TP53BP1	15	43403061	136
ENSG00000166963	MAP1A	15	43517608	137
ENSG00000168781	PPIP5K1	15	43533462	138
ENSG00000242866	STRC	15	43599563	139
ENSG00000166762	CATSPER2	15	43628503	140
ENSG00000290691	STRCP1	15	43699418	141
ENSG00000291053	CATSPER2P1	15	43735934	142
ENSG00000167004	PDIA3	15	43746438	143
ENSG00000128886	ELL3	15	43772620	144
ENSG00000140264	SERF2	15	43777086	145
ENSG00000221792	MIR1282	15	43793659	146
ENSG00000184716	SERINC4	15	43794174	147
ENSG00000242028	HYPK	15	43800421	148
ENSG00000140259	MFAP1	15	43804492	149
ENSG00000092470	WDR76	15	43826977	150
ENSG00000166734	GOLM2	15	44288709	151
ENSG00000137770	CTDSPL2	15	44427329	152
ENSG00000179523	EIF3J-DT	15	44534505	153
ENSG00000104131	EIF3J	15	44537068	154
ENSG00000104133	SPG11	15	44562696	155
ENSG00000229474	PATL2	15	44665732	156
ENSG00000166710	B2M	15	44711492	157
ENSG00000185880	TRIM69	15	44736528	158
ENSG00000290387	SORD2P	15	44825747	159
ENSG00000140263	SORD	15	45023195	160
ENSG00000137857	DUOX1	15	45129994	161
ENSG00000138606	SHF	15	45167214	162
ENSG00000137860	SLC28A2	15	45252234	163
ENSG00000171766	GATM	15	45361124	164
ENSG00000171763	SPATA5L1	15	45402321	165
ENSG00000104154	SLC30A4	15	45479606	166
ENSG00000104164	BLOC1S6	15	45587123	167
ENSG00000137767	SQOR	15	45631148	168
ENSG00000137872	SEMA6D	15	47184089	169
ENSG00000259588	LOC105370804	15	47598023	170
ENSG00000104177	MYEF2	15	48134632	171
ENSG00000074803	SLC12A1	15	48206302	172
ENSG00000128951	DUT	15	48329991	173
ENSG00000166147	FBN1	15	48408306	174
ENSG00000103995	CEP152	15	48662534	175
ENSG00000255302	EID1	15	48878134	176
ENSG00000138593	SECISBP2L	15	48988638	177
ENSG00000166200	COPS2	15	49122727	178
ENSG00000156958	GALK2	15	49155759	179
ENSG00000166262	FAM227B	15	49326970	180
ENSG00000140285	FGF7	15	49423242	181
ENSG00000104047	DTWD1	15	49621022	182
ENSG00000104043	ATP8B4	15	49858238	183
ENSG00000140284	SLC27A2	15	50182196	184
ENSG00000140287	HDC	15	50241945	185
ENSG00000104064	GABPB1	15	50275389	186
ENSG00000285410	GABPB1-IT1	15	50348936	187
ENSG00000138592	USP8	15	50424359	188
ENSG00000170236	USP50	15	50500562	189
ENSG00000092439	TRPM7	15	50557158	190
ENSG00000138600	SPPL2A	15	50702266	191
ENSG00000081014	AP4E1	15	50908569	192
ENSG00000183578	TNFAIP8L3	15	51056601	193
ENSG00000186417	GLDN	15	51341655	194
ENSG00000104093	DMXL2	15	51447722	195
ENSG00000140280	LYSMD2	15	51723011	196
ENSG00000128872	TMOD2	15	51751561	197
ENSG00000138594	TMOD3	15	51829653	198
ENSG00000166477	LEO1	15	51938024	199
ENSG00000069956	MAPK6	15	52019219	200
ENSG00000137875	BCL2L10	15	52109263	201
ENSG00000069966	GNB5	15	52115100	202
ENSG00000128833	MYO5C	15	52192318	203
ENSG00000197535	MYO5A	15	52307283	204
ENSG00000128989	ARPP19	15	52547045	205
ENSG00000047346	ATOSA	15	52581321	206
ENSG00000169856	ONECUT1	15	52755053	207
ENSG00000259237	LINC02490	15	53116365	208
ENSG00000166415	WDR72	15	53513741	209
ENSG00000137876	RSL24D1	15	55180806	210
ENSG00000069974	RAB27A	15	55202966	211
ENSG00000225973	PIGBOS1	15	55317184	212
ENSG00000069943	PIGB	15	55318939	213
ENSG00000260916	CCPG1	15	55355223	214
ENSG00000261771	DNAAF4-CCPG1	15	55355223	215
ENSG00000171016	PYGO1	15	55538884	216
ENSG00000166450	PRTG	15	55611540	217
ENSG00000069869	NEDD4	15	55826917	218
ENSG00000181827	RFX7	15	56087280	219
ENSG00000151575	TEX9	15	56244043	220
ENSG00000138587	MNS1	15	56428724	221
ENSG00000137871	ZNF280D	15	56630176	222
ENSG00000276524	LINC03065	15	56885838	223
ENSG00000285331	TCF12-DT	15	56886170	224
ENSG00000140262	TCF12	15	56918090	225
ENSG00000247982	LINC00926	15	57300365	226
ENSG00000128849	CGNL1	15	57376458	227
ENSG00000137878	GCOM1	15	57591904	228
ENSG00000263155	MYZAP	15	57591904	229
ENSG00000255529	POLR2M	15	57706521	230
ENSG00000128918	ALDH1A2	15	57953424	231
ENSG00000103569	AQP9	15	58138169	232
ENSG00000166035	LIPC	15	58410457	233
ENSG00000259293	LIPC-AS1	15	58434901	234
ENSG00000137845	ADAM10	15	58588809	235
ENSG00000128923	MINDY2	15	58771258	236
ENSG00000137776	SLTM	15	58879050	237
ENSG00000157450	RNF111	15	58987588	238
ENSG00000157456	CCNB2	15	59105146	239
ENSG00000157483	MYO1E	15	59132434	240
ENSG00000171989	LDHAL6B	15	59206843	241
ENSG00000140307	GTF2A2	15	59638062	242
ENSG00000140299	BNIP2	15	59659146	243
ENSG00000182718	ANXA2	15	60347151	244
ENSG00000128915	ICE2	15	60419609	245
ENSG00000245534	RORA-AS1	15	60479178	246
ENSG00000069667	RORA	15	60488284	247
ENSG00000259482	RORA-AS2	15	60681569	248
ENSG00000129003	VPS13C	15	61852389	249
ENSG00000171914	TLN2	15	62390523	250
ENSG00000140416	TPM1	15	63042698	251
ENSG00000103642	LACTB	15	63121806	252
ENSG00000185088	RPS27L	15	63148249	253
ENSG00000166128	RAB8B	15	63189536	254
ENSG00000138613	APH1B	15	63277550	255
ENSG00000074410	CA12	15	63321378	256
ENSG00000140455	USP3	15	63504511	257
ENSG00000259248	USP3-AS1	15	63587710	258
ENSG00000197361	FBXL22	15	63597387	259
ENSG00000103657	HERC1	15	63608618	260
ENSG00000035664	DAPK2	15	63907036	261
ENSG00000166797	CIAO2A	15	64072559	262
ENSG00000028528	SNX1	15	64094066	263
ENSG00000157734	SNX22	15	64151698	264
ENSG00000166794	PPIB	15	64155815	265
ENSG00000169118	CSNK1G1	15	64165525	266
ENSG00000166803	PCLAF	15	64364304	267
ENSG00000103671	TRIP4	15	64387836	268
ENSG00000180357	ZNF609	15	64460350	269
ENSG00000180304	OAZ2	15	64687574	270
ENSG00000166831	RBPMS2	15	64739891	271
ENSG00000241839	PLEKHO2	15	64841883	272
ENSG00000166839	ANKDD1A	15	64911902	273
ENSG00000090487	SPG21	15	64963022	274
ENSG00000103707	MTFMT	15	65001512	275
ENSG00000103710	RASL12	15	65045576	276
ENSG00000246922	UBAP1L	15	65083036	277
ENSG00000090470	PDCD7	15	65117379	278
ENSG00000166855	CLPX	15	65148219	279
ENSG00000138615	CILP	15	65194760	280
ENSG00000138617	PARP16	15	65231691	281
ENSG00000199568	RNU5A-1	15	65296051	282
ENSG00000200156	RNU5B-1	15	65304677	283
ENSG00000074603	DPP8	15	65442467	284
ENSG00000074696	HACD3	15	65530463	285
ENSG00000138614	INTS14	15	65578778	286
ENSG00000074621	SLC24A1	15	65611313	287
ENSG00000174485	DENND4A	15	65655234	288
ENSG00000103769	RAB11A	15	65869491	289
ENSG00000157890	MEGF11	15	65889717	290
ENSG00000166938	DIS3L	15	66293309	291
ENSG00000075131	TIPIN	15	66334974	292
ENSG00000169032	MAP2K1	15	66386873	293
ENSG00000174446	SNAPC5	15	66489748	294
ENSG00000174444	RPL4	15	66498015	295
ENSG00000174442	ZWILCH	15	66505083	296
ENSG00000137834	SMAD6	15	66702110	297
ENSG00000166949	SMAD3	15	67065602	298
ENSG00000103591	AAGAB	15	67200667	299
ENSG00000103599	IQCH	15	67254786	300
ENSG00000259673	IQCH-AS1	15	67403611	301
ENSG00000189227	C15orf61	15	67521131	302
ENSG00000137764	MAP2K5	15	67542685	303
ENSG00000033800	PIAS1	15	68054179	304
ENSG00000129007	CALML4	15	68190705	305
ENSG00000128973	CLN6	15	68206992	306
ENSG00000169018	FEM1B	15	68277745	307
ENSG00000137809	ITGA11	15	68296532	308
ENSG00000103647	CORO2B	15	68518373	309
ENSG00000140350	ANP32A	15	68778535	310
ENSG00000138604	GLCE	15	69160555	311
ENSG00000137819	PAQR5	15	69284134	312
ENSG00000137807	KIF23	15	69414325	313
ENSG00000137818	RPLP1	15	69452818	314
ENSG00000245750	DRAIC	15	69561720	315
ENSG00000140332	TLE3	15	70047790	316
ENSG00000137831	UACA	15	70654554	317
ENSG00000166173	LARP6	15	70829130	318
ENSG00000137821	LRRC49	15	70853239	319
ENSG00000129028	THAP10	15	70881342	320
ENSG00000187720	THSD4	15	71115616	321
ENSG00000259964	THSD4-AS1	15	71166812	322
ENSG00000066933	MYO9A	15	71822291	323
ENSG00000166192	SENP8	15	72114258	324
ENSG00000175318	GRAMD2A	15	72159806	325
ENSG00000067225	PKM	15	72199029	326
ENSG00000137817	PARP6	15	72241181	327
ENSG00000140488	CELF6	15	72284727	328
ENSG00000213614	HEXA	15	72340924	329
ENSG00000260339	HEXA-AS1	15	72376113	330
ENSG00000166233	ARIH1	15	72474330	331
ENSG00000215186	GOLGA6B	15	72654697	332
ENSG00000140463	BBS4	15	72686179	333
ENSG00000159322	ADPGK	15	72751294	334
ENSG00000260898	ADPGK-AS1	15	72782835	335
ENSG00000067141	NEO1	15	73051715	336
ENSG00000183324	REC114	15	73443164	337
ENSG00000156642	NPTN	15	73560014	338
ENSG00000281183	NPTN-IT1	15	73566938	339
ENSG00000103855	CD276	15	73683966	340
ENSG00000129038	LOXL1	15	73926462	341
ENSG00000067221	STOML1	15	73978926	342
ENSG00000140464	PML	15	73994673	343
ENSG00000159289	GOLGA6A	15	74069857	344
ENSG00000129009	ISLR	15	74173710	345
ENSG00000140459	CYP11A1	15	74337762	346
ENSG00000138623	SEMA7A	15	74409284	347
ENSG00000138629	UBL7	15	74445977	348
ENSG00000247240	UBL7-DT	15	74461265	349
ENSG00000179361	ARID3B	15	74541177	350
ENSG00000179335	CLK3	15	74608372	351
ENSG00000179151	EDC3	15	74630558	352
ENSG00000140465	CYP1A1	15	74719542	353
ENSG00000140505	CYP1A2	15	74748845	354
ENSG00000103653	CSK	15	74782080	355
ENSG00000140474	ULK3	15	74836118	356
ENSG00000140497	SCAMP2	15	74843730	357
ENSG00000178802	MPI	15	74890042	358
ENSG00000178761	FAM219B	15	74899174	359
ENSG00000178741	COX5A	15	74919791	360
ENSG00000178718	RPP25	15	74954418	361
ENSG00000198794	SCAMP5	15	74995562	362
ENSG00000138621	PPCDC	15	75023544	363
ENSG00000167173	C15orf39	15	75201882	364
ENSG00000167195	GOLGA6C	15	75258404	365
ENSG00000140478	GOLGA6D	15	75282841	366
ENSG00000140365	COMMD4	15	75336035	367
ENSG00000140398	NEIL1	15	75346638	368
ENSG00000140400	MAN2C1	15	75355792	369
ENSG00000169375	SIN3A	15	75369379	370
ENSG00000169410	PTPN9	15	75463251	371
ENSG00000169371	SNUPN	15	75598083	372
ENSG00000177971	IMP3	15	75639085	373
ENSG00000173548	SNX33	15	75647912	374
ENSG00000173546	CSPG4	15	75674322	375
ENSG00000140367	UBE2Q2	15	75843343	376
ENSG00000167196	FBXO22	15	75903859	377
ENSG00000169752	NRG4	15	75933219	378
ENSG00000169758	TMEM266	15	76059913	379
ENSG00000140374	ETFA	15	76215353	380
ENSG00000140386	SCAPER	15	76347904	381
ENSG00000117906	RCN2	15	76931749	382
ENSG00000140368	PSTPIP1	15	76994680	383
ENSG00000140391	TSPAN3	15	77041404	384
ENSG00000173517	PEAK1	15	77100654	385
ENSG00000140382	HMG20A	15	77420651	386
ENSG00000167202	TBC1D2B	15	77994985	387
ENSG00000166411	IDH3A	15	78149362	388
ENSG00000103740	ACSBG1	15	78167468	389
ENSG00000140403	DNAJA4	15	78264145	390
ENSG00000140395	SKIC8	15	78283233	391
ENSG00000136381	IREB2	15	78437431	392
ENSG00000188266	HYKK	15	78507564	393
ENSG00000041357	PSMA4	15	78540405	394
ENSG00000136378	ADAMTS7	15	78759203	395
ENSG00000185787	MORF4L1	15	78872781	396
ENSG00000103811	CTSH	15	78921058	397
ENSG00000166557	TMED3	15	79311062	398
ENSG00000169330	MINAR1	15	79411557	399
ENSG00000136371	MTHFS	15	79843547	400
ENSG00000259332	ST20-MTHFS	15	79843547	401
ENSG00000180953	ST20	15	79898842	402
ENSG00000140379	BCL2A1	15	79960892	403
ENSG00000086666	ZFAND6	15	80059568	404
ENSG00000103876	FAH	15	80152823	405
ENSG00000259417	CTXND1	15	80195481	406
ENSG00000172379	ARNT2	15	80404382	407
ENSG00000136379	ABHD17C	15	80695310	408
ENSG00000103888	CEMIP	15	80779370	409
ENSG00000117899	MESD	15	80946289	410
ENSG00000140406	TLNRD1	15	81000923	411
ENSG00000172349	IL16	15	81196879	412
ENSG00000172345	STARD5	15	81309053	413
ENSG00000188869	TMC3	15	81331088	414
ENSG00000140598	EFL1	15	82130220	415
ENSG00000188659	SAXO2	15	82262818	416
ENSG00000278662	GOLGA6L10	15	82339993	417
ENSG00000197978	GOLGA6L9	15	82429363	418
ENSG00000182774	RPS17	15	82536750	419
ENSG00000250988	SNHG21	15	82750564	420
ENSG00000186628	FSD2	15	82755362	421
ENSG00000156232	WHAMM	15	82809628	422
ENSG00000103942	HOMER2	15	82836946	423
ENSG00000169612	RAMAC	15	82986210	424
ENSG00000169609	C15orf40	15	82988297	425
ENSG00000064726	BTBD1	15	83016423	426
ENSG00000136404	TM6SF1	15	83107587	427
ENSG00000166503	HDGFL3	15	83112738	428
ENSG00000169594	BNC1	15	83255884	429
ENSG00000156218	ADAMTSL3	15	83654095	430
ENSG00000290689	GOLGA2P7	15	84198848	431
ENSG00000184206	GOLGA6L4	15	84235773	432
ENSG00000291027	UBE2Q2P1	15	84527196	433
ENSG00000176371	ZSCAN2	15	84601009	434
ENSG00000177082	WDR73	15	84641492	435
ENSG00000140612	SEC11A	15	84669537	436
ENSG00000166716	ZNF592	15	84748556	437
ENSG00000136383	ALPK3	15	84816680	438
ENSG00000156222	SLC28A1	15	84884350	439
ENSG00000073417	PDE8A	15	84980467	440
ENSG00000170776	AKAP13	15	85380603	441
ENSG00000183655	KLHL25	15	85759326	442
ENSG00000140538	NTRK3	15	87859749	443
ENSG00000259494	MRPL46	15	88459478	444
ENSG00000181991	MRPS11	15	88467708	445
ENSG00000140543	DET1	15	88501919	446
ENSG00000181026	AEN	15	88604601	447
ENSG00000172183	ISG20	15	88635614	448
ENSG00000140545	MFGE8	15	88898683	449
ENSG00000140526	ABHD2	15	89088422	450
ENSG00000140525	FANCI	15	89243954	451
ENSG00000140521	POLG	15	89316305	452
ENSG00000140519	RHCG	15	89471407	453
ENSG00000140534	TICRR	15	89575469	454
ENSG00000166813	KIF7	15	89627977	455
ENSG00000166819	PLIN1	15	89664365	456
ENSG00000166821	PEX11A	15	89681535	457
ENSG00000140527	WDR93	15	89690074	458
ENSG00000166825	ANPEP	15	89784895	459
ENSG00000157823	AP3S2	15	89830599	460
ENSG00000250021	ARPIN-AP3S2	15	89830599	461
ENSG00000242498	ARPIN	15	89895006	462
ENSG00000140548	ZNF710	15	90001324	463
ENSG00000259291	ZNF710-AS1	15	90074512	464
ENSG00000182054	IDH2	15	90083045	465
ENSG00000185033	SEMA4B	15	90184920	466
ENSG00000185043	CIB1	15	90229975	467
ENSG00000183208	GDPGP1	15	90234209	468
ENSG00000182768	NGRN	15	90265663	469
ENSG00000196391	ZNF774	15	90351439	470
ENSG00000140575	IQGAP1	15	90388242	471
ENSG00000140577	CRTC3	15	90529915	472
ENSG00000197299	BLM	15	90717346	473
ENSG00000140564	FURIN	15	90868588	474
ENSG00000182511	FES	15	90884421	475
ENSG00000196547	MAN2A2	15	90902377	476
ENSG00000184508	HDDC3	15	90929968	477
ENSG00000140553	UNC45A	15	90930180	478
ENSG00000166965	RCCD1	15	90954864	479
ENSG00000198901	PRC1	15	90966038	480
ENSG00000184056	VPS33B	15	90998416	481
ENSG00000185518	SV2B	15	91099588	482
ENSG00000258551	CRAT37	15	91463339	483
ENSG00000176463	SLCO3A1	15	91853708	484
ENSG00000185442	FAM174B	15	92617447	485
ENSG00000173575	CHD2	15	92900324	486
ENSG00000140563	MCTP2	15	94231538	487
ENSG00000277654	LOC440311	15	94855363	488
ENSG00000248441	LETR1	15	95279288	489
ENSG00000259134	LINC00924	15	95433093	490
ENSG00000247809	NR2F2-AS1	15	96127360	491
ENSG00000185551	NR2F2	15	96326046	492
ENSG00000251209	LINC00923	15	97742616	493
ENSG00000140450	ARRDC4	15	97960703	494
ENSG00000283597	FAM169BP	15	98437162	495
ENSG00000140443	IGF1R	15	98648539	496
ENSG00000182253	SYNM	15	99105069	497
ENSG00000103852	TTC23	15	99136323	498
ENSG00000168904	LRRC28	15	99251449	499
ENSG00000259706	HSP90B2P	15	99257525	500
ENSG00000068305	MEF2A	15	99565417	501
ENSG00000183060	LYSMD4	15	99714798	502
ENSG00000140470	ADAMTS17	15	99971437	503
ENSG00000259219	LOC105371022	15	99976230	504
ENSG00000189419	SPATA41	15	100344457	505
ENSG00000140471	LINS1	15	100566914	506
ENSG00000183475	ASB7	15	100602550	507
ENSG00000184254	ALDH1A3	15	100879831	508
ENSG00000259583	ALDH1A3-AS1	15	100892343	509
ENSG00000154237	LRRK1	15	100919017	510
ENSG00000131873	CHSY1	15	101175727	511
ENSG00000131871	SELENOS	15	101270809	512
ENSG00000131876	SNRPA1	15	101281510	513
ENSG00000140479	PCSK6	15	101303928	514
ENSG00000259764	PCSK6-AS1	15	101334437	515
ENSG00000286733	LINC02348	15	101602786	516
ENSG00000184277	TM2D3	15	101632977	517
ENSG00000185418	TARS3	15	101653596	518
ENSG00000161980	POLR3K	16	46407	1
ENSG00000161981	SNRNP25	16	53828	2
ENSG00000007384	RHBDF1	16	58059	3
ENSG00000103152	MPG	16	77019	4
ENSG00000103148	NPRL3	16	85386	5
ENSG00000188536	HBA2	16	172876	6
ENSG00000206172	HBA1	16	176680	7
ENSG00000007392	LUC7L	16	188969	8
ENSG00000167930	FAM234A	16	234546	9
ENSG00000076344	RGS11	16	268301	10
ENSG00000103126	AXIN1	16	287440	11
ENSG00000086504	MRPL28	16	366969	12
ENSG00000129925	PGAP6	16	370788	13
ENSG00000103202	NME4	16	396729	14
ENSG00000242612	DECR2	16	401885	15
ENSG00000090565	RAB11FIP3	16	425621	16
ENSG00000103326	CAPN15	16	527712	17
ENSG00000007541	PIGQ	16	569968	18
ENSG00000197562	RAB40C	16	589357	19
ENSG00000130731	METTL26	16	634427	20
ENSG00000172366	MCRIP2	16	641828	21
ENSG00000161996	WDR90	16	649363	22
ENSG00000140983	RHOT2	16	668083	23
ENSG00000103266	STUB1	16	680410	24
ENSG00000161999	JMJD8	16	681670	25
ENSG00000127580	WDR24	16	684622	26
ENSG00000103260	METRN	16	715118	27
ENSG00000103245	CIAO3	16	729765	28
ENSG00000007376	RPUSD1	16	784974	29
ENSG00000103227	LMF1	16	853632	30
ENSG00000260439	LMF1-AS1	16	921033	31
ENSG00000196557	CACNA1H	16	1153106	32
ENSG00000116176	TPSG1	16	1221651	33
ENSG00000103275	UBE2I	16	1309152	34
ENSG00000007516	BAIAP3	16	1333645	35
ENSG00000007520	TSR3	16	1349240	36
ENSG00000090581	GNPTG	16	1351931	37
ENSG00000059145	UNKL	16	1363205	38
ENSG00000174109	UQCC4	16	1419752	39
ENSG00000103249	CLCN7	16	1444933	40
ENSG00000100726	TELO2	16	1493345	41
ENSG00000187535	IFT140	16	1510427	42
ENSG00000131634	TMEM204	16	1528678	43
ENSG00000007545	CRAMP1	16	1612360	44
ENSG00000206053	JPT2	16	1678279	45
ENSG00000138834	MAPK8IP3	16	1706183	46
ENSG00000074071	MRPS34	16	1771889	47
ENSG00000197774	EME2	16	1773222	48
ENSG00000162032	SPSB3	16	1776712	49
ENSG00000095906	NUBP2	16	1782960	50
ENSG00000099769	IGFALS	16	1790413	51
ENSG00000063854	HAGH	16	1807629	52
ENSG00000180185	FAHD1	16	1827224	53
ENSG00000162039	MEIOB	16	1833986	54
ENSG00000198736	MSRB1	16	1938229	55
ENSG00000140990	NDUFB10	16	1959538	56
ENSG00000140988	RPS2	16	1962058	57
ENSG00000206811	SNORA10	16	1962334	58
ENSG00000207405	SNORA64	16	1962973	59
ENSG00000183751	TBL3	16	1972053	60
ENSG00000127554	GFER	16	1984193	61
ENSG00000167962	ZNF598	16	1997654	62
ENSG00000065054	NHERF2	16	2026902	63
ENSG00000065057	NTHL1	16	2039815	64
ENSG00000103197	TSC2	16	2047804	65
ENSG00000008710	PKD1	16	2088708	66
ENSG00000167964	RAB26	16	2148144	67
ENSG00000260260	SNHG19	16	2154782	68
ENSG00000131653	TRAF7	16	2155778	69
ENSG00000167971	CASKIN1	16	2177180	70
ENSG00000167965	MLST8	16	2204628	71
ENSG00000184207	PGP	16	2211593	72
ENSG00000167967	E4F1	16	2223488	73
ENSG00000167969	ECI1	16	2239402	74
ENSG00000205937	RNPS1	16	2253116	75
ENSG00000167972	ABCA3	16	2275881	76
ENSG00000162063	CCNF	16	2429447	77
ENSG00000162062	TEDC2	16	2460109	78
ENSG00000259895	TEDC2-AS1	16	2464950	79
ENSG00000162065	TBC1D24	16	2475104	80
ENSG00000185883	ATP6V0C	16	2513726	81
ENSG00000162066	AMDHD2	16	2520362	82
ENSG00000205923	CEMP1	16	2530035	83
ENSG00000140992	PDPK1	16	2538014	84
ENSG00000291228	LOC652276	16	2603384	85
ENSG00000167977	KCTD5	16	2682523	86
ENSG00000205913	SRRM2-AS1	16	2737076	87
ENSG00000167978	SRRM2	16	2750903	88
ENSG00000103363	ELOB	16	2771414	89
ENSG00000059122	FLYWCH1	16	2911873	90
ENSG00000262152	GREP1	16	2989054	91
ENSG00000006327	TNFRSF12A	16	3020368	92
ENSG00000103145	HCFC1R1	16	3022620	93
ENSG00000131652	THOC6	16	3024035	94
ENSG00000008516	MMP25	16	3045963	95
ENSG00000008517	IL32	16	3065403	96
ENSG00000122386	ZNF205	16	3112579	97
ENSG00000085644	ZNF213	16	3135029	98
ENSG00000010539	ZNF200	16	3222325	99
ENSG00000103313	MEFV	16	3242028	100
ENSG00000281005	LINC00921	16	3263768	101
ENSG00000006194	ZNF263	16	3283183	102
ENSG00000140993	TIGD7	16	3298808	103
ENSG00000162086	ZNF75A	16	3305406	104
ENSG00000140987	ZSCAN32	16	3382081	105
ENSG00000103343	ZNF174	16	3401190	106
ENSG00000167981	ZNF597	16	3432414	107
ENSG00000122390	NAA60	16	3443611	108
ENSG00000103351	CLUAP1	16	3500978	109
ENSG00000167984	NLRC3	16	3539033	110
ENSG00000188827	SLX4	16	3579653	111
ENSG00000213918	DNASE1	16	3611737	112
ENSG00000126602	TRAP1	16	3658037	113
ENSG00000005339	CREBBP	16	3725054	114
ENSG00000162104	ADCY9	16	3953387	115
ENSG00000185739	SRL	16	4189374	116
ENSG00000090447	TFAP4	16	4257186	117
ENSG00000126603	GLIS2	16	4314761	118
ENSG00000103426	CORO7-PAM16	16	4340251	119
ENSG00000217930	PAM16	16	4340251	120
ENSG00000262246	CORO7	16	4354542	121
ENSG00000168140	VASN	16	4371848	122
ENSG00000103423	DNAJA3	16	4425805	123
ENSG00000153406	NMRAL1	16	4461680	124
ENSG00000103415	HMOX2	16	4474697	125
ENSG00000089486	CDIP1	16	4510669	126
ENSG00000205832	C16orf96	16	4538709	127
ENSG00000153443	UBALD1	16	4608884	128
ENSG00000102858	MGRN1	16	4624824	129
ENSG00000168101	NUDT16L1	16	4688930	130
ENSG00000168096	ANKS3	16	4696510	131
ENSG00000166246	DNAAF8	16	4734344	132
ENSG00000103199	ZNF500	16	4745961	133
ENSG00000067836	ROGDI	16	4796962	134
ENSG00000140632	GLYR1	16	4803203	135
ENSG00000118900	UBN1	16	4846665	136
ENSG00000118898	PPL	16	4882507	137
ENSG00000103174	NAGPA	16	5024844	138
ENSG00000033011	ALG1	16	5071825	139
ENSG00000118894	EEF2KMT	16	5084284	140
ENSG00000067365	METTL22	16	8621670	141
ENSG00000183044	ABAT	16	8674617	142
ENSG00000184857	TMEM186	16	8795180	143
ENSG00000140650	PMM2	16	8797813	144
ENSG00000153048	CARHSP1	16	8852942	145
ENSG00000187555	USP7	16	8892094	146
ENSG00000260979	USP7-AS1	16	8962139	147
ENSG00000182831	HAPSTR1	16	9091377	148
ENSG00000260071	LOC101927026	16	9286339	149
ENSG00000261617	LINC02177	16	9355588	150
ENSG00000183454	GRIN2A	16	9753404	151
ENSG00000166669	ATF7IP2	16	10386061	152
ENSG00000260468	LINC01290	16	10514842	153
ENSG00000213853	EMP2	16	10528422	154
ENSG00000103274	NUBP1	16	10743164	155
ENSG00000166676	TVP23A	16	10758034	156
ENSG00000179583	CIITA	16	10866208	157
ENSG00000182108	DEXI	16	10928891	158
ENSG00000038532	CLEC16A	16	10944488	159
ENSG00000188897	LOC400499	16	11372015	160
ENSG00000189067	LITAF	16	11547722	161
ENSG00000184602	SNN	16	11668455	162
ENSG00000153066	TXNDC11	16	11679080	163
ENSG00000122299	ZC3H7A	16	11750588	164
ENSG00000171490	RSL1D1	16	11833850	165
ENSG00000103342	GSPT1	16	11868128	166
ENSG00000234719	NPIPB2	16	11927263	167
ENSG00000048462	TNFRSF17	16	11965210	168
ENSG00000048471	SNX29	16	11976734	169
ENSG00000103381	CPPED1	16	12659799	170
ENSG00000260378	LOC105371090	16	12745644	171
ENSG00000237515	SHISA9	16	12901598	172
ENSG00000175595	ERCC4	16	13920137	173
ENSG00000186260	MRTFB	16	14071062	174
ENSG00000262454	MIR193BHG	16	14302288	175
ENSG00000140694	PARN	16	14435701	176
ENSG00000103429	BFAR	16	14632831	177
ENSG00000224712	NPIPA3	16	14706473	178
ENSG00000254852	NPIPA2	16	14745595	179
ENSG00000290943	ABCC6P2	16	14822427	180
ENSG00000103512	NOMO1	16	14833721	181
ENSG00000183426	NPIPA1	16	14937443	182
ENSG00000179889	PDXDC1	16	14974591	183
ENSG00000157045	NTAN1	16	15037853	184
ENSG00000085721	RRN3	16	15060022	185
ENSG00000260735	LOC100505915	16	15094411	186
ENSG00000270580	PKD1P6-NPIPP1	16	15104723	187
ENSG00000183793	NPIPA5	16	15363613	188
ENSG00000156968	MPV17L	16	15395569	189
ENSG00000166780	BMERB1	16	15434588	190
ENSG00000166783	MARF1	16	15594387	191
ENSG00000072864	NDE1	16	15643267	192
ENSG00000133392	MYH11	16	15703135	193
ENSG00000133393	CEP20	16	15865719	194
ENSG00000103222	ABCC1	16	15949616	195
ENSG00000091262	ABCC6	16	16149565	196
ENSG00000103226	NOMO3	16	16232528	197
ENSG00000214967	NPIPA7	16	16376940	198
ENSG00000103489	XYLT1	16	17101769	199
ENSG00000214940	NPIPA8	16	18317919	200
ENSG00000185164	LOC102723728	16	18417325	201
ENSG00000291057	ABCC6P1	16	18571248	202
ENSG00000134419	RPS15A	16	18781295	203
ENSG00000170540	ARL6IP1	16	18791667	204
ENSG00000157106	SMG1	16	18804853	205
ENSG00000170537	TMC7	16	18983934	206
ENSG00000167186	COQ7	16	19067595	207
ENSG00000205730	ITPRIPL2	16	19113932	208
ENSG00000103528	SYT17	16	19167834	209
ENSG00000006007	GDE1	16	19501693	210
ENSG00000103540	CCP110	16	19523879	211
ENSG00000103544	VPS35L	16	19555703	212
ENSG00000103550	KNOP1	16	19701937	213
ENSG00000174628	IQCK	16	19716456	214
ENSG00000261195	LOC105371115	16	19760105	215
ENSG00000167191	GPRC5B	16	19856691	216
ENSG00000183549	ACSM5	16	20409534	217
ENSG00000183747	ACSM2A	16	20451504	218
ENSG00000066813	ACSM2B	16	20536226	219
ENSG00000166743	ACSM1	16	20623235	220
ENSG00000066654	THUMPD1	16	20730589	221
ENSG00000005187	ACSM3	16	20742440	222
ENSG00000196678	ERI2	16	20780193	223
ENSG00000005189	REXO5	16	20806429	224
ENSG00000188215	DCUN1D3	16	20854925	225
ENSG00000102897	LYRM1	16	20899626	226
ENSG00000158486	DNAH3	16	20933111	227
ENSG00000011638	LDAF1	16	21158349	228
ENSG00000175311	ANKS4B	16	21233699	229
ENSG00000103316	CRYM	16	21258521	230
ENSG00000180747	SMG1P3	16	21446683	231
ENSG00000197006	METTL9	16	21597221	232
ENSG00000140749	IGSF6	16	21639550	233
ENSG00000185864	NPIPB4	16	21834563	234
ENSG00000140740	UQCRC2	16	21953361	235
ENSG00000155714	PDZD9	16	21957540	236
ENSG00000185716	MOSMO	16	22008111	237
ENSG00000103319	EEF2K	16	22206278	238
ENSG00000058600	POLR3E	16	22297375	239
ENSG00000140743	CDR2	16	22345936	240
ENSG00000230872	MFSD13B	16	22385769	241
ENSG00000290865	RRN3P3	16	22419546	242
ENSG00000237296	SMG1P1	16	22437008	243
ENSG00000243716	NPIPB5	16	22513523	244
ENSG00000122254	HS3ST2	16	22814162	245
ENSG00000103404	USP31	16	23061407	246
ENSG00000168434	COG7	16	23388493	247
ENSG00000103365	GGA2	16	23463542	248
ENSG00000103356	EARS2	16	23520754	249
ENSG00000103353	UBFD1	16	23557557	250
ENSG00000004779	NDUFAB1	16	23581012	251
ENSG00000083093	PALB2	16	23603162	252
ENSG00000166847	DCTN5	16	23641431	253
ENSG00000166851	PLK1	16	23678889	254
ENSG00000166501	PRKCB	16	23835983	255
ENSG00000122257	RBBP6	16	24539566	256
ENSG00000090905	TNRC6A	16	24610205	257
ENSG00000158865	SLC5A11	16	24845863	258
ENSG00000140750	ARHGAP17	16	24919389	259
ENSG00000262155	LINC02175	16	25066887	260
ENSG00000205629	LCMT1	16	25111702	261
ENSG00000260034	LCMT1-AS2	16	25140571	262
ENSG00000155592	ZKSCAN2	16	25236001	263
ENSG00000155666	KDM8	16	27203486	264
ENSG00000169189	NSMCE1	16	27224994	265
ENSG00000245888	NSMCE1-DT	16	27268205	266
ENSG00000077238	IL4R	16	27313668	267
ENSG00000103522	IL21R	16	27402162	268
ENSG00000077235	GTF3C1	16	27460613	269
ENSG00000047578	KATNIP	16	27550128	270
ENSG00000169180	XPO6	16	28097976	271
ENSG00000198156	NPIPB6	16	28342517	272
ENSG00000205609	EIF3CL	16	28379581	273
ENSG00000188603	CLN3	16	28466653	274
ENSG00000184730	APOBR	16	28494643	275
ENSG00000197272	IL27	16	28499362	276
ENSG00000176046	NUPR1	16	28532708	277
ENSG00000176476	SGF29	16	28553915	278
ENSG00000197165	SULT1A2	16	28591943	279
ENSG00000196502	SULT1A1	16	28605587	280
ENSG00000255524	NPIPB8	16	28637891	281
ENSG00000184110	EIF3C	16	28688558	282
ENSG00000196993	NPIPB9	16	28735500	283
ENSG00000168488	ATXN2L	16	28823048	284
ENSG00000178952	TUFM	16	28842411	285
ENSG00000178188	SH2B1	16	28846600	286
ENSG00000196296	ATP2A1	16	28878488	287
ENSG00000177548	RABEP2	16	28904421	288
ENSG00000176953	NFATC2IP	16	28950992	289
ENSG00000169682	SPNS1	16	28973999	290
ENSG00000213658	LAT	16	28984803	291
ENSG00000103472	RRN3P2	16	29074842	292
ENSG00000254206	NPIPB11	16	29381318	293
ENSG00000254634	SMG1P6	16	29425411	294
ENSG00000183336	BOLA2	16	29453588	295
ENSG00000181625	SLX1B	16	29454501	296
ENSG00000260280	SLX1B-SULT1A4	16	29455091	297
ENSG00000213648	SULT1A4	16	29459886	298
ENSG00000197471	SPN	16	29662950	299
ENSG00000103485	QPRT	16	29670588	300
ENSG00000185905	C16orf54	16	29742463	301
ENSG00000174992	ZG16	16	29760804	302
ENSG00000079616	KIF22	16	29790734	303
ENSG00000103495	MAZ	16	29806081	304
ENSG00000167371	PRRT2	16	29812193	305
ENSG00000280789	PAGR1	16	29816152	306
ENSG00000013364	MVP	16	29820394	307
ENSG00000103502	CDIPT	16	29858357	308
ENSG00000174939	ASPHD1	16	29900392	309
ENSG00000174943	KCTD13	16	29906335	310
ENSG00000149932	TMEM219	16	29962079	311
ENSG00000149930	TAOK2	16	29973868	312
ENSG00000149929	HIRIP3	16	29992321	313
ENSG00000169592	INO80E	16	29995690	314
ENSG00000149927	DOC2A	16	30005514	315
ENSG00000285043	LOC112694756	16	30053090	316
ENSG00000149925	ALDOA	16	30064279	317
ENSG00000149923	PPP4C	16	30075994	318
ENSG00000090238	YPEL3	16	30092314	319
ENSG00000250616	YPEL3-DT	16	30096430	320
ENSG00000102886	GDPD3	16	30104810	321
ENSG00000102882	MAPK3	16	30114105	322
ENSG00000102879	CORO1A	16	30183410	323
ENSG00000169627	BOLA2B	16	30192930	324
ENSG00000132207	SLX1A	16	30193843	325
ENSG00000213599	SLX1A-SULT1A3	16	30194433	326
ENSG00000261052	SULT1A3	16	30199228	327
ENSG00000198064	NPIPB13	16	30222735	328
ENSG00000291266	SMG1P5	16	30285018	329
ENSG00000169217	CD2BP2	16	30350766	330
ENSG00000260219	CD2BP2-DT	16	30355371	331
ENSG00000169221	TBC1D10B	16	30357102	332
ENSG00000180096	SEPTIN1	16	30378135	333
ENSG00000180035	ZNF48	16	30378312	334
ENSG00000179965	ZNF771	16	30407414	335
ENSG00000179958	DCTPP1	16	30423615	336
ENSG00000179918	SEPHS2	16	30443631	337
ENSG00000005844	ITGAL	16	30472683	338
ENSG00000169957	ZNF768	16	30524004	339
ENSG00000169955	ZNF747	16	30530367	340
ENSG00000235560	ZNF747-DT	16	30535073	341
ENSG00000169951	ZNF764	16	30553764	342
ENSG00000229809	ZNF688	16	30569677	343
ENSG00000197162	ZNF785	16	30572939	344
ENSG00000156853	ZNF689	16	30602558	345
ENSG00000156858	PRR14	16	30650778	346
ENSG00000156860	FBRS	16	30658431	347
ENSG00000080603	SRCAP	16	30699171	348
ENSG00000281991	TMEM265	16	30740642	349
ENSG00000156873	PHKG2	16	30748299	350
ENSG00000196118	CFAP119	16	30757226	351
ENSG00000103549	RNF40	16	30761612	352
ENSG00000102870	ZNF629	16	30778456	353
ENSG00000099385	BCL7C	16	30833626	354
ENSG00000260083	MIR762HG	16	30875460	355
ENSG00000260852	FBXL19-AS1	16	30919319	356
ENSG00000099364	FBXL19	16	30923055	357
ENSG00000175938	ORAI3	16	30949068	358
ENSG00000099381	SETD1A	16	30956618	359
ENSG00000099377	HSD3B7	16	30985189	360
ENSG00000099365	STX1B	16	30989256	361
ENSG00000103496	STX4	16	31033095	362
ENSG00000167394	ZNF668	16	31060843	363
ENSG00000167395	ZNF646	16	31073665	364
ENSG00000151006	PRSS53	16	31083424	365
ENSG00000167397	VKORC1	16	31090842	366
ENSG00000103507	BCKDK	16	31108381	367
ENSG00000103510	KAT8	16	31117664	368
ENSG00000052344	PRSS8	16	31131433	369
ENSG00000089280	FUS	16	31180110	370
ENSG00000103490	PYCARD	16	31201486	371
ENSG00000169896	ITGAM	16	31259975	372
ENSG00000140678	ITGAX	16	31355167	373
ENSG00000156886	ITGAD	16	31393223	374
ENSG00000140691	ARMC5	16	31458273	375
ENSG00000140682	TGFB1I1	16	31472152	376
ENSG00000140675	SLC5A2	16	31482535	377
ENSG00000140688	RUSF1	16	31489475	378
ENSG00000290927	CLUHP3	16	31700613	379
ENSG00000197302	KRBOX5	16	31713229	380
ENSG00000185947	ZNF267	16	31873807	381
ENSG00000069329	VPS35	16	46656132	382
ENSG00000155330	C16orf87	16	46796603	383
ENSG00000166123	GPT2	16	46884362	384
ENSG00000069345	DNAJA2	16	46955362	385
ENSG00000171208	NETO2	16	47077703	386
ENSG00000129636	ITFG1	16	47154387	387
ENSG00000102893	PHKB	16	47461299	388
ENSG00000121270	ABCC11	16	48164842	389
ENSG00000102910	LONP2	16	48244300	390
ENSG00000196470	SIAH1	16	48354581	391
ENSG00000102921	N4BP1	16	48538726	392
ENSG00000102935	ZNF423	16	49487524	393
ENSG00000205423	CNEP1R1	16	50025206	394
ENSG00000155393	HEATR3	16	50065941	395
ENSG00000121274	TENT4B	16	50152911	396
ENSG00000121281	ADCY7	16	50246138	397
ENSG00000166164	BRD7	16	50315957	398
ENSG00000140807	NKD1	16	50548396	399
ENSG00000167208	SNX20	16	50666300	400
ENSG00000167207	NOD2	16	50693587	401
ENSG00000083799	CYLD	16	50742026	402
ENSG00000260616	LOC105371251	16	50783859	403
ENSG00000261241	LOC112267895	16	50880028	404
ENSG00000103449	SALL1	16	51135975	405
ENSG00000260850	LOC102723323	16	51387672	406
ENSG00000103460	TOX3	16	52436415	407
ENSG00000260963	LINC03064	16	52607054	408
ENSG00000277639	CHD9NB	16	53035690	409
ENSG00000177200	CHD9	16	53054982	410
ENSG00000103479	RBL2	16	53434471	411
ENSG00000166971	AKTIP	16	53491040	412
ENSG00000103494	RPGRIP1L	16	53598153	413
ENSG00000140718	FTO	16	53703963	414
ENSG00000087245	MMP2	16	55478830	415
ENSG00000087253	LPCAT2	16	55509055	416
ENSG00000103546	SLC6A2	16	55655928	417
ENSG00000291109	CES1P1	16	55760599	418
ENSG00000198848	CES1	16	55802851	419
ENSG00000159398	CES5A	16	55846154	420
ENSG00000246379	GNAO1-DT	16	56092987	421
ENSG00000087258	GNAO1	16	56191489	422
ENSG00000261439	GNAO1-AS1	16	56192617	423
ENSG00000159461	AMFR	16	56361452	424
ENSG00000167005	NUDT21	16	56429133	425
ENSG00000087263	OGFOD1	16	56451524	426
ENSG00000125124	BBS2	16	56470403	427
ENSG00000125148	MT2A	16	56608584	428
ENSG00000291105	MT1L	16	56617461	429
ENSG00000169715	MT1E	16	56625781	430
ENSG00000205364	MT1M	16	56632659	431
ENSG00000205362	MT1A	16	56638666	432
ENSG00000291095	MT1DP	16	56643687	433
ENSG00000198417	MT1F	16	56657943	434
ENSG00000125144	MT1G	16	56666730	435
ENSG00000205358	MT1H	16	56669814	436
ENSG00000187193	MT1X	16	56682470	437
ENSG00000102900	NUP93	16	56730129	438
ENSG00000051108	HERPUD1	16	56932142	439
ENSG00000087237	CETP	16	56961950	440
ENSG00000140853	NLRC5	16	56989547	441
ENSG00000140848	CPNE2	16	57092583	442
ENSG00000172775	PSME3IP1	16	57152466	443
ENSG00000159579	RSPRY1	16	57186137	444
ENSG00000102931	ARL2BP	16	57245259	445
ENSG00000102934	PLLP	16	57256097	446
ENSG00000102962	CCL22	16	57358783	447
ENSG00000006210	CX3CL1	16	57372490	448
ENSG00000005194	CIAPIN1	16	57428169	449
ENSG00000088682	COQ9	16	57447479	450
ENSG00000102978	POLR2C	16	57462679	451
ENSG00000125170	DOK4	16	57471922	452
ENSG00000159618	ADGRG5	16	57529339	453
ENSG00000205336	ADGRG1	16	57619535	454
ENSG00000182885	ADGRG3	16	57663998	455
ENSG00000140854	KATNB1	16	57735770	456
ENSG00000140859	KIFC3	16	57758217	457
ENSG00000187185	LOC388282	16	57809426	458
ENSG00000166188	ZNF319	16	57994668	459
ENSG00000103005	USB1	16	57999603	460
ENSG00000102996	MMP15	16	58025754	461
ENSG00000070761	CFAP20	16	58113588	462
ENSG00000070770	CSNK2A2	16	58157907	463
ENSG00000103021	CCDC113	16	58196862	464
ENSG00000181938	GINS3	16	58392471	465
ENSG00000103034	NDRG4	16	58463645	466
ENSG00000103037	SETD6	16	58515479	467
ENSG00000125107	CNOT1	16	58519951	468
ENSG00000281910	SNORA50A	16	58559796	469
ENSG00000103042	SLC38A7	16	58665109	470
ENSG00000125166	GOT2	16	58707131	471
ENSG00000261638	LOC105371296	16	58847657	472
ENSG00000140937	CDH11	16	64943753	473
ENSG00000179776	CDH5	16	66366657	474
ENSG00000166546	BEAN1	16	66427295	475
ENSG00000261656	BEAN1-AS1	16	66469796	476
ENSG00000166548	TK2	16	66508003	477
ENSG00000217555	CKLF	16	66552563	478
ENSG00000254788	CKLF-CMTM1	16	66552576	479
ENSG00000183723	CMTM4	16	66598178	480
ENSG00000140931	CMTM3	16	66603996	481
ENSG00000135720	DYNC1LI2	16	66720893	482
ENSG00000159593	NAE1	16	66802878	483
ENSG00000172840	PDP2	16	66880515	484
ENSG00000166595	CIAO2B	16	66932065	485
ENSG00000172831	CES2	16	66934471	486
ENSG00000172828	CES3	16	66961266	487
ENSG00000172824	CES4A	16	66988589	488
ENSG00000067955	CBFB	16	67029149	489
ENSG00000125149	PHAF1	16	67109881	490
ENSG00000237172	B3GNT9	16	67148104	491
ENSG00000102871	TRADD	16	67154185	492
ENSG00000102878	HSF4	16	67163761	493
ENSG00000140939	NOL3	16	67170497	494
ENSG00000196123	MATCAP1	16	67175599	495
ENSG00000179044	EXOC3L1	16	67184379	496
ENSG00000205250	E2F4	16	67192155	497
ENSG00000102890	ELMO3	16	67199131	498
ENSG00000125122	FBXL9P	16	67207139	499
ENSG00000168701	TMEM208	16	67227130	500
ENSG00000135723	FHOD1	16	67229389	501
ENSG00000159714	ZDHHC1	16	67394152	502
ENSG00000176387	HSD11B2	16	67431121	503
ENSG00000159720	ATP6V0D1	16	67438019	504
ENSG00000270049	ATP6V0D1-DT	16	67481319	505
ENSG00000039523	RIPOR1	16	67518423	506
ENSG00000102974	CTCF	16	67562526	507
ENSG00000159753	CARMIL2	16	67645004	508
ENSG00000102977	ACD	16	67657512	509
ENSG00000124074	ENKD1	16	67662945	510
ENSG00000159761	C16orf86	16	67666814	511
ENSG00000141098	GFOD2	16	67674533	512
ENSG00000141084	RANBP10	16	67723068	513
ENSG00000102904	TSNAXIP1	16	67806573	514
ENSG00000102901	CENPT	16	67828157	515
ENSG00000168286	THAP11	16	67842320	516
ENSG00000102898	NUTF2	16	67846933	517
ENSG00000038358	EDC4	16	67873052	518
ENSG00000159792	PSKH1	16	67893254	519
ENSG00000141086	CTRL	16	67929574	520
ENSG00000205220	PSMB10	16	67934506	521
ENSG00000213398	LCAT	16	67939750	522
ENSG00000124067	SLC12A4	16	67943474	523
ENSG00000167261	DPEP2	16	67987390	524
ENSG00000182810	DDX28	16	68020916	525
ENSG00000167264	DUS2	16	68023284	526
ENSG00000072736	NFATC3	16	68085370	527
ENSG00000103067	ESRP2	16	68225968	528
ENSG00000284259	MIR6773	16	68233426	529
ENSG00000103066	PLA2G15	16	68245371	530
ENSG00000103064	SLC7A6	16	68264510	531
ENSG00000103061	SLC7A6OS	16	68298034	532
ENSG00000132600	PRMT7	16	68310982	533
ENSG00000103056	SMPD3	16	68358327	534
ENSG00000184939	ZFP90	16	68530249	535
ENSG00000039068	CDH1	16	68737292	536
ENSG00000103047	TANGO6	16	68843531	537
ENSG00000103044	HAS3	16	69105653	538
ENSG00000286140	DERPC	16	69118003	539
ENSG00000168802	CHTF8	16	69118010	540
ENSG00000141076	UTP4	16	69132596	541
ENSG00000168807	SNTB2	16	69187147	542
ENSG00000132612	VPS4A	16	69311350	543
ENSG00000258429	PDF	16	69326913	544
ENSG00000213380	COG8	16	69328621	545
ENSG00000132603	NIP7	16	69339512	546
ENSG00000157315	TMED6	16	69343250	547
ENSG00000132604	TERF2	16	69355567	548
ENSG00000103018	CYB5B	16	69424619	549
ENSG00000102908	NFAT5	16	69565952	550
ENSG00000181019	NQO1	16	69709401	551
ENSG00000141101	NOB1	16	69741854	552
ENSG00000198373	WWP2	16	69762301	553
ENSG00000157322	CLEC18A	16	69950232	554
ENSG00000196696	PDXDC2P-NPIPB14P	16	69976297	555
ENSG00000090857	PDPR	16	70113626	556
ENSG00000247228	LOC400541	16	70156340	557
ENSG00000261556	SMG1P7	16	70219581	558
ENSG00000223496	EXOSC6	16	70246778	559
ENSG00000090861	AARS1	16	70252295	560
ENSG00000157349	DDX19B	16	70289767	561
ENSG00000261777	DDX19A-DT	16	70315640	562
ENSG00000168872	DDX19A	16	70346829	563
ENSG00000157350	ST3GAL2	16	70375977	564
ENSG00000157353	FCSK	16	70454590	565
ENSG00000103051	COG4	16	70480567	566
ENSG00000189091	SF3B3	16	70523816	567
ENSG00000157368	IL34	16	70579895	568
ENSG00000132613	MTSS2	16	70661204	569
ENSG00000103043	VAC14	16	70687439	570
ENSG00000214353	VAC14-AS1	16	70755095	571
ENSG00000157423	HYDIN	16	70802084	572
ENSG00000180917	CMTR2	16	71281392	573
ENSG00000167377	ZNF23	16	71447597	574
ENSG00000157429	ZNF19	16	71473583	575
ENSG00000140835	CHST4	16	71526120	576
ENSG00000260886	TAT-AS1	16	71565016	577
ENSG00000198650	TAT	16	71565660	578
ENSG00000140832	MARVELD3	16	71626180	579
ENSG00000040199	PHLPP2	16	71644924	580
ENSG00000166747	AP1G1	16	71729000	581
ENSG00000224470	ATXN1L	16	71845976	582
ENSG00000102984	ZNF821	16	71859680	583
ENSG00000182149	IST1	16	71894408	584
ENSG00000277481	PKD1L3	16	71929538	585
ENSG00000102967	DHODH	16	72008744	586
ENSG00000140830	TXNL4B	16	72044261	587
ENSG00000257017	HP	16	72054505	588
ENSG00000261701	HPR	16	72063226	589
ENSG00000140829	DHX38	16	72093665	590
ENSG00000118557	PMFBP1	16	72116697	591
ENSG00000261008	LINC01572	16	72280902	592
ENSG00000259768	ZFHX3-AS1	16	72759989	593
ENSG00000140836	ZFHX3	16	72782885	594
ENSG00000103035	PSMD7	16	74296814	595
ENSG00000290890	PDPR2P	16	74332406	596
ENSG00000196436	NPIPB15	16	74374986	597
ENSG00000090863	GLG1	16	74447440	598
ENSG00000168411	RFWD3	16	74621396	599
ENSG00000168404	MLKL	16	74671855	600
ENSG00000103091	WDR59	16	74871362	601
ENSG00000186187	ZNRF1	16	74999024	602
ENSG00000166816	LDHD	16	75111860	603
ENSG00000184517	ZFP1	16	75126285	604
ENSG00000050820	BCAR1	16	75228181	605
ENSG00000153774	CFDP1	16	75293710	606
ENSG00000166822	TMEM170A	16	75443054	607
ENSG00000205084	TMEM231	16	75536741	608
ENSG00000034713	GABARAPL2	16	75566379	609
ENSG00000065457	ADAT1	16	75596868	610
ENSG00000065427	KARS1	16	75627724	611
ENSG00000166848	TERF2IP	16	75647737	612
ENSG00000152910	CNTNAP4	16	76277376	613
ENSG00000103111	MON1B	16	77191190	614
ENSG00000140876	NUDT7	16	77722492	615
ENSG00000171724	VAT1L	16	77788564	616
ENSG00000186153	WWOX	16	78099654	617
ENSG00000260969	WWOX-AS1	16	78230135	618
ENSG00000288821	LOC105371354	16	78607223	619
ENSG00000286894	LOC112268165	16	78793581	620
ENSG00000178573	MAF	16	79202624	621
ENSG00000166446	CDYL2	16	80597899	622
ENSG00000103121	CMC2	16	80966448	623
ENSG00000166451	CENPN	16	81006498	624
ENSG00000166454	ATMIN	16	81035842	625
ENSG00000166455	C16orf46	16	81053497	626
ENSG00000140905	GCSH	16	81081945	627
ENSG00000166473	PKD1L2	16	81100875	628
ENSG00000135697	BCO1	16	81238448	629
ENSG00000261609	GAN	16	81314941	630
ENSG00000153815	CMIP	16	81445170	631
ENSG00000197943	PLCG2	16	81779291	632
ENSG00000184860	SDR42E1	16	81988855	633
ENSG00000086696	HSD17B2	16	82035253	634
ENSG00000135698	MPHOSPH6	16	82148162	635
ENSG00000140945	CDH13	16	82626823	636
ENSG00000260788	LOC105371366	16	83664586	637
ENSG00000230989	HSBP1	16	83807978	638
ENSG00000103150	MLYCD	16	83899115	639
ENSG00000140961	OSGIN1	16	83953240	640
ENSG00000103154	NECAB2	16	83968632	641
ENSG00000140943	MBTPS1	16	84053763	642
ENSG00000103160	HSDL1	16	84122139	643
ENSG00000154099	DNAAF1	16	84145266	644
ENSG00000103168	TAF1C	16	84177847	645
ENSG00000103175	WFDC1	16	84292233	646
ENSG00000064270	ATP2C2	16	84368523	647
ENSG00000140950	MEAK7	16	84476355	648
ENSG00000103187	COTL1	16	84565596	649
ENSG00000135686	KLHL36	16	84648511	650
ENSG00000103194	USP10	16	84699977	651
ENSG00000103196	CRISPLD2	16	84819981	652
ENSG00000153786	ZDHHC7	16	84974175	653
ENSG00000135709	KIAA0513	16	85027709	654
ENSG00000131149	GSE1	16	85169512	655
ENSG00000131153	GINS2	16	85676198	656
ENSG00000131148	EMC8	16	85778624	657
ENSG00000131143	COX4I1	16	85799695	658
ENSG00000140968	IRF8	16	85899162	659
ENSG00000268388	FENDRR	16	86474525	660
ENSG00000103241	FOXF1	16	86510527	661
ENSG00000103248	MTHFSD	16	86530178	662
ENSG00000260456	C16orf95	16	87302798	663
ENSG00000103264	FBXO31	16	87326987	664
ENSG00000140941	MAP1LC3B	16	87392336	665
ENSG00000140948	ZCCHC14	16	87406248	666
ENSG00000104731	KLHDC4	16	87693537	667
ENSG00000103257	SLC7A5	16	87830022	668
ENSG00000174990	CA5A	16	87881549	669
ENSG00000172530	BANP	16	87949216	670
ENSG00000225614	ZNF469	16	88382959	671
ENSG00000179588	ZFPM1	16	88451782	672
ENSG00000158545	ZC3H18	16	88570403	673
ENSG00000051523	CYBA	16	88643289	674
ENSG00000167508	MVD	16	88651935	675
ENSG00000260630	SNAI3-AS1	16	88663373	676
ENSG00000158717	RNF166	16	88696499	677
ENSG00000174177	CTU2	16	88706481	678
ENSG00000103335	PIEZO1	16	88715338	679
ENSG00000198931	APRT	16	88809339	680
ENSG00000141012	GALNS	16	88813734	681
ENSG00000167515	TRAPPC2L	16	88856220	682
ENSG00000129993	CBFA2T3	16	88874858	683
ENSG00000259881	LOC101927793	16	88883515	684
ENSG00000176715	ACSF3	16	89093847	685
ENSG00000170100	ZNF778	16	89202112	686
ENSG00000167522	ANKRD11	16	89267619	687
ENSG00000260279	LOC105371414	16	89296128	688
ENSG00000197912	LOC101930112	16	89490733	689
ENSG00000167526	RPL13	16	89560657	690
ENSG00000131165	CHMP1A	16	89644435	691
ENSG00000167523	SPATA33	16	89657744	692
ENSG00000260259	LINC02166	16	89682507	693
ENSG00000185324	CDK10	16	89686612	694
ENSG00000158792	SPATA2L	16	89696357	695
ENSG00000075399	VPS9D1	16	89707133	696
ENSG00000261373	VPS9D1-AS1	16	89711856	697
ENSG00000158805	ZNF276	16	89720368	698
ENSG00000187741	FANCA	16	89737549	699
ENSG00000204991	SPIRE2	16	89828475	700
ENSG00000141002	TCF25	16	89873592	701
ENSG00000140995	DEF8	16	89948731	702
ENSG00000177946	CENPBD1P	16	89969775	703
ENSG00000223959	AFG3L1P	16	89972580	704
ENSG00000003249	DBNDD1	16	90004865	705
ENSG00000141013	GAS8	16	90019629	706
ENSG00000290738	URAHP	16	90039761	707
ENSG00000272636	DOC2B	17	142789	1
ENSG00000181031	RPH3AL	17	212389	2
ENSG00000262061	RPH3AL-AS1	17	331519	3
ENSG00000187624	C17orf97	17	410325	4
ENSG00000183688	RFLNB	17	439978	5
ENSG00000141252	VPS53	17	508668	6
ENSG00000167695	TLCD3A	17	732546	7
ENSG00000179409	GEMIN4	17	744421	8
ENSG00000167699	GLOD4	17	759309	9
ENSG00000171861	MRM3	17	782353	10
ENSG00000167693	NXN	17	799310	11
ENSG00000262003	LOC101927727	17	909632	12
ENSG00000177370	TIMM22	17	997129	13
ENSG00000159842	ABR	17	1003519	14
ENSG00000108953	YWHAE	17	1344275	15
ENSG00000167193	CRK	17	1420693	16
ENSG00000197879	MYO1C	17	1464186	17
ENSG00000132376	INPP5K	17	1494575	18
ENSG00000236618	PITPNA-AS1	17	1516919	19
ENSG00000174238	PITPNA	17	1517718	20
ENSG00000167703	SLC43A2	17	1569254	21
ENSG00000074660	SCARF1	17	1633858	22
ENSG00000167705	RILP	17	1646150	23
ENSG00000174231	PRPF8	17	1650629	24
ENSG00000185561	TLCD2	17	1702816	25
ENSG00000186594	MIR22HG	17	1711504	26
ENSG00000167716	WDR81	17	1716523	27
ENSG00000167711	SERPINF2	17	1742808	28
ENSG00000132386	SERPINF1	17	1761925	29
ENSG00000186532	SMYD4	17	1779485	30
ENSG00000132383	RPA1	17	1830005	31
ENSG00000185924	RTN4RL1	17	1934677	32
ENSG00000228133	LOC105371485	17	2017716	33
ENSG00000108963	DPH1	17	2030112	34
ENSG00000262664	OVCA2	17	2042022	35
ENSG00000177374	HIC1	17	2055103	36
ENSG00000070366	SMG6	17	2059839	37
ENSG00000225084	LOC101927839	17	2232678	38
ENSG00000167720	SRR	17	2303371	39
ENSG00000167721	TSR1	17	2322396	40
ENSG00000141258	SGSM2	17	2336492	41
ENSG00000070444	MNT	17	2384073	42
ENSG00000127804	METTL16	17	2416049	43
ENSG00000007168	PAFAH1B1	17	2593210	44
ENSG00000132361	CLUH	17	2689387	45
ENSG00000132359	RAP1GAP2	17	2755686	46
ENSG00000108381	ASPA	17	3473646	47
ENSG00000167723	TRPV3	17	3510502	48
ENSG00000196689	TRPV1	17	3565446	49
ENSG00000197417	SHPK	17	3608240	50
ENSG00000040531	CTNS	17	3636468	51
ENSG00000213977	TAX1BP3	17	3662893	52
ENSG00000257950	P2RX5-TAX1BP3	17	3662893	53
ENSG00000127774	EMC6	17	3668723	54
ENSG00000083457	ITGAE	17	3714628	55
ENSG00000074356	NCBP3	17	3802158	56
ENSG00000004660	CAMKK1	17	3860315	57
ENSG00000108405	P2RX1	17	3896591	58
ENSG00000074370	ATP2A3	17	3923869	59
ENSG00000074755	ZZEF1	17	4004445	60
ENSG00000167740	CYB5D2	17	4143117	61
ENSG00000185722	ANKFY1	17	4163818	62
ENSG00000132388	UBE2G1	17	4269217	63
ENSG00000182557	SPNS3	17	4433940	64
ENSG00000183018	SPNS2	17	4498881	65
ENSG00000132382	MYBBP1A	17	4538896	66
ENSG00000141456	PELP1	17	4669774	67
ENSG00000141480	ARRB2	17	4710619	68
ENSG00000161920	MED11	17	4731428	69
ENSG00000161921	CXCL16	17	4733533	70
ENSG00000141497	ZMYND15	17	4739833	71
ENSG00000142484	TM4SF5	17	4771886	72
ENSG00000182327	GLTPD2	17	4788964	73
ENSG00000142507	PSMB6	17	4796144	74
ENSG00000129219	PLD2	17	4807152	75
ENSG00000141503	MINK1	17	4833340	76
ENSG00000108556	CHRNE	17	4897771	77
ENSG00000205710	C17orf107	17	4899536	78
ENSG00000185245	GP1BA	17	4932277	79
ENSG00000108528	SLC25A11	17	4937130	80
ENSG00000108523	RNF167	17	4940092	81
ENSG00000108518	PFN1	17	4945652	82
ENSG00000108515	ENO3	17	4949182	83
ENSG00000091640	SPAG7	17	4959226	84
ENSG00000108509	CAMTA2	17	4967993	85
ENSG00000196388	INCA1	17	4988130	86
ENSG00000129250	KIF1C	17	4997950	87
ENSG00000227495	KIF1C-AS1	17	5019214	88
ENSG00000180787	ZFP3	17	5078467	89
ENSG00000167840	ZNF232	17	5105734	90
ENSG00000129204	USP6	17	5116032	91
ENSG00000180626	ZNF594	17	5174021	92
ENSG00000261879	ZNF594-DT	17	5192007	93
ENSG00000161929	SCIMP	17	5208920	94
ENSG00000029725	RABEP1	17	5282272	95
ENSG00000108559	NUP88	17	5384833	96
ENSG00000129197	RPAIN	17	5419641	97
ENSG00000108561	C1QBP	17	5432777	98
ENSG00000005100	DHX33	17	5440917	99
ENSG00000072849	DERL2	17	5471254	100
ENSG00000167842	MIS12	17	5486374	101
ENSG00000091592	NLRP1	17	5501396	102
ENSG00000179314	WSCD1	17	6069106	103
ENSG00000091622	PITPNM3	17	6451263	104
ENSG00000198920	KIAA0753	17	6578147	105
ENSG00000129235	TXNDC17	17	6641060	106
ENSG00000108590	MED31	17	6643311	107
ENSG00000256806	C17orf100	17	6651762	108
ENSG00000141485	SLC13A5	17	6684719	109
ENSG00000132530	XAF1	17	6755408	110
ENSG00000291084	ALOX12P2	17	6853576	111
ENSG00000215067	ALOX12-AS1	17	6985123	112
ENSG00000108839	ALOX12	17	6993791	113
ENSG00000161939	RNASEK-C17orf49	17	7012417	114
ENSG00000219200	RNASEK	17	7012417	115
ENSG00000258315	C17orf49	17	7014782	116
ENSG00000267532	MIR497HG	17	7015818	117
ENSG00000161940	BCL6B	17	7023050	118
ENSG00000174327	SLC16A13	17	7036015	119
ENSG00000174326	SLC16A11	17	7041621	120
ENSG00000132514	CLEC10A	17	7074537	121
ENSG00000161944	ASGR2	17	7101322	122
ENSG00000141505	ASGR1	17	7173431	123
ENSG00000132535	DLG4	17	7187180	124
ENSG00000072778	ACADVL	17	7217125	125
ENSG00000004975	DVL2	17	7225341	126
ENSG00000040633	PHF23	17	7235028	127
ENSG00000170296	GABARAP	17	7240008	128
ENSG00000175826	CTDNEP1	17	7243591	129
ENSG00000170291	ELP5	17	7251737	130
ENSG00000181885	CLDN7	17	7259903	131
ENSG00000181856	SLC2A4	17	7281718	132
ENSG00000132507	EIF5A	17	7306999	133
ENSG00000132522	GPS2	17	7312661	134
ENSG00000215041	NEURL4	17	7315628	135
ENSG00000072818	ACAP1	17	7336506	136
ENSG00000213859	KCTD11	17	7351889	137
ENSG00000174292	TNK1	17	7380559	138
ENSG00000187838	PLSCR3	17	7389727	139
ENSG00000205544	TMEM256	17	7402975	140
ENSG00000169992	NLGN2	17	7405492	141
ENSG00000181284	TMEM102	17	7435435	142
ENSG00000161958	FGF11	17	7438298	143
ENSG00000170175	CHRNB1	17	7445061	144
ENSG00000174282	ZBTB4	17	7459366	145
ENSG00000181222	POLR2A	17	7484366	146
ENSG00000239697	TNFSF12	17	7549058	147
ENSG00000248871	TNFSF12-TNFSF13	17	7549058	148
ENSG00000161955	TNFSF13	17	7558292	149
ENSG00000161956	SENP3	17	7561919	150
ENSG00000161960	EIF4A1	17	7572825	151
ENSG00000209582	SNORA48	17	7574713	152
ENSG00000238917	SNORD10	17	7576811	153
ENSG00000277985	SNORA67	17	7577955	154
ENSG00000129226	CD68	17	7579638	155
ENSG00000233223	LOC100996842	17	7581967	156
ENSG00000129255	MPDU1	17	7583647	157
ENSG00000129245	FXR2	17	7591230	158
ENSG00000129214	SHBG	17	7614064	159
ENSG00000141504	SAT2	17	7626234	160
ENSG00000129244	ATP1B2	17	7646627	161
ENSG00000141510	TP53	17	7668402	162
ENSG00000141499	WRAP53	17	7686071	163
ENSG00000108947	EFNB3	17	7705202	164
ENSG00000183914	DNAH2	17	7717744	165
ENSG00000132510	KDM6B	17	7834210	166
ENSG00000183011	NAA38	17	7856681	167
ENSG00000182224	CYB5D1	17	7858003	168
ENSG00000170004	CHD3	17	7884764	169
ENSG00000252835	SCARNA21	17	7906123	170
ENSG00000179859	RNF227	17	7913324	171
ENSG00000170049	KCNAB3	17	7921859	172
ENSG00000170043	TRAPPC1	17	7930345	173
ENSG00000170037	CNTROB	17	7932054	174
ENSG00000132518	GUCY2D	17	8002615	175
ENSG00000179094	PER1	17	8140470	176
ENSG00000220205	VAMP2	17	8159147	177
ENSG00000179029	TMEM107	17	8172457	178
ENSG00000200463	SNORD118	17	8173453	179
ENSG00000196544	BORCS6	17	8188345	180
ENSG00000178977	LINC00324	17	8220630	181
ENSG00000178971	CTC1	17	8224815	182
ENSG00000178921	PFAS	17	8247596	183
ENSG00000125434	SLC25A35	17	8287763	184
ENSG00000108961	RANGRF	17	8288670	185
ENSG00000198844	ARHGEF15	17	8310241	186
ENSG00000184619	KRBA2	17	8368001	187
ENSG00000161970	RPL26	17	8377516	188
ENSG00000166579	NDEL1	17	8435884	189
ENSG00000133026	MYH10	17	8474205	190
ENSG00000183318	SPDYE4	17	8747532	191
ENSG00000276231	PIK3R6	17	8802722	192
ENSG00000141506	PIK3R5	17	8878916	193
ENSG00000065320	NTN1	17	9021510	194
ENSG00000262966	LOC101928266	17	9171068	195
ENSG00000170310	STX8	17	9250471	196
ENSG00000166596	CFAP52	17	9576642	197
ENSG00000154914	USP43	17	9643493	198
ENSG00000065325	GLP2R	17	9825508	199
ENSG00000007237	GAS7	17	9910606	200
ENSG00000264424	MYH4	17	10443058	201
ENSG00000109061	MYH1	17	10492307	202
ENSG00000109063	MYH3	17	10628527	203
ENSG00000133028	SCO1	17	10672474	204
ENSG00000170222	ADPRM	17	10697594	205
ENSG00000187824	TMEM220	17	10711084	206
ENSG00000263400	TMEM220-AS1	17	10729777	207
ENSG00000263429	TMEM238L	17	10794913	208
ENSG00000233670	PIRT	17	10822470	209
ENSG00000007174	DNAH9	17	11598470	210
ENSG00000154957	ZNF18	17	11957433	211
ENSG00000065559	MAP2K4	17	12020822	212
ENSG00000141052	MYOCD	17	12665890	213
ENSG00000006740	ARHGAP44	17	12789498	214
ENSG00000006744	ELAC2	17	12991612	215
ENSG00000153976	HS3ST3A1	17	13494032	216
ENSG00000236088	COX10-DT	17	14029292	217
ENSG00000006695	COX10	17	14069504	218
ENSG00000125430	HS3ST3B1	17	14301081	219
ENSG00000266709	MGC12916	17	14303740	220
ENSG00000109099	PMP22	17	15229777	221
ENSG00000239704	CDRT4	17	15436015	222
ENSG00000259024	TVP23C-CDRT4	17	15436015	223
ENSG00000175106	TVP23C	17	15502264	224
ENSG00000241322	FBXW10B	17	15565482	225
ENSG00000221926	TRIM16	17	15627966	226
ENSG00000187607	ZNF286A	17	15699752	227
ENSG00000170425	ADORA2B	17	15927782	228
ENSG00000214941	ZSWIM7	17	15976560	229
ENSG00000011295	TTC19	17	15999771	230
ENSG00000141027	NCOR1	17	16029157	231
ENSG00000108474	PIGL	17	16217209	232
ENSG00000166582	CENPV	17	16342537	233
ENSG00000170315	UBB	17	16380793	234
ENSG00000187688	TRPV2	17	16415543	235
ENSG00000175061	SNHG29	17	16438987	236
ENSG00000277370	SNORD49A	17	16440036	237
ENSG00000181350	LRRC75A	17	16441577	238
ENSG00000141040	ZNF287	17	16546689	239
ENSG00000197566	ZNF624	17	16620734	240
ENSG00000170160	CCDC144A	17	16666571	241
ENSG00000290976	USP32P1	17	16786892	242
ENSG00000288235	FAM106C	17	16788743	243
ENSG00000133030	MPRIP	17	17042455	244
ENSG00000179598	PLD6	17	17200990	245
ENSG00000154803	FLCN	17	17206946	246
ENSG00000141030	COPS3	17	17246616	247
ENSG00000141026	MED9	17	17477000	248
ENSG00000108551	RASD1	17	17494437	249
ENSG00000133027	PEMT	17	17505561	250
ENSG00000108557	RAI1	17	17681376	251
ENSG00000226746	SMCR5	17	17776686	252
ENSG00000072310	SREBF1	17	17811334	253
ENSG00000175662	TOM1L2	17	17843508	254
ENSG00000171962	DRC3	17	17972766	255
ENSG00000171953	ATPAF2	17	18015059	256
ENSG00000141034	GID4	17	18039408	257
ENSG00000108591	DRG2	17	18087885	258
ENSG00000091536	MYO15A	17	18108756	259
ENSG00000091542	ALKBH5	17	18183828	260
ENSG00000131899	LLGL1	17	18225593	261
ENSG00000177731	FLII	17	18244815	262
ENSG00000177427	MIEF2	17	18260662	263
ENSG00000177302	TOP3A	17	18269958	264
ENSG00000176994	SMCR8	17	18315293	265
ENSG00000176974	SHMT1	17	18327860	266
ENSG00000283772	MIR6778	17	18340814	267
ENSG00000290659	USP32P2	17	18511262	268
ENSG00000273018	FAM106A	17	18524566	269
ENSG00000291090	CCDC144BP	17	18537800	270
ENSG00000290687	ZNF286B	17	18658429	271
ENSG00000240445	FOXO3B	17	18667629	272
ENSG00000291110	TRIM16L	17	18697998	273
ENSG00000171931	FBXW10	17	18744024	274
ENSG00000171928	TVP23B	17	18780995	275
ENSG00000250111	LOC101929141	17	18835664	276
ENSG00000141127	PRPSAP2	17	18856299	277
ENSG00000154025	SLC5A10	17	18950676	278
ENSG00000188522	FAM83G	17	18968789	279
ENSG00000154016	GRAP	17	19020656	280
ENSG00000281000	SNORD3D	17	19112420	281
ENSG00000189152	GRAPL	17	19123189	282
ENSG00000072134	EPN2	17	19237377	283
ENSG00000235397	EPN2-AS1	17	19296596	284
ENSG00000108641	B9D1	17	19334695	285
ENSG00000166484	MAPK7	17	19377721	286
ENSG00000166482	MFAP4	17	19383445	287
ENSG00000128482	RNF112	17	19406979	288
ENSG00000142494	SLC47A1	17	19533854	289
ENSG00000072210	ALDH3A2	17	19648150	290
ENSG00000180638	SLC47A2	17	19678292	291
ENSG00000083290	ULK2	17	19770828	292
ENSG00000108599	AKAP10	17	19904302	293
ENSG00000128487	SPECC1	17	20009301	294
ENSG00000124422	USP22	17	20999596	295
ENSG00000109016	DHRS7B	17	21123368	296
ENSG00000178307	TMEM11	17	21197950	297
ENSG00000274180	NATD1	17	21238870	298
ENSG00000034152	MAP2K3	17	21284679	299
ENSG00000212719	LINC02693	17	21528310	300
ENSG00000290919	UBBP4	17	22202995	301
ENSG00000109046	WSB1	17	27294080	302
ENSG00000141068	KSR1	17	27456441	303
ENSG00000168961	LGALS9	17	27631172	304
ENSG00000232859	LYRM9	17	27878314	305
ENSG00000087095	NLK	17	28042647	306
ENSG00000109084	TMEM97	17	28319041	307
ENSG00000109083	IFT20	17	28328325	308
ENSG00000109079	TNFAIP1	17	28335671	309
ENSG00000004142	POLDIP2	17	28346628	310
ENSG00000244045	TMEM199	17	28357647	311
ENSG00000109072	VTN	17	28367284	312
ENSG00000004139	SARM1	17	28371694	313
ENSG00000076351	SLC46A1	17	28394642	314
ENSG00000109103	UNC119	17	28546707	315
ENSG00000087111	PIGS	17	28553387	316
ENSG00000109107	ALDOC	17	28573115	317
ENSG00000076382	SPAG5	17	28577574	318
ENSG00000167524	RSKR	17	28607963	319
ENSG00000007202	BLTP2	17	28614440	320
ENSG00000132581	SDF2	17	28648346	321
ENSG00000109111	SUPT6H	17	28662183	322
ENSG00000167525	PROCA1	17	28703197	323
ENSG00000109113	RAB34	17	28714281	324
ENSG00000198242	RPL23A	17	28719985	325
ENSG00000160606	TLCD1	17	28724024	326
ENSG00000160602	NEK8	17	28728788	327
ENSG00000076604	TRAF4	17	28744004	328
ENSG00000173065	FAM222B	17	28755979	329
ENSG00000132591	ERAL1	17	28855016	330
ENSG00000132589	FLOT2	17	28879339	331
ENSG00000167536	DHRS13	17	28897781	332
ENSG00000109118	PHF12	17	28905250	333
ENSG00000265845	LOC101927018	17	28926275	334
ENSG00000063015	SEZ6	17	28954905	335
ENSG00000179761	PIPOX	17	29043141	336
ENSG00000196535	MYO18A	17	29071122	337
ENSG00000108255	CRYBA1	17	29246857	338
ENSG00000108256	NUFIP2	17	29255839	339
ENSG00000160551	TAOK1	17	29390925	340
ENSG00000168792	ABHD15	17	29560547	341
ENSG00000167543	TP53I13	17	29567180	342
ENSG00000108262	GIT1	17	29573475	343
ENSG00000141298	SSH2	17	29625938	344
ENSG00000126653	NSRP1	17	30116807	345
ENSG00000108578	BLMH	17	30248203	346
ENSG00000108582	CPD	17	30378927	347
ENSG00000108587	GOSR1	17	30477402	348
ENSG00000176390	CRLF3	17	30782684	349
ENSG00000176208	ATAD5	17	30830830	350
ENSG00000172171	TEFM	17	30898983	351
ENSG00000184060	ADAP2	17	30921736	352
ENSG00000181481	RNF135	17	30968642	353
ENSG00000264743	DPRXP4	17	30975335	354
ENSG00000291063	LOC107984974	17	31007181	355
ENSG00000196712	NF1	17	31094927	356
ENSG00000126861	LOC101927057	17	31272011	357
ENSG00000185862	EVI2B	17	31303770	358
ENSG00000126860	EVI2A	17	31316410	359
ENSG00000131242	RAB11FIP4	17	31391675	360
ENSG00000172301	COPRS	17	31851871	361
ENSG00000108651	UTP6	17	31860904	362
ENSG00000178691	SUZ12	17	31937007	363
ENSG00000185158	LRRC37B	17	32007383	364
ENSG00000126858	RHOT1	17	32142454	365
ENSG00000108666	C17orf75	17	32328441	366
ENSG00000010244	ZNF207	17	32350138	367
ENSG00000108671	PSMD11	17	32444510	368
ENSG00000176749	CDK5R1	17	32485028	369
ENSG00000176658	MYO1D	17	32492522	370
ENSG00000006042	TMEM98	17	32927910	371
ENSG00000108691	CCL2	17	34255285	372
ENSG00000132141	CCT6B	17	34927861	373
ENSG00000198783	ZNF830	17	34961540	374
ENSG00000005156	LIG3	17	34980498	375
ENSG00000092871	RFFL	17	35005990	376
ENSG00000185379	RAD51D	17	35092221	377
ENSG00000073536	NLE1	17	35128730	378
ENSG00000166750	SLFN5	17	35243072	379
ENSG00000172716	SLFN11	17	35350305	380
ENSG00000172123	SLFN12	17	35407171	381
ENSG00000154760	SLFN13	17	35435096	382
ENSG00000205045	SLFN12L	17	35474920	383
ENSG00000236320	SLFN14	17	35543985	384
ENSG00000108733	PEX12	17	35574795	385
ENSG00000006125	AP2B1	17	35587265	386
ENSG00000270885	RASL10B	17	35731639	387
ENSG00000270647	TAF15	17	35809484	388
ENSG00000270379	HEATR9	17	35854946	389
ENSG00000271503	CCL5	17	35871491	390
ENSG00000275152	CCL16	17	35976493	391
ENSG00000276409	CCL14	17	35983288	392
ENSG00000275718	CCL15	17	35997582	393
ENSG00000274736	CCL23	17	36013056	394
ENSG00000275385	CCL18	17	36064272	395
ENSG00000277632	CCL3	17	36088256	396
ENSG00000275302	CCL4	17	36103827	397
ENSG00000274808	TBC1D3B	17	36165681	398
ENSG00000276085	CCL3L3	17	36194869	399
ENSG00000276070	CCL4L2	17	36211063	400
ENSG00000274933	TBC1D3I	17	36253639	401
ENSG00000260287	TBC1D3G	17	36322242	402
ENSG00000274226	TBC1D3H	17	36377475	403
ENSG00000275954	TBC1D3F	17	36428612	404
ENSG00000273611	ZNHIT3	17	36486627	405
ENSG00000278259	MYO19	17	36495636	406
ENSG00000277161	PIGW	17	36534762	407
ENSG00000278311	GGNBP2	17	36544913	408
ENSG00000278535	DHRS11	17	36591846	409
ENSG00000278619	MRM1	17	36601583	410
ENSG00000275700	AATF	17	36948954	411
ENSG00000278540	ACACA	17	37084992	412
ENSG00000278505	C17orf78	17	37375332	413
ENSG00000276234	TADA2A	17	37406877	414
ENSG00000276023	DUSP14	17	37488561	415
ENSG00000275066	SYNRG	17	37514807	416
ENSG00000278053	DDX52	17	37609739	417
ENSG00000275410	HNF1B	17	37686431	418
ENSG00000273513	TBC1D3K	17	37923805	419
ENSG00000274512	TBC1D3L	17	37978155	420
ENSG00000274419	TBC1D3D	17	38004033	421
ENSG00000278299	TBC1D3C	17	38057693	422
ENSG00000278599	TBC1D3E	17	38118408	423
ENSG00000274611	TBC1D3	17	38181476	424
ENSG00000291088	NPEPPSP1	17	38195740	425
ENSG00000278845	MRPL45	17	38297023	426
ENSG00000277399	GPR179	17	38324571	427
ENSG00000274211	SOCS7	17	38351844	428
ENSG00000275832	ARHGAP23	17	38419286	429
ENSG00000277363	SRCIN1	17	38530015	430
ENSG00000273604	EPOP	17	38671703	431
ENSG00000275023	MLLT6	17	38705273	432
ENSG00000277972	CISD3	17	38730341	433
ENSG00000277258	PCGF2	17	38733898	434
ENSG00000277791	PSMB3	17	38752741	435
ENSG00000276293	PIP4K2B	17	38765691	436
ENSG00000273559	CWC25	17	38800434	437
ENSG00000125691	RPL23	17	38847860	438
ENSG00000199293	SNORA21	17	38852863	439
ENSG00000002834	LASP1	17	38869859	440
ENSG00000263874	LINC00672	17	38925168	441
ENSG00000161381	PLXDC1	17	39063313	442
ENSG00000067191	CACNB1	17	39173453	443
ENSG00000108298	RPL19	17	39200283	444
ENSG00000108306	FBXL20	17	39252663	445
ENSG00000125686	MED1	17	39404285	446
ENSG00000167258	CDK12	17	39461486	447
ENSG00000131748	STARD3	17	39637080	448
ENSG00000161395	PGAP3	17	39671122	449
ENSG00000141736	ERBB2	17	39688084	450
ENSG00000141741	MIEN1	17	39728500	451
ENSG00000141738	GRB7	17	39737938	452
ENSG00000161405	IKZF3	17	39757715	453
ENSG00000073605	GSDMB	17	39904595	454
ENSG00000172057	ORMDL3	17	39921041	455
ENSG00000204913	LRRC3C	17	39927722	456
ENSG00000108344	PSMD3	17	39980807	457
ENSG00000008838	MED24	17	40019104	458
ENSG00000126351	THRA	17	40062193	459
ENSG00000126368	NR1D1	17	40092793	460
ENSG00000188895	MSL1	17	40121971	461
ENSG00000108349	CASC3	17	40140506	462
ENSG00000108352	RAPGEFL1	17	40177010	463
ENSG00000171475	WIPF2	17	40219304	464
ENSG00000094804	CDC6	17	40287878	465
ENSG00000131759	RARA	17	40309180	466
ENSG00000265666	RARA-AS1	17	40340867	467
ENSG00000183153	GJD3	17	40360652	468
ENSG00000131747	TOP2A	17	40388525	469
ENSG00000141753	IGFBP4	17	40443450	470
ENSG00000126353	CCR7	17	40553769	471
ENSG00000073584	SMARCE1	17	40624962	472
ENSG00000213424	KRT222	17	40654665	473
ENSG00000186395	KRT10	17	40818117	474
ENSG00000167920	KRT10-AS1	17	40819145	475
ENSG00000171345	KRT19	17	41523617	476
ENSG00000173812	EIF1	17	41688885	477
ENSG00000173805	HAP1	17	41717739	478
ENSG00000173801	JUP	17	41754607	479
ENSG00000141696	P3H4	17	41801952	480
ENSG00000141756	FKBP10	17	41812938	481
ENSG00000141698	NT5C3B	17	41825057	482
ENSG00000178502	KLHL11	17	41848514	483
ENSG00000131473	ACLY	17	41866916	484
ENSG00000173786	CNP	17	41966795	485
ENSG00000168259	DNAJC7	17	41976421	486
ENSG00000168256	NKIRAS2	17	42017576	487
ENSG00000108771	DHX58	17	42101404	488
ENSG00000108773	KAT2A	17	42113111	489
ENSG00000108774	RAB5C	17	42124979	490
ENSG00000167925	GHDC	17	42189087	491
ENSG00000173757	STAT5B	17	42199177	492
ENSG00000126561	STAT5A	17	42287547	493
ENSG00000168610	STAT3	17	42313324	494
ENSG00000177469	CAVIN1	17	42402449	495
ENSG00000033627	ATP6V0A1	17	42458874	496
ENSG00000108784	NAGLU	17	42534238	497
ENSG00000266962	HSD17B1-AS1	17	42552436	498
ENSG00000068120	COASY	17	42562148	499
ENSG00000108788	MLX	17	42567060	500
ENSG00000131470	PSMC3IP	17	42572310	501
ENSG00000141699	RETREG3	17	42579508	502
ENSG00000131462	TUBG1	17	42609390	503
ENSG00000037042	TUBG2	17	42659284	504
ENSG00000068137	PLEKHH3	17	42667914	505
ENSG00000108797	CNTNAP1	17	42679767	506
ENSG00000108799	EZH1	17	42700275	507
ENSG00000197291	RAMP2-AS1	17	42753914	508
ENSG00000131477	RAMP2	17	42761227	509
ENSG00000131475	VPS25	17	42773449	510
ENSG00000126562	WNK4	17	42779701	511
ENSG00000183978	COA3	17	42797625	512
ENSG00000176563	CNTD1	17	42798749	513
ENSG00000126581	BECN1	17	42810132	514
ENSG00000131467	PSME3	17	42833397	515
ENSG00000131480	AOC2	17	42844580	516
ENSG00000131471	AOC3	17	42851182	517
ENSG00000291070	AOC4P	17	42867145	518
ENSG00000213373	LINC00671	17	42874674	519
ENSG00000131482	G6PC1	17	42900799	520
ENSG00000108825	PTGES3L-AARSD1	17	42950526	521
ENSG00000266967	AARSD1	17	42950526	522
ENSG00000198863	RUNDC1	17	42980516	523
ENSG00000131469	RPL27	17	42998273	524
ENSG00000068079	IFI35	17	43006784	525
ENSG00000108828	VAT1	17	43014607	526
ENSG00000108830	RND2	17	43025231	527
ENSG00000012048	BRCA1	17	43044295	528
ENSG00000198496	NBR2	17	43125557	529
ENSG00000188554	NBR1	17	43170310	530
ENSG00000184988	TMEM106A	17	43211875	531
ENSG00000236383	CCDC200	17	43221417	532
ENSG00000188825	LINC00910	17	43369845	533
ENSG00000175906	ARL4D	17	43398993	534
ENSG00000267151	MIR2117HG	17	43444707	535
ENSG00000067596	DHX8	17	43483865	536
ENSG00000175832	ETV4	17	43527843	537
ENSG00000108861	DUSP3	17	43766125	538
ENSG00000161647	MPP3	17	43800799	539
ENSG00000161649	CD300LG	17	43847097	540
ENSG00000161653	NAGS	17	44004546	541
ENSG00000091947	TMEM101	17	44011188	542
ENSG00000161654	LSM12	17	44034328	543
ENSG00000141349	G6PC3	17	44070700	544
ENSG00000108840	HDAC5	17	44076753	545
ENSG00000125319	HROB	17	44141930	546
ENSG00000161664	ASB16	17	44170704	547
ENSG00000267080	ASB16-AS1	17	44175973	548
ENSG00000168591	TMUB2	17	44186951	549
ENSG00000087152	ATXN7L3	17	44191805	550
ENSG00000260793	ATXN7L3-AS1	17	44198737	551
ENSG00000108312	UBTF	17	44205036	552
ENSG00000013306	SLC25A39	17	44319625	553
ENSG00000030582	GRN	17	44345086	554
ENSG00000186566	GPATCH8	17	44395277	555
ENSG00000180336	MEIOC	17	44656417	556
ENSG00000180329	CCDC43	17	44677437	557
ENSG00000161692	DBF4B	17	44708581	558
ENSG00000182963	GJC1	17	44794988	559
ENSG00000108883	EFTUD2	17	44849948	560
ENSG00000172992	DCAKD	17	45023338	561
ENSG00000136448	NMT1	17	45061317	562
ENSG00000161714	PLCD3	17	45108959	563
ENSG00000181513	ACBD4	17	45132600	564
ENSG00000186834	HEXIM1	17	45148475	565
ENSG00000168517	HEXIM2	17	45159948	566
ENSG00000267288	LOC105371795	17	45168805	567
ENSG00000184922	FMNL1	17	45220268	568
ENSG00000006062	MAP3K14	17	45263119	569
ENSG00000159314	ARHGAP27	17	45393902	570
ENSG00000225190	PLEKHM1	17	45434262	571
ENSG00000204650	LINC02210	17	45620329	572
ENSG00000186868	MAPT	17	45894382	573
ENSG00000279685	MAPT-IT1	17	45895783	574
ENSG00000120071	KANSL1	17	46027335	575
ENSG00000214401	KANSL1-AS1	17	46193573	576
ENSG00000228696	ARL17B	17	46274184	577
ENSG00000176681	LRRC37A	17	46295131	578
ENSG00000185829	ARL17A	17	46500213	579
ENSG00000238083	LRRC37A2	17	46512710	580
ENSG00000073969	NSF	17	46590669	581
ENSG00000108379	WNT3	17	46762506	582
ENSG00000108433	GOSR2	17	46923108	583
ENSG00000004897	CDC27	17	47117703	584
ENSG00000259207	ITGB3	17	47253842	585
ENSG00000178852	EFCAB13	17	47323955	586
ENSG00000141279	NPEPPS	17	47522933	587
ENSG00000263766	KPNB1-DT	17	47621977	588
ENSG00000108424	KPNB1	17	47649919	589
ENSG00000198933	TBKBP1	17	47694065	590
ENSG00000073861	TBX21	17	47733236	591
ENSG00000006025	OSBPL7	17	47807367	592
ENSG00000159111	MRPL10	17	47823272	593
ENSG00000141294	LRRC46	17	47831670	594
ENSG00000141295	SCRN2	17	47837691	595
ENSG00000264920	SP2-DT	17	47891229	596
ENSG00000167182	SP2	17	47896032	597
ENSG00000234494	SP2-AS1	17	47898386	598
ENSG00000108439	PNPO	17	47941524	599
ENSG00000167183	PRR15L	17	47951967	600
ENSG00000108465	CDK5RAP3	17	47967904	601
ENSG00000005243	COPZ2	17	48026167	602
ENSG00000082641	NFE2L1	17	48048359	603
ENSG00000108468	CBX1	17	48070059	604
ENSG00000002919	SNX11	17	48107533	605
ENSG00000141293	SKAP1	17	48133438	606
ENSG00000235300	SKAP1-AS2	17	48294347	607
ENSG00000173917	HOXB2	17	48542655	608
ENSG00000120093	HOXB3	17	48548870	609
ENSG00000182742	HOXB4	17	48575507	610
ENSG00000136436	CALCOCO2	17	48831035	611
ENSG00000248278	LOC105371814	17	48874860	612
ENSG00000159199	ATP5MC1	17	48892787	613
ENSG00000159202	UBE2Z	17	48908407	614
ENSG00000159210	SNF8	17	48929316	615
ENSG00000108798	ABI3	17	49210227	616
ENSG00000173868	PHOSPHO1	17	49223366	617
ENSG00000198740	ZNF652	17	49289206	618
ENSG00000167085	PHB1	17	49404048	619
ENSG00000064300	NGFR	17	49495293	620
ENSG00000121067	SPOP	17	49598884	621
ENSG00000121073	SLC35B1	17	49700943	622
ENSG00000121104	FAM117A	17	49710329	623
ENSG00000136504	KAT7	17	49788681	624
ENSG00000176358	TAC4	17	49838309	625
ENSG00000005884	ITGA3	17	50056065	626
ENSG00000005882	PDK2	17	50094737	627
ENSG00000167100	SAMD14	17	50110040	628
ENSG00000108819	PPP1R9B	17	50133737	629
ENSG00000108821	COL1A1	17	50184096	630
ENSG00000167105	TMEM92	17	50271406	631
ENSG00000015532	XYLT2	17	50346126	632
ENSG00000108826	MRPL27	17	50367867	633
ENSG00000154920	EME1	17	50373220	634
ENSG00000108829	LRRC59	17	50381238	635
ENSG00000167107	ACSF2	17	50426158	636
ENSG00000136457	CHAD	17	50464492	637
ENSG00000136444	RSAD1	17	50478800	638
ENSG00000006282	SPATA20	17	50547089	639
ENSG00000108846	ABCC3	17	50634881	640
ENSG00000154945	ANKRD40	17	50693195	641
ENSG00000108848	LUC7L3	17	50719565	642
ENSG00000141232	TOB1	17	50862223	643
ENSG00000229980	TOB1-AS1	17	50866679	644
ENSG00000008294	SPAG9	17	50962174	645
ENSG00000011052	NME1-NME2	17	51153559	646
ENSG00000239672	NME1	17	51153559	647
ENSG00000243678	NME2	17	51165536	648
ENSG00000011258	MBTD1	17	51177419	649
ENSG00000011260	UTP18	17	51260546	650
ENSG00000141198	TOM1L1	17	54900691	651
ENSG00000166260	COX11	17	54951898	652
ENSG00000166263	STXBP4	17	54968728	653
ENSG00000108924	HLF	17	55264960	654
ENSG00000108960	MMD	17	55392617	655
ENSG00000166292	TMEM100	17	55719627	656
ENSG00000141179	PCTP	17	55750979	657
ENSG00000214226	C17orf67	17	56791913	658
ENSG00000153933	DGKE	17	56834131	659
ENSG00000121060	TRIM25	17	56887909	660
ENSG00000121058	COIL	17	56938199	661
ENSG00000121064	SCPEP1	17	56978129	662
ENSG00000121057	AKAP1	17	57085246	663
ENSG00000153944	MSI2	17	57255851	664
ENSG00000181610	MRPS23	17	57834781	665
ENSG00000180891	CUEDC1	17	57861243	666
ENSG00000136451	VEZF1	17	57971547	667
ENSG00000136450	SRSF1	17	58000919	668
ENSG00000264364	DYNLL2	17	58083419	669
ENSG00000011143	MKS1	17	58205436	670
ENSG00000005379	TSPOAP1	17	58301231	671
ENSG00000265148	TSPOAP1-AS1	17	58325450	672
ENSG00000213246	SUPT4H1	17	58345178	673
ENSG00000108375	RNF43	17	58352500	674
ENSG00000176160	HSF5	17	58420167	675
ENSG00000108389	MTMR4	17	58489533	676
ENSG00000264672	SEPTIN4-AS1	17	58519837	677
ENSG00000108387	SEPTIN4	17	58520250	678
ENSG00000121101	TEX14	17	58556677	679
ENSG00000108384	RAD51C	17	58692140	680
ENSG00000175175	PPM1E	17	58755854	681
ENSG00000108395	TRIM37	17	58968010	682
ENSG00000182628	SKA2	17	59109857	683
ENSG00000068489	PRR11	17	59155355	684
ENSG00000167447	SMG8	17	59210010	685
ENSG00000153982	GDPD1	17	59220470	686
ENSG00000175155	YPEL2	17	59331655	687
ENSG00000108406	DHX40	17	59565563	688
ENSG00000141367	CLTC	17	59619689	689
ENSG00000141378	PTRH2	17	59697306	690
ENSG00000062716	VMP1	17	59707654	691
ENSG00000108423	TUBD1	17	59859467	692
ENSG00000108443	RPS6KB1	17	59893046	693
ENSG00000189050	RNFT1	17	59952240	694
ENSG00000267104	TBC1D3P1-DHX40P1	17	59962363	695
ENSG00000267302	RNFT1-DT	17	59965096	696
ENSG00000068097	HEATR6	17	60041008	697
ENSG00000280852	LOC653653	17	60101760	698
ENSG00000167434	CA4	17	60149942	699
ENSG00000170832	USP32	17	60177231	700
ENSG00000062725	APPBP2	17	60443149	701
ENSG00000170836	PPM1D	17	60600187	702
ENSG00000141376	BCAS3	17	60677851	703
ENSG00000121068	TBX2	17	61399843	704
ENSG00000136492	BRIP1	17	61679139	705
ENSG00000108506	INTS2	17	61865367	706
ENSG00000108510	MED13	17	61942605	707
ENSG00000087995	METTL2A	17	62423876	708
ENSG00000146872	TLK2	17	62470908	709
ENSG00000011028	MRC2	17	62627670	710
ENSG00000170921	TANC2	17	62966235	711
ENSG00000008283	CYB561	17	63432304	712
ENSG00000159640	ACE	17	63477061	713
ENSG00000136485	DCAF7	17	63550477	714
ENSG00000136463	TACO1	17	63600895	715
ENSG00000198909	MAP3K3	17	63622209	716
ENSG00000136490	LIMD2	17	63695888	717
ENSG00000266173	STRADA	17	63702832	718
ENSG00000108588	CCDC47	17	63745255	719
ENSG00000198231	DDX42	17	63773856	720
ENSG00000108592	FTSJ3	17	63819433	721
ENSG00000087191	PSMC5	17	63827431	722
ENSG00000108604	SMARCD2	17	63832081	723
ENSG00000007312	CD79B	17	63928740	724
ENSG00000224383	PRR29	17	63998351	725
ENSG00000108622	ICAM2	17	64002595	726
ENSG00000178607	ERN1	17	64039142	727
ENSG00000136478	TEX2	17	64147227	728
ENSG00000261371	PECAM1	17	64319415	729
ENSG00000271605	MILR1	17	64449006	730
ENSG00000256525	POLG2	17	64477785	731
ENSG00000108654	DDX5	17	64498254	732
ENSG00000284564	MIR3064	17	64500774	733
ENSG00000284368	MIR5047	17	64501214	734
ENSG00000258890	CEP95	17	64506760	735
ENSG00000108854	SMURF2	17	64542282	736
ENSG00000215769	ARHGAP27P1-BPTFP1-KPNA2P3	17	64749662	737
ENSG00000291117	PLEKHM1P1	17	64784841	738
ENSG00000176809	LRRC37A3	17	64854134	739
ENSG00000291140	AMZ2P1	17	64966550	740
ENSG00000120063	GNA13	17	65009289	741
ENSG00000108370	RGS9	17	65137370	742
ENSG00000168646	AXIN2	17	65528563	743
ENSG00000154240	CEP112	17	65635537	744
ENSG00000091583	APOH	17	66212033	745
ENSG00000154229	PRKCA	17	66302613	746
ENSG00000198265	HELZ	17	67070444	747
ENSG00000197170	PSMD12	17	67337916	748
ENSG00000154217	PITPNC1	17	67377281	749
ENSG00000130935	NOL11	17	67717833	750
ENSG00000200394	SNORA38B	17	67740670	751
ENSG00000171634	BPTF	17	67825503	752
ENSG00000186665	C17orf58	17	67991099	753
ENSG00000182481	KPNA2	17	68035735	754
ENSG00000196704	AMZ2	17	68205486	755
ENSG00000141337	ARSG	17	68259170	756
ENSG00000108932	SLC16A6	17	68267026	757
ENSG00000108946	PRKAR1A	17	68413623	758
ENSG00000070540	WIPI1	17	68421281	759
ENSG00000108950	FAM20A	17	68530276	760
ENSG00000267659	LINC01482	17	68628154	761
ENSG00000141338	ABCA8	17	68867285	762
ENSG00000154258	ABCA9	17	68974488	763
ENSG00000231749	ABCA9-AS1	17	69004714	764
ENSG00000154262	ABCA6	17	69062044	765
ENSG00000265331	MIR4524B	17	69099542	766
ENSG00000283385	MIR4524A	17	69099564	767
ENSG00000154263	ABCA10	17	69148007	768
ENSG00000278873	PRO1804	17	69232975	769
ENSG00000154265	ABCA5	17	69244311	770
ENSG00000108984	MAP2K6	17	69414697	771
ENSG00000153822	KCNJ16	17	70075225	772
ENSG00000123700	KCNJ2	17	70169532	773
ENSG00000256124	LINC01152	17	72030654	774
ENSG00000234899	SOX9-AS1	17	72071042	775
ENSG00000125398	SOX9	17	72121020	776
ENSG00000133195	SLC39A11	17	72645949	777
ENSG00000180616	SSTR2	17	73165010	778
ENSG00000166685	COG1	17	73193055	779
ENSG00000133193	FAM104A	17	73207353	780
ENSG00000141219	C17orf80	17	73232433	781
ENSG00000179604	CDC42EP4	17	73283624	782
ENSG00000069188	SDK2	17	73334384	783
ENSG00000172809	RPL38	17	74203678	784
ENSG00000246731	MGC16275	17	74209980	785
ENSG00000141540	TTYH2	17	74213571	786
ENSG00000170412	GPRC5C	17	74431350	787
ENSG00000167851	CD300A	17	74466373	788
ENSG00000167850	CD300C	17	74534359	789
ENSG00000186407	CD300E	17	74609885	790
ENSG00000172794	RAB37	17	74671131	791
ENSG00000186074	CD300LF	17	74694308	792
ENSG00000109062	NHERF1	17	74748628	793
ENSG00000109065	NAT9	17	74770529	794
ENSG00000109066	TMEM104	17	74776499	795
ENSG00000161513	FDXR	17	74862497	796
ENSG00000172782	FADS6	17	74877302	797
ENSG00000167861	HID1	17	74950742	798
ENSG00000109089	CDR2L	17	74987632	799
ENSG00000167862	MRPL58	17	75012670	800
ENSG00000180901	KCTD2	17	75032571	801
ENSG00000167863	ATP5PD	17	75038863	802
ENSG00000170190	SLC16A5	17	75087765	803
ENSG00000125449	ARMC7	17	75109969	804
ENSG00000125458	NT5C	17	75130225	805
ENSG00000189159	JPT1	17	75135243	806
ENSG00000188612	SUMO2	17	75165586	807
ENSG00000125450	NUP85	17	75205436	808
ENSG00000125447	GGA3	17	75225464	809
ENSG00000125445	MRPS7	17	75261879	810
ENSG00000125457	MIF4GD	17	75266228	811
ENSG00000125454	SLC25A19	17	75272980	812
ENSG00000177885	GRB2	17	75318076	813
ENSG00000177728	TMEM94	17	75441159	814
ENSG00000177303	CASKIN2	17	75500261	815
ENSG00000182173	TSEN54	17	75516528	816
ENSG00000073350	LLGL2	17	75525080	817
ENSG00000266714	MYO15B	17	75587545	818
ENSG00000108469	RECQL5	17	75626845	819
ENSG00000204323	SMIM5	17	75633434	820
ENSG00000259120	SMIM6	17	75646251	821
ENSG00000161526	SAP30BP	17	75667116	822
ENSG00000132470	ITGB4	17	75721339	823
ENSG00000108479	GALK1	17	75757894	824
ENSG00000132475	H3-3B	17	75776434	825
ENSG00000132478	UNK	17	75784771	826
ENSG00000092929	UNC13D	17	75827225	827
ENSG00000132471	WBP2	17	75845699	828
ENSG00000132481	TRIM47	17	75874164	829
ENSG00000141569	TRIM65	17	75880379	830
ENSG00000204316	MRPL38	17	75898644	831
ENSG00000188878	FBF1	17	75909574	832
ENSG00000161533	ACOX1	17	75941507	833
ENSG00000261408	TEN1-CDK3	17	75979217	834
ENSG00000257949	TEN1	17	75979240	835
ENSG00000250506	CDK3	17	76000906	836
ENSG00000167881	SRP68	17	76038775	837
ENSG00000182687	GALR2	17	76070824	838
ENSG00000186919	ZACN	17	76079182	839
ENSG00000182473	EXOC7	17	76080993	840
ENSG00000141576	RNF157	17	76142456	841
ENSG00000185262	UBALD2	17	76265348	842
ENSG00000129646	QRICH2	17	76271296	843
ENSG00000161542	PRPSAP1	17	76309478	844
ENSG00000175931	UBE2O	17	76389456	845
ENSG00000129667	RHBDF2	17	76470893	846
ENSG00000161544	CYGB	17	76527356	847
ENSG00000214140	PRCD	17	76527586	848
ENSG00000163597	SNHG16	17	76557764	849
ENSG00000070731	ST6GALNAC2	17	76565377	850
ENSG00000182534	MXRA7	17	76672551	851
ENSG00000070495	JMJD6	17	76712830	852
ENSG00000181038	METTL23	17	76725876	853
ENSG00000161547	SRSF2	17	76734115	854
ENSG00000092931	MFSD11	17	76736565	855
ENSG00000234912	SNHG20	17	77088643	856
ENSG00000129657	SEC14L1	17	77088685	857
ENSG00000275143	SCARNA16	17	77089307	858
ENSG00000284250	MIR6516	17	77089417	859
ENSG00000184640	SEPTIN9	17	77281499	860
ENSG00000078687	TNRC6C	17	77958853	861
ENSG00000141524	TMC6	17	78108775	862
ENSG00000167895	TMC8	17	78129298	863
ENSG00000108639	SYNGR2	17	78168545	864
ENSG00000167900	TK1	17	78174079	865
ENSG00000183077	AFMID	17	78185102	866
ENSG00000184557	SOCS3	17	78356777	867
ENSG00000087157	PGS1	17	78378623	868
ENSG00000187775	DNAH17	17	78423697	869
ENSG00000108669	CYTH1	17	78674047	870
ENSG00000055483	USP36	17	78787381	871
ENSG00000035862	TIMP2	17	78852977	872
ENSG00000178404	CEP295NL	17	78890579	873
ENSG00000108679	LGALS3BP	17	78971255	874
ENSG00000171302	CANT1	17	78991716	875
ENSG00000173918	C1QTNF1	17	79022934	876
ENSG00000167280	ENGASE	17	79074812	877
ENSG00000267719	LINC02078	17	79707266	878
ENSG00000182156	ENPP7	17	79730919	879
ENSG00000141570	CBX8	17	79792132	880
ENSG00000141582	CBX4	17	79833156	881
ENSG00000167291	TBC1D16	17	79932343	882
ENSG00000141519	CCDC40	17	80036632	883
ENSG00000171298	GAA	17	80101535	884
ENSG00000141543	EIF4A3	17	80134369	885
ENSG00000141527	CARD14	17	80169992	886
ENSG00000181523	SGSH	17	80200668	887
ENSG00000181045	SLC26A11	17	80220287	888
ENSG00000173821	RNF213	17	80260820	889
ENSG00000263069	RNF213-AS1	17	80351830	890
ENSG00000173818	ENDOV	17	80415117	891
ENSG00000141564	RPTOR	17	80544838	892
ENSG00000262833	LOC101928855	17	80801640	893
ENSG00000176108	CHMP6	17	80991841	894
ENSG00000226137	BAIAP2-DT	17	81029133	895
ENSG00000175866	BAIAP2	17	81035131	896
ENSG00000181409	AATK	17	81117295	897
ENSG00000141577	CEP131	17	81189595	898
ENSG00000167302	TEPSIN	17	81228277	899
ENSG00000224877	NDUFAF8	17	81239311	900
ENSG00000157637	SLC38A10	17	81244811	901
ENSG00000266074	BAHCC1	17	81395431	902
ENSG00000184009	ACTG1	17	81509971	903
ENSG00000185504	FAAP100	17	81539891	904
ENSG00000182446	NPLOC4	17	81556885	905
ENSG00000204237	OXLD1	17	81665036	906
ENSG00000185298	CCDC137	17	81666697	907
ENSG00000214087	ARL16	17	81681165	908
ENSG00000185359	HGS	17	81684011	909
ENSG00000262814	MRPL12	17	81703367	910
ENSG00000183048	SLC25A10	17	81712236	911
ENSG00000215644	GCGR	17	81804078	912
ENSG00000225663	MCRIP1	17	81822361	913
ENSG00000185624	P4HB	17	81843159	914
ENSG00000141522	ARHGDIA	17	81867719	915
ENSG00000183684	ALYREF	17	81887835	916
ENSG00000141552	ANAPC11	17	81890790	917
ENSG00000185813	PCYT2	17	81900958	918
ENSG00000187531	SIRT7	17	81911939	919
ENSG00000197063	MAFG	17	81918270	920
ENSG00000183010	PYCR1	17	81932384	921
ENSG00000185269	NOTUM	17	81952507	922
ENSG00000169696	ASPSCR1	17	81977550	923
ENSG00000169689	CENPX	17	82018703	924
ENSG00000169683	LRRC45	17	82023252	925
ENSG00000169750	RAC3	17	82031678	926
ENSG00000169738	DCXR	17	82035858	927
ENSG00000264569	DCXR-DT	17	82037918	928
ENSG00000169733	RFNG	17	82047902	929
ENSG00000169727	GPS1	17	82051465	930
ENSG00000169718	DUS1L	17	82057506	931
ENSG00000169710	FASN	17	82078338	932
ENSG00000176155	CCDC57	17	82101458	933
ENSG00000141526	SLC16A3	17	82217951	934
ENSG00000141551	CSNK1D	17	82239019	935
ENSG00000141574	SECTM1	17	82321024	936
ENSG00000181396	OGFOD3	17	82389210	937
ENSG00000169660	HEXD	17	82418347	938
ENSG00000178927	CYBC1	17	82442586	939
ENSG00000141562	NARF	17	82458198	940
ENSG00000141568	FOXK2	17	82519732	941
ENSG00000141580	WDR45B	17	82614562	942
ENSG00000141542	RAB40B	17	82654973	943
ENSG00000141560	FN3KRP	17	82716706	944
ENSG00000167363	FN3K	17	82735615	945
ENSG00000141556	TBCD	17	82752048	946
ENSG00000141579	ZNF750	17	82829434	947
ENSG00000175711	B3GNTL1	17	82942149	948
ENSG00000176845	METRNL	17	83079609	949
ENSG00000290877	ROCK1P1	18	109065	1
ENSG00000101557	USP14	18	158557	2
ENSG00000079134	THOC1	18	214348	3
ENSG00000158270	COLEC12	18	316737	4
ENSG00000176890	TYMS	18	657653	5
ENSG00000132199	ENOSF1	18	670318	6
ENSG00000176105	YES1	18	721588	7
ENSG00000101574	METTL4	18	2537530	8
ENSG00000101596	SMCHD1	18	2655887	9
ENSG00000132205	EMILIN2	18	2847006	10
ENSG00000101577	LPIN2	18	2916994	11
ENSG00000101605	MYOM1	18	3066807	12
ENSG00000101608	MYL12A	18	3247482	13
ENSG00000264235	MYL12-AS1	18	3255436	14
ENSG00000118680	MYL12B	18	3262113	15
ENSG00000177426	TGIF1	18	3411927	16
ENSG00000263753	LINC00667	18	5238100	17
ENSG00000198081	ZBTB14	18	5289019	18
ENSG00000082397	EPB41L3	18	5392276	19
ENSG00000206432	TMEM200C	18	5882339	20
ENSG00000154655	L3MBTL4	18	5954703	21
ENSG00000088756	ARHGAP28	18	6729716	22
ENSG00000101680	LAMA1	18	6941742	23
ENSG00000173482	PTPRM	18	7567316	24
ENSG00000206418	RAB12	18	8609428	25
ENSG00000168502	MTCL1	18	8706054	26
ENSG00000178127	NDUFV2	18	9102642	27
ENSG00000266053	NDUFV2-AS1	18	9121265	28
ENSG00000101745	ANKRD12	18	9136767	29
ENSG00000128791	TWSG1	18	9334773	30
ENSG00000017797	RALBP1	18	9475513	31
ENSG00000154845	PPP4R1	18	9546794	32
ENSG00000168461	RAB31	18	9708187	33
ENSG00000101558	VAPA	18	9914016	34
ENSG00000154856	APCDD1	18	10454635	35
ENSG00000134265	NAPG	18	10526027	36
ENSG00000154864	PIEZO2	18	10670237	37
ENSG00000141404	GNAL	18	11689015	38
ENSG00000255112	CHMP1B	18	11851413	39
ENSG00000154889	MPPE1	18	11882622	40
ENSG00000141401	IMPA2	18	11981465	41
ENSG00000176014	TUBB6	18	12307669	42
ENSG00000141385	AFG3L2	18	12328944	43
ENSG00000134278	SPIRE1	18	12446512	44
ENSG00000128789	PSMG2	18	12658739	45
ENSG00000101624	CEP76	18	12661956	46
ENSG00000175354	PTPN2	18	12785478	47
ENSG00000085415	SEH1L	18	12947984	48
ENSG00000101639	CEP192	18	12991301	49
ENSG00000168675	LDLRAD4	18	13217604	50
ENSG00000267690	LDLRAD4-AS1	18	13419499	51
ENSG00000177150	FAM210A	18	13663347	52
ENSG00000101654	RNMT	18	13726645	53
ENSG00000175322	ZNF519	18	14071121	54
ENSG00000067900	ROCK1	18	20946906	55
ENSG00000141449	GREB1L	18	21242225	56
ENSG00000141446	ESCO1	18	21529281	57
ENSG00000167088	SNRPD1	18	21612314	58
ENSG00000158201	ABHD3	18	21650897	59
ENSG00000101752	MIB1	18	21740793	60
ENSG00000265142	MIR133A1HG	18	21825479	61
ENSG00000266010	GATA6-AS1	18	22166898	62
ENSG00000141448	GATA6	18	22169437	63
ENSG00000212710	CTAGE1	18	22413599	64
ENSG00000266850	LOC101927571	18	22723491	65
ENSG00000101773	RBBP8	18	22914121	66
ENSG00000134508	CABLES1	18	23134564	67
ENSG00000134490	TMEM241	18	23237252	68
ENSG00000101782	RIOK3	18	23452823	69
ENSG00000141452	RMC1	18	23503470	70
ENSG00000141458	NPC1	18	23506184	71
ENSG00000154065	ANKRD29	18	23598926	72
ENSG00000053747	LAMA3	18	23689443	73
ENSG00000168234	TTC39C	18	23992843	74
ENSG00000154040	CABYR	18	24138956	75
ENSG00000141447	OSBPL1A	18	24162045	76
ENSG00000154059	IMPACT	18	24426670	77
ENSG00000198795	ZNF521	18	25061924	78
ENSG00000141380	SS18	18	26016253	79
ENSG00000141384	TAF4B	18	26226445	80
ENSG00000134504	KCTD1	18	26454910	81
ENSG00000171885	AQP4	18	26852038	82
ENSG00000260372	AQP4-AS1	18	26865308	83
ENSG00000154080	CHST9	18	26906481	84
ENSG00000170558	CDH2	18	27932878	85
ENSG00000134755	DSC2	18	31058840	86
ENSG00000134760	DSG1	18	31318160	87
ENSG00000266729	DSG1-AS1	18	31343368	88
ENSG00000046604	DSG2	18	31498177	89
ENSG00000264859	DSG2-AS1	18	31542146	90
ENSG00000118271	TTR	18	31591767	91
ENSG00000118276	B4GALT6	18	31621036	92
ENSG00000141437	SLC25A52	18	31759562	93
ENSG00000153339	TRAPPC8	18	31829180	94
ENSG00000101695	RNF125	18	32018585	95
ENSG00000134758	RNF138	18	32091858	96
ENSG00000141434	MEP1B	18	32190039	97
ENSG00000141441	GAREM1	18	32263521	98
ENSG00000141431	ASXL3	18	33578219	99
ENSG00000101746	NOL4	18	33851100	100
ENSG00000134769	DTNA	18	34493290	101
ENSG00000166974	MAPRE2	18	34976928	102
ENSG00000186812	ZNF397	18	35240704	103
ENSG00000186814	ZSCAN30	18	35251058	104
ENSG00000257267	ZNF271P	18	35290272	105
ENSG00000172466	ZNF24	18	35332227	106
ENSG00000186496	ZNF396	18	35366694	107
ENSG00000153391	INO80C	18	35468333	108
ENSG00000141429	GALNT1	18	35654569	109
ENSG00000141428	C18orf21	18	35971878	110
ENSG00000141425	RPRD1A	18	35982385	111
ENSG00000141424	SLC39A6	18	36108531	112
ENSG00000134759	ELP2	18	36129899	113
ENSG00000260552	COSMOC	18	36180001	114
ENSG00000075643	MOCOS	18	36187497	115
ENSG00000134775	FHOD3	18	36297713	116
ENSG00000134779	TPGS2	18	36777647	117
ENSG00000150477	KIAA1328	18	36828817	118
ENSG00000267313	KC6	18	41480271	119
ENSG00000078142	PIK3C3	18	41955226	120
ENSG00000267586	LINC00907	18	42186668	121
ENSG00000152217	SETBP1	18	44680072	122
ENSG00000141469	SLC14A1	18	45724127	123
ENSG00000152223	EPG5	18	45800586	124
ENSG00000197046	SIGLEC15	18	45825675	125
ENSG00000152229	PSTPIP2	18	45983536	126
ENSG00000152234	ATP5F1A	18	46080248	127
ENSG00000152240	HAUS1	18	46104385	128
ENSG00000152242	C18orf25	18	46173553	129
ENSG00000141622	RNF165	18	46334018	130
ENSG00000078043	PIAS2	18	46803218	131
ENSG00000167216	KATNAL2	18	46917550	132
ENSG00000288607	ELOA3BP	18	47022287	133
ENSG00000206181	ELOA2	18	47032572	134
ENSG00000167220	HDHD2	18	47107410	135
ENSG00000134049	IER3IP1	18	47152834	136
ENSG00000175387	SMAD2	18	47808957	137
ENSG00000184828	ZBTB7C	18	48026672	138
ENSG00000134030	CTIF	18	48539031	139
ENSG00000101665	SMAD7	18	48919853	140
ENSG00000141627	DYM	18	49041474	141
ENSG00000177576	C18orf32	18	49477243	142
ENSG00000215472	RPL17-C18orf32	18	49481178	143
ENSG00000265681	RPL17	18	49488481	144
ENSG00000271982	SNORD58B	18	49491664	145
ENSG00000101670	LIPG	18	49560699	146
ENSG00000167315	ACAA2	18	49782164	147
ENSG00000267322	SNHG22	18	49814023	148
ENSG00000167306	MYO5B	18	49822789	149
ENSG00000141644	MBD1	18	50266882	150
ENSG00000154832	CXXC1	18	50282343	151
ENSG00000141639	MAPK4	18	50559772	152
ENSG00000134042	MRO	18	50795130	153
ENSG00000082212	ME2	18	50878702	154
ENSG00000141642	ELAC1	18	50968040	155
ENSG00000141646	SMAD4	18	51030213	156
ENSG00000176624	MEX3C	18	51174550	157
ENSG00000134046	MBD2	18	54151606	158
ENSG00000207233	SNORA37	18	54222284	159
ENSG00000101751	POLI	18	54269479	160
ENSG00000166845	C18orf54	18	54357906	161
ENSG00000041353	RAB27B	18	54717842	162
ENSG00000166510	CCDC68	18	54901509	163
ENSG00000196628	TCF4	18	55222185	164
ENSG00000091164	TXNL1	18	56597209	165
ENSG00000091157	WDR7	18	56651359	166
ENSG00000177511	ST8SIA3	18	57352557	167
ENSG00000119547	ONECUT2	18	57435374	168
ENSG00000066926	FECH	18	57544377	169
ENSG00000134440	NARS1	18	57600656	170
ENSG00000267040	ATP8B1-AS1	18	57630331	171
ENSG00000081923	ATP8B1	18	57646426	172
ENSG00000049759	NEDD4L	18	58044226	173
ENSG00000267743	LOC105372143	18	58189834	174
ENSG00000284440	MIR122	18	58451074	175
ENSG00000207778	MIR3591	18	58451080	176
ENSG00000198796	ALPK2	18	58481247	177
ENSG00000267579	LOC105372145	18	58556190	178
ENSG00000172175	MALT1	18	58671420	179
ENSG00000074657	ZNF532	18	58862600	180
ENSG00000166562	SEC11C	18	59139884	181
ENSG00000074695	LMAN1	18	59327823	182
ENSG00000183287	CCBE1	18	59430939	183
ENSG00000101542	CDH20	18	61333430	184
ENSG00000176641	RNF152	18	61808067	185
ENSG00000197563	PIGN	18	62041164	186
ENSG00000134444	RELCH	18	62187255	187
ENSG00000141655	TNFRSF11A	18	62325287	188
ENSG00000141664	ZCCHC2	18	62523025	189
ENSG00000081913	PHLPP1	18	62715445	190
ENSG00000171791	BCL2	18	63123346	191
ENSG00000119537	KDSR	18	63327726	192
ENSG00000119541	VPS4B	18	63389190	193
ENSG00000283667	LOC105372165	18	63966365	194
ENSG00000166401	SERPINB8	18	63970029	195
ENSG00000071991	CDH19	18	66501083	196
ENSG00000171451	DSEL	18	67506587	197
ENSG00000166479	TMX3	18	68673688	198
ENSG00000150636	CCDC102B	18	68715216	199
ENSG00000206052	DOK6	18	69400888	200
ENSG00000150637	CD226	18	69853274	201
ENSG00000176225	RTTN	18	70003031	202
ENSG00000170677	SOCS6	18	70289045	203
ENSG00000266258	LINC01909	18	70335439	204
ENSG00000141665	FBXO15	18	74073343	205
ENSG00000075336	TIMM21	18	74148517	206
ENSG00000166347	CYB5A	18	74250846	207
ENSG00000133313	CNDP2	18	74496363	208
ENSG00000150656	CNDP1	18	74534500	209
ENSG00000215421	ZNF407	18	74590475	210
ENSG00000264247	ZNF407-AS1	18	74591774	211
ENSG00000180011	PTGR3	18	75195108	212
ENSG00000179981	TSHZ1	18	75210797	213
ENSG00000101493	ZNF516	18	76357682	214
ENSG00000130856	ZNF236	18	76822550	215
ENSG00000197971	MBP	18	76978833	216
ENSG00000166377	ATP9B	18	79069285	217
ENSG00000131196	NFATC1	18	79395930	218
ENSG00000060069	CTDP1	18	79679801	219
ENSG00000178342	KCNG2	18	79797963	220
ENSG00000122490	SLC66A2	18	79902420	221
ENSG00000226742	HSBP1L1	18	79964643	222
ENSG00000141759	TXNL4A	18	79970813	223
ENSG00000101546	RBFA	18	80034434	224
ENSG00000101544	ADNP2	18	80109251	225
ENSG00000267270	PARD6G-AS1	18	80147924	226
ENSG00000178184	PARD6G	18	80157232	227
ENSG00000282458	WASH5P	19	60951	1
ENSG00000105556	MIER2	19	305573	2
ENSG00000129946	SHC2	19	416583	3
ENSG00000099804	CDC34	19	531720	4
ENSG00000172270	BSG	19	571283	5
ENSG00000099821	POLRMT	19	617221	6
ENSG00000070423	RNF126	19	647526	7
ENSG00000070404	FSTL3	19	676392	8
ENSG00000099864	PALM	19	708935	9
ENSG00000011304	PTBP1	19	797452	10
ENSG00000129951	PLPPR3	19	810966	11
ENSG00000197766	CFD	19	859664	12
ENSG00000175221	MED16	19	867961	13
ENSG00000198858	R3HDM4	19	896503	14
ENSG00000116017	ARID3A	19	925733	15
ENSG00000065268	WDR18	19	982928	16
ENSG00000182087	TMEM259	19	1009651	17
ENSG00000064666	CNN2	19	1026608	18
ENSG00000064687	ABCA7	19	1040107	19
ENSG00000180448	ARHGAP45	19	1065959	20
ENSG00000099817	POLR2E	19	1086574	21
ENSG00000167468	GPX4	19	1103994	22
ENSG00000064932	SBNO2	19	1107637	23
ENSG00000118046	STK11	19	1205778	24
ENSG00000099624	ATP5F1D	19	1241751	25
ENSG00000167470	MIDN	19	1248552	26
ENSG00000267493	CIRBP-AS1	19	1267471	27
ENSG00000099622	CIRBP	19	1269268	28
ENSG00000228300	FAM174C	19	1275530	29
ENSG00000099617	EFNA2	19	1282817	30
ENSG00000160953	PWWP3A	19	1354959	31
ENSG00000115286	NDUFS7	19	1383904	32
ENSG00000130005	GAMT	19	1397026	33
ENSG00000071626	DAZAP1	19	1407586	34
ENSG00000115268	RPS15	19	1438364	35
ENSG00000115266	APC2	19	1446268	36
ENSG00000119559	C19orf25	19	1473201	37
ENSG00000115255	REEP6	19	1491181	38
ENSG00000185761	ADAMTSL5	19	1505018	39
ENSG00000181588	MEX3D	19	1554669	40
ENSG00000071655	MBD3	19	1573596	41
ENSG00000127540	UQCR11	19	1597169	42
ENSG00000071564	TCF3	19	1609292	43
ENSG00000130270	ATP8B3	19	1782068	44
ENSG00000079313	REXO1	19	1815248	45
ENSG00000267244	LOC100288123	19	1822089	46
ENSG00000129911	KLF16	19	1852399	47
ENSG00000129968	ABHD17A	19	1876810	48
ENSG00000227500	SCAMP4	19	1905399	49
ENSG00000133275	CSNK1G2	19	1941149	50
ENSG00000133243	BTBD2	19	1985438	51
ENSG00000099875	MKNK2	19	2037471	52
ENSG00000172081	MOB3A	19	2071036	53
ENSG00000099840	IZUMO4	19	2096669	54
ENSG00000065000	AP3D1	19	2100988	55
ENSG00000104885	DOT1L	19	2163933	56
ENSG00000104886	PLEKHJ1	19	2229952	57
ENSG00000104897	SF3A2	19	2236824	58
ENSG00000104904	OAZ1	19	2269486	59
ENSG00000130332	LSM7	19	2321521	60
ENSG00000005206	SPPL2B	19	2328571	61
ENSG00000178297	TMPRSS9	19	2385254	62
ENSG00000099800	TIMM13	19	2425625	63
ENSG00000176619	LMNB2	19	2428166	64
ENSG00000099860	GADD45B	19	2476127	65
ENSG00000176533	GNG7	19	2511219	66
ENSG00000141873	SLC39A3	19	2732524	67
ENSG00000104969	SGTA	19	2754714	68
ENSG00000172009	THOP1	19	2785466	69
ENSG00000172006	ZNF554	19	2819868	70
ENSG00000186300	ZNF555	19	2841475	71
ENSG00000171970	ZNF57	19	2900928	72
ENSG00000175691	ZNF77	19	2933218	73
ENSG00000065717	TLE2	19	2997638	74
ENSG00000104964	TLE5	19	3052910	75
ENSG00000088256	GNA11	19	3094362	76
ENSG00000125912	NCLN	19	3185930	77
ENSG00000141905	NFIC	19	3359630	78
ENSG00000095932	SMIM24	19	3473986	79
ENSG00000105325	FZR1	19	3506263	80
ENSG00000161091	MFSD12	19	3538270	81
ENSG00000183397	TEKTIP1	19	3539157	82
ENSG00000064961	HMG20B	19	3572916	83
ENSG00000179855	GIPC3	19	3585478	84
ENSG00000006638	TBXA2R	19	3594507	85
ENSG00000105298	CACTIN	19	3610645	86
ENSG00000186111	PIP5K1C	19	3630181	87
ENSG00000105289	TJP3	19	3708384	88
ENSG00000011132	APBA3	19	3750772	89
ENSG00000183617	MRPL54	19	3762682	90
ENSG00000167657	DAPK3	19	3958453	91
ENSG00000167658	EEF2	19	3976056	92
ENSG00000105229	PIAS4	19	4007736	93
ENSG00000178951	ZBTB7A	19	4043303	94
ENSG00000126934	MAP2K2	19	4090321	95
ENSG00000060566	CREB3L3	19	4153631	96
ENSG00000077463	SIRT6	19	4174109	97
ENSG00000089847	ANKRD24	19	4182618	98
ENSG00000105248	YJU2	19	4247080	99
ENSG00000105251	SHD	19	4279069	100
ENSG00000178078	STAP2	19	4324043	101
ENSG00000008382	MPND	19	4343527	102
ENSG00000141985	SH3GL1	19	4360369	103
ENSG00000167670	CHAF1A	19	4402596	104
ENSG00000167671	UBXN6	19	4445006	105
ENSG00000167674	HDGFL2	19	4472297	106
ENSG00000167676	PLIN4	19	4502192	107
ENSG00000214456	PLIN5	19	4522531	108
ENSG00000171236	LRG1	19	4536402	109
ENSG00000167680	SEMA6B	19	4542588	110
ENSG00000185361	TNFAIP8L1	19	4639505	111
ENSG00000074842	MYDGF	19	4657545	112
ENSG00000142002	DPP9	19	4675226	113
ENSG00000205790	DPP9-AS1	19	4679282	114
ENSG00000141965	FEM1A	19	4791734	115
ENSG00000127666	TICAM1	19	4815924	116
ENSG00000105355	PLIN3	19	4838341	117
ENSG00000205784	ARRDC5	19	4867614	118
ENSG00000276043	UHRF1	19	4903080	119
ENSG00000127663	KDM4B	19	4969087	120
ENSG00000105426	PTPRS	19	5205503	121
ENSG00000130254	SAFB2	19	5586993	122
ENSG00000160633	SAFB	19	5623081	123
ENSG00000174917	MICOS13	19	5678414	124
ENSG00000167733	HSD11B1L	19	5681027	125
ENSG00000130255	RPL36	19	5690295	126
ENSG00000196365	LONP1	19	5691834	127
ENSG00000141994	DUS3L	19	5785136	128
ENSG00000171119	NRTN	19	5805387	129
ENSG00000156413	FUT6	19	5830408	130
ENSG00000174886	NDUFA11	19	5891276	131
ENSG00000187650	VMAC	19	5904872	132
ENSG00000105519	CAPS	19	5913648	133
ENSG00000031823	RANBP3	19	5916139	134
ENSG00000087903	RFX2	19	5993164	135
ENSG00000130377	ACSBG2	19	6135633	136
ENSG00000130382	MLLT1	19	6210381	137
ENSG00000125656	CLPP	19	6361531	138
ENSG00000125652	ALKBH7	19	6372794	139
ENSG00000125651	GTF2F1	19	6379569	140
ENSG00000088247	KHSRP	19	6413102	141
ENSG00000125648	SLC25A23	19	6436081	142
ENSG00000130545	CRB3	19	6463777	143
ENSG00000205744	DENND1C	19	6467204	144
ENSG00000125735	TNFSF14	19	6658126	145
ENSG00000125730	C3	19	6677704	146
ENSG00000125734	GPR108	19	6729914	147
ENSG00000125733	TRIP10	19	6739680	148
ENSG00000125731	SH2D3A	19	6752160	149
ENSG00000141968	VAV1	19	6772708	150
ENSG00000174837	ADGRE1	19	6887549	151
ENSG00000130544	ZNF557	19	7069703	152
ENSG00000171105	INSR	19	7112257	153
ENSG00000104880	ARHGEF18	19	7348901	154
ENSG00000104883	PEX11G	19	7476875	155
ENSG00000198816	ZNF358	19	7515286	156
ENSG00000090674	MCOLN1	19	7522624	157
ENSG00000032444	PNPLA6	19	7534164	158
ENSG00000076826	CAMSAP3	19	7595863	159
ENSG00000076924	XAB2	19	7619525	160
ENSG00000229833	PET100	19	7629793	161
ENSG00000174788	PCP2	19	7631614	162
ENSG00000076944	STXBP2	19	7637110	163
ENSG00000181029	TRAPPC5	19	7680833	164
ENSG00000182566	CLEC4G	19	7728957	165
ENSG00000090659	CD209	19	7739993	166
ENSG00000104938	CLEC4M	19	7763052	167
ENSG00000142459	EVI5L	19	7830218	168
ENSG00000171017	LRRC8E	19	7888505	169
ENSG00000076984	MAP2K7	19	7903785	170
ENSG00000260001	TGFBR3L	19	7915211	171
ENSG00000104976	SNAPC2	19	7920338	172
ENSG00000104980	TIMM44	19	7926718	173
ENSG00000066044	ELAVL1	19	7958573	174
ENSG00000090661	CERS4	19	8209329	175
ENSG00000167775	CD320	19	8302127	176
ENSG00000267855	NDUFA7	19	8308603	177
ENSG00000233927	RPS28	19	8321496	178
ENSG00000186994	KANK3	19	8322584	179
ENSG00000167772	ANGPTL4	19	8364129	180
ENSG00000269386	RAB11B-AS1	19	8374376	181
ENSG00000185236	RAB11B	19	8390360	182
ENSG00000099785	MARCHF2	19	8413303	183
ENSG00000099783	HNRNPM	19	8444575	184
ENSG00000133246	PRAM1	19	8490055	185
ENSG00000133250	ZNF414	19	8509678	186
ENSG00000142347	MYO1F	19	8520778	187
ENSG00000142303	ADAMTS10	19	8580240	188
ENSG00000167785	ZNF558	19	8806170	189
ENSG00000181143	MUC16	19	8848840	190
ENSG00000130803	ZNF317	19	9140395	191
ENSG00000196110	ZNF699	19	9291140	192
ENSG00000188321	ZNF559	19	9323772	193
ENSG00000270011	ZNF559-ZNF177	19	9324179	194
ENSG00000188629	ZNF177	19	9363013	195
ENSG00000174652	ZNF266	19	9412426	196
ENSG00000130818	ZNF426	19	9523223	197
ENSG00000197961	ZNF121	19	9560337	198
ENSG00000171469	ZNF561	19	9607326	199
ENSG00000267106	ZNF561-AS1	19	9621482	200
ENSG00000171466	ZNF562	19	9641807	201
ENSG00000196605	ZNF846	19	9751993	202
ENSG00000127452	FBXL12	19	9810267	203
ENSG00000198258	UBL5	19	9827918	204
ENSG00000127445	PIN1	19	9835207	205
ENSG00000105088	OLFM2	19	9853718	206
ENSG00000080573	COL5A3	19	9959561	207
ENSG00000291164	C3P1	19	10041356	208
ENSG00000130813	SHFL	19	10086119	209
ENSG00000130812	ANGPTL6	19	10092337	210
ENSG00000130810	PPAN	19	10106223	211
ENSG00000243207	PPAN-P2RY11	19	10106362	212
ENSG00000130811	EIF3G	19	10115014	213
ENSG00000130816	DNMT1	19	10133346	214
ENSG00000267534	S1PR2	19	10221433	215
ENSG00000105364	MRPL4	19	10251962	216
ENSG00000090339	ICAM1	19	10271120	217
ENSG00000267673	FDX2	19	10310045	218
ENSG00000161847	RAVER1	19	10316212	219
ENSG00000076662	ICAM3	19	10333776	220
ENSG00000105397	TYK2	19	10350528	221
ENSG00000105401	CDC37	19	10391128	222
ENSG00000065989	PDE4A	19	10416773	223
ENSG00000079999	KEAP1	19	10486125	224
ENSG00000130734	ATG4D	19	10543897	225
ENSG00000129347	KRI1	19	10553085	226
ENSG00000129353	SLC44A2	19	10602455	227
ENSG00000267100	ILF3-DT	19	10651862	228
ENSG00000129351	ILF3	19	10654261	229
ENSG00000213339	QTRT1	19	10701439	230
ENSG00000079805	DNM2	19	10718053	231
ENSG00000099203	TMED1	19	10832067	232
ENSG00000142453	CARM1	19	10871553	233
ENSG00000130733	YIPF2	19	10922185	234
ENSG00000142444	TIMM29	19	10928811	235
ENSG00000127616	SMARCA4	19	10960997	236
ENSG00000130164	LDLR	19	11089432	237
ENSG00000197256	KANK2	19	11164267	238
ENSG00000130158	DOCK6	19	11199295	239
ENSG00000130173	ANGPTL8	19	11239619	240
ENSG00000105514	RAB3D	19	11322068	241
ENSG00000105518	TMEM205	19	11342512	242
ENSG00000183401	CCDC159	19	11346483	243
ENSG00000105520	PLPPR2	19	11355418	244
ENSG00000173928	SWSAP1	19	11374666	245
ENSG00000187266	EPOR	19	11377207	246
ENSG00000205517	RGL3	19	11394060	247
ENSG00000130175	PRKCSH	19	11435257	248
ENSG00000161914	ZNF653	19	11483429	249
ENSG00000130159	ECSIT	19	11505916	250
ENSG00000130176	CNN1	19	11538775	251
ENSG00000130165	ELOF1	19	11553043	252
ENSG00000102575	ACP5	19	11574660	253
ENSG00000198551	ZNF627	19	11575255	254
ENSG00000197933	ZNF823	19	11721265	255
ENSG00000197044	ZNF441	19	11767000	256
ENSG00000177599	ZNF491	19	11798523	257
ENSG00000171295	ZNF440	19	11814273	258
ENSG00000171291	ZNF439	19	11848733	259
ENSG00000198429	ZNF69	19	11887773	260
ENSG00000196757	ZNF700	19	11925068	261
ENSG00000197054	ZNF763	19	11965040	262
ENSG00000219665	ZNF433-AS1	19	11987617	263
ENSG00000197647	ZNF433	19	12014717	264
ENSG00000223547	ZNF844	19	12064731	265
ENSG00000132010	ZNF20	19	12131350	266
ENSG00000257591	ZNF625	19	12144890	267
ENSG00000196646	ZNF136	19	12163047	268
ENSG00000197857	ZNF44	19	12224686	269
ENSG00000188868	ZNF563	19	12317477	270
ENSG00000198342	ZNF442	19	12345944	271
ENSG00000196466	ZNF799	19	12390014	272
ENSG00000180855	ZNF443	19	12429706	273
ENSG00000242852	ZNF709	19	12461184	274
ENSG00000249709	ZNF564	19	12525373	275
ENSG00000188033	ZNF490	19	12576100	276
ENSG00000173875	ZNF791	19	12610920	277
ENSG00000104774	MAN2B1	19	12646508	278
ENSG00000123154	WDR83	19	12666807	279
ENSG00000105583	WDR83OS	19	12668071	280
ENSG00000095059	DHPS	19	12672470	281
ENSG00000105576	TNPO2	19	12699201	282
ENSG00000123144	TRIR	19	12730640	283
ENSG00000198356	GET3	19	12737106	284
ENSG00000095066	HOOK2	19	12763002	285
ENSG00000171223	JUNB	19	12791486	286
ENSG00000167815	PRDX2	19	12796823	287
ENSG00000104889	RNASEH2A	19	12802054	288
ENSG00000105612	DNASE2	19	12875209	289
ENSG00000105607	GCDH	19	12891129	290
ENSG00000161860	SYCE2	19	12898229	291
ENSG00000179115	FARSA	19	12922479	292
ENSG00000179218	CALR	19	12938600	293
ENSG00000179262	RAD23A	19	12945814	294
ENSG00000179271	GADD45GIP1	19	12953119	295
ENSG00000008441	NFIX	19	12995475	296
ENSG00000104903	LYL1	19	13097166	297
ENSG00000104907	TRMT1	19	13104900	298
ENSG00000160877	NACC1	19	13116848	299
ENSG00000104915	STX10	19	13144058	300
ENSG00000160888	IER2	19	13150411	301
ENSG00000104957	YJU2B	19	13731752	302
ENSG00000037757	MRI1	19	13764492	303
ENSG00000104979	C19orf53	19	13774456	304
ENSG00000132003	ZSWIM4	19	13795424	305
ENSG00000132016	BRME1	19	13882348	306
ENSG00000132024	CC2D1A	19	13906149	307
ENSG00000132017	DCAF15	19	13952474	308
ENSG00000132005	RFX1	19	13961530	309
ENSG00000104998	IL27RA	19	14031762	310
ENSG00000187867	PALM3	19	14053367	311
ENSG00000141854	MISP3	19	14073009	312
ENSG00000141858	SAMD1	19	14087851	313
ENSG00000072062	PRKACA	19	14091688	314
ENSG00000267169	ADGRL1-AS1	19	14137152	315
ENSG00000072071	ADGRL1	19	14147737	316
ENSG00000123146	ADGRE5	19	14381144	317
ENSG00000123136	DDX39A	19	14408798	318
ENSG00000123143	PKN1	19	14433306	319
ENSG00000123159	GIPC1	19	14477759	320
ENSG00000132002	DNAJB1	19	14514764	321
ENSG00000099797	TECR	19	14527752	322
ENSG00000099795	NDUFB7	19	14566078	323
ENSG00000160961	ZNF333	19	14689787	324
ENSG00000127507	ADGRE2	19	14732392	325
ENSG00000105137	SYDE1	19	15107401	326
ENSG00000105135	ILVBL	19	15114982	327
ENSG00000074181	NOTCH3	19	15159038	328
ENSG00000141867	BRD4	19	15236836	329
ENSG00000105127	AKAP8	19	15353385	330
ENSG00000011243	AKAP8L	19	15380050	331
ENSG00000011451	WIZ	19	15419978	332
ENSG00000105122	RASAL3	19	15451624	333
ENSG00000161031	PGLYRP2	19	15468645	334
ENSG00000171954	CYP4F22	19	15508487	335
ENSG00000186529	CYP4F3	19	15640897	336
ENSG00000186204	CYP4F12	19	15673023	337
ENSG00000186115	CYP4F2	19	15878023	338
ENSG00000171903	CYP4F11	19	15912370	339
ENSG00000167460	TPM4	19	16067507	340
ENSG00000167461	RAB8A	19	16111889	341
ENSG00000196684	HSH2D	19	16134028	342
ENSG00000105058	FAM32A	19	16185184	343
ENSG00000072958	AP1M1	19	16197911	344
ENSG00000127528	KLF2	19	16324826	345
ENSG00000127527	EPS15L1	19	16355244	346
ENSG00000105072	C19orf44	19	16496382	347
ENSG00000085872	CHERP	19	16517894	348
ENSG00000127526	SLC35E1	19	16549837	349
ENSG00000105085	MED26	19	16574922	350
ENSG00000214046	SMIM7	19	16630741	351
ENSG00000072954	TMEM38A	19	16661139	352
ENSG00000127511	SIN3B	19	16829398	353
ENSG00000160111	CPAMD8	19	16892951	354
ENSG00000131351	HAUS8	19	17049729	355
ENSG00000099331	MYO9B	19	17075777	356
ENSG00000053501	USE1	19	17215346	357
ENSG00000099330	OCEL1	19	17226226	358
ENSG00000160113	NR2F6	19	17231885	359
ENSG00000130307	USHBP1	19	17249171	360
ENSG00000105393	BABAM1	19	17267376	361
ENSG00000127220	ABHD8	19	17292131	362
ENSG00000130312	MRPL34	19	17302807	363
ENSG00000130311	DDA1	19	17309563	364
ENSG00000074855	ANO8	19	17323223	365
ENSG00000130299	GTPBP3	19	17334982	366
ENSG00000130300	PLVAP	19	17351455	367
ENSG00000130303	BST2	19	17402939	368
ENSG00000282851	BISPR	19	17405686	369
ENSG00000141971	MVB12A	19	17405741	370
ENSG00000130304	SLC27A1	19	17468745	371
ENSG00000130313	PGLS	19	17511649	372
ENSG00000167483	NIBAN3	19	17523301	373
ENSG00000130309	COLGALT1	19	17555649	374
ENSG00000130479	MAP1S	19	17719480	375
ENSG00000130475	FCHO1	19	17747718	376
ENSG00000179913	B3GNT3	19	17794828	377
ENSG00000105639	JAK3	19	17824782	378
ENSG00000105640	RPL18A	19	17859910	379
ENSG00000207166	SNORA68	19	17862588	380
ENSG00000007080	CCDC124	19	17933015	381
ENSG00000105643	ARRDC2	19	18001124	382
ENSG00000096996	IL12RB1	19	18058994	383
ENSG00000099308	MAST3	19	18097764	384
ENSG00000105647	PIK3R2	19	18153163	385
ENSG00000216490	IFI30	19	18173813	386
ENSG00000254858	MPV17L2	19	18193218	387
ENSG00000105650	PDE4C	19	18207961	388
ENSG00000130518	IQCN	19	18257098	389
ENSG00000130522	JUND	19	18279694	390
ENSG00000130520	LSM4	19	18306236	391
ENSG00000130517	PGPEP1	19	18340598	392
ENSG00000175489	LRRC25	19	18391137	393
ENSG00000130511	SSBP4	19	18418719	394
ENSG00000105655	ISYNA1	19	18434388	395
ENSG00000105656	ELL	19	18442663	396
ENSG00000105701	FKBP8	19	18531763	397
ENSG00000105700	KXD1	19	18557762	398
ENSG00000221983	UBA52	19	18563766	399
ENSG00000006015	REX1BD	19	18588685	400
ENSG00000167487	KLHL26	19	18637028	401
ENSG00000105662	CRTC1	19	18683621	402
ENSG00000005007	UPF1	19	18831405	403
ENSG00000105669	COPE	19	18899514	404
ENSG00000105671	DDX49	19	18919703	405
ENSG00000051128	HOMER3	19	18929201	406
ENSG00000064607	SUGP2	19	18990887	407
ENSG00000105676	ARMC6	19	19033603	408
ENSG00000181035	SLC25A42	19	19063994	409
ENSG00000064545	TMEM161A	19	19119169	410
ENSG00000254901	BORCS8	19	19176906	411
ENSG00000064490	RFXANK	19	19192199	412
ENSG00000184162	NR2C2AP	19	19201409	413
ENSG00000187664	HAPLN4	19	19254756	414
ENSG00000213996	TM6SF2	19	19264366	415
ENSG00000105705	SUGP1	19	19276033	416
ENSG00000129933	MAU2	19	19320607	417
ENSG00000167491	GATAD2A	19	19385803	418
ENSG00000186010	NDUFA13	19	19516225	419
ENSG00000250067	YJEFN3	19	19528901	420
ENSG00000064547	LPAR2	19	19623655	421
ENSG00000089639	GMIP	19	19629476	422
ENSG00000105726	ATP13A1	19	19645198	423
ENSG00000181896	ZNF101	19	19668070	424
ENSG00000105708	ZNF14	19	19710472	425
ENSG00000081665	ZNF506	19	19792711	426
ENSG00000256771	ZNF253	19	19865830	427
ENSG00000184635	ZNF93	19	19900946	428
ENSG00000197124	ZNF682	19	20004418	429
ENSG00000213988	ZNF90	19	20078000	430
ENSG00000256229	ZNF486	19	20167214	431
ENSG00000237440	ZNF737	19	20531230	432
ENSG00000188171	ZNF626	19	20619939	433
ENSG00000160229	ZNF66	19	20776304	434
ENSG00000105750	ZNF85	19	20923227	435
ENSG00000118620	ZNF430	19	21020657	436
ENSG00000160352	ZNF714	19	21082147	437
ENSG00000196705	ZNF431	19	21142009	438
ENSG00000182141	ZNF708	19	21290385	439
ENSG00000172687	ZNF738	19	21358930	440
ENSG00000196268	ZNF493	19	21397133	441
ENSG00000268119	LOC105372321	19	21444104	442
ENSG00000197013	ZNF429	19	21505427	443
ENSG00000197020	ZNF100	19	21722771	444
ENSG00000269845	CCNYL6	19	21750745	445
ENSG00000198521	ZNF43	19	21804946	446
ENSG00000160321	ZNF208	19	21939766	447
ENSG00000197134	ZNF257	19	22052484	448
ENSG00000196109	ZNF676	19	22179089	449
ENSG00000269067	ZNF728	19	22974883	450
ENSG00000196081	ZNF724	19	23221584	451
ENSG00000167232	ZNF91	19	23305004	452
ENSG00000197372	ZNF675	19	23652801	453
ENSG00000196172	ZNF681	19	23739195	454
ENSG00000288920	RPSA2	19	23763004	455
ENSG00000213967	ZNF726	19	23914886	456
ENSG00000213096	ZNF254	19	24033405	457
ENSG00000268442	HAVCR1P1	19	24162193	458
ENSG00000261824	LINC00662	19	27790493	459
ENSG00000267575	LINC02987	19	27793431	460
ENSG00000169021	UQCRFS1	19	29205320	461
ENSG00000105171	POP4	19	29606283	462
ENSG00000166289	PLEKHF1	19	29665422	463
ENSG00000131943	C19orf12	19	29698886	464
ENSG00000105176	URI1	19	29923650	465
ENSG00000121297	TSHZ3	19	31149876	466
ENSG00000168813	ZNF507	19	32345610	467
ENSG00000178904	DPY19L3	19	32405765	468
ENSG00000105185	PDCD5	19	32581190	469
ENSG00000105186	ANKRD27	19	32597005	470
ENSG00000213965	NUDT19	19	32691363	471
ENSG00000173809	TDRD12	19	32719767	472
ENSG00000021488	SLC7A9	19	32830511	473
ENSG00000121289	CEP89	19	32875925	474
ENSG00000131944	FAAP24	19	32972212	475
ENSG00000131941	RHPN2	19	32978592	476
ENSG00000076650	GPATCH1	19	33080880	477
ENSG00000166359	WDR88	19	33132098	478
ENSG00000130881	LRP3	19	33194330	479
ENSG00000245848	CEBPA	19	33299934	480
ENSG00000267296	CEBPA-DT	19	33302821	481
ENSG00000153879	CEBPG	19	33373709	482
ENSG00000124299	PEPD	19	33386950	483
ENSG00000153885	KCTD15	19	33795540	484
ENSG00000257103	LSM14A	19	34172499	485
ENSG00000166398	GARRE1	19	34254554	486
ENSG00000105220	GPI	19	34353330	487
ENSG00000126249	PDCD2L	19	34404398	488
ENSG00000126261	UBA2	19	34428176	489
ENSG00000142279	WTIP	19	34481758	490
ENSG00000205209	SCGB2B2	19	34590625	491
ENSG00000089335	ZNF302	19	34677639	492
ENSG00000197841	ZNF181	19	34734194	493
ENSG00000153896	ZNF599	19	34758073	494
ENSG00000168661	ZNF30	19	34923795	495
ENSG00000180884	ZNF792	19	34956354	496
ENSG00000089351	GRAMD1A	19	34994727	497
ENSG00000105711	SCN1B	19	35030470	498
ENSG00000105707	HPN	19	35040506	499
ENSG00000227392	HPN-AS1	19	35059059	500
ENSG00000153902	LGI4	19	35124513	501
ENSG00000266964	FXYD1	19	35137206	502
ENSG00000089327	FXYD5	19	35154735	503
ENSG00000105699	LSR	19	35248656	504
ENSG00000105698	USF2	19	35268962	505
ENSG00000105697	HAMP	19	35282528	506
ENSG00000012124	CD22	19	35329169	507
ENSG00000161249	DMKN	19	35497220	508
ENSG00000105679	GAPDHS	19	35533456	509
ENSG00000236144	TMEM147-AS1	19	35540738	510
ENSG00000105677	TMEM147	19	35545626	511
ENSG00000249115	HAUS5	19	35612735	512
ENSG00000126254	RBM42	19	35629016	513
ENSG00000126267	COX6B1	19	35648323	514
ENSG00000011590	ZBTB32	19	35704481	515
ENSG00000272333	KMT2B	19	35717818	516
ENSG00000126246	IGFLR1	19	35738801	517
ENSG00000161265	U2AF1L4	19	35742464	518
ENSG00000205155	PSENEN	19	35745651	519
ENSG00000267796	LIN37	19	35748576	520
ENSG00000004776	HSPB6	19	35754566	521
ENSG00000167595	PROSER3	19	35758146	522
ENSG00000004777	ARHGAP33	19	35775515	523
ENSG00000250799	PRODH2	19	35799987	524
ENSG00000167604	NFKBID	19	35887630	525
ENSG00000126264	HCST	19	35902365	526
ENSG00000011600	TYROBP	19	35904403	527
ENSG00000126243	LRFN3	19	35936374	528
ENSG00000205138	SDHAF1	19	35995188	529
ENSG00000181392	SYNE4	19	36003307	530
ENSG00000239382	ALKBH6	19	36009120	531
ENSG00000105270	CLIP3	19	36014660	532
ENSG00000161277	THAP8	19	36034984	533
ENSG00000075702	WDR62	19	36054881	534
ENSG00000105258	POLR2I	19	36113709	535
ENSG00000105254	TBCB	19	36114986	536
ENSG00000126247	CAPNS1	19	36140066	537
ENSG00000161281	COX7A1	19	36150922	538
ENSG00000196357	ZNF565	19	36182060	539
ENSG00000167635	ZNF146	19	36214602	540
ENSG00000232677	LINC00665	19	36313061	541
ENSG00000142065	ZFP14	19	36334453	542
ENSG00000181007	ZFP82	19	36383120	543
ENSG00000186017	ZNF566	19	36445119	544
ENSG00000254004	ZNF260	19	36510687	545
ENSG00000186020	ZNF529	19	36534491	546
ENSG00000233527	ZNF529-AS1	19	36573070	547
ENSG00000161298	ZNF382	19	36605313	548
ENSG00000197808	ZNF461	19	36636618	549
ENSG00000189042	ZNF567	19	36666961	550
ENSG00000225975	ZNF567-DT	19	36685439	551
ENSG00000267041	ZNF850	19	36743478	552
ENSG00000267254	ZNF790-AS1	19	36797550	553
ENSG00000197863	ZNF790	19	36817391	554
ENSG00000251247	ZNF345	19	36850350	555
ENSG00000185869	ZNF829	19	36888124	556
ENSG00000198453	ZNF568	19	36916329	557
ENSG00000197050	ZNF420	19	37007815	558
ENSG00000196967	ZNF585A	19	37145540	559
ENSG00000245680	ZNF585B	19	37181579	560
ENSG00000188283	ZNF383	19	37217243	561
ENSG00000181666	ZNF875	19	37312837	562
ENSG00000189164	ZNF527	19	37371057	563
ENSG00000196437	ZNF569	19	37411146	564
ENSG00000171827	ZNF570	19	37467465	565
ENSG00000188227	ZNF793	19	37506939	566
ENSG00000267470	ZNF571-AS1	19	37548949	567
ENSG00000171817	ZNF540	19	37551374	568
ENSG00000180479	ZNF571	19	37564253	569
ENSG00000120784	ZFP30	19	37631006	570
ENSG00000290988	ZNF781	19	37667751	571
ENSG00000198182	ZNF607	19	37696363	572
ENSG00000189144	ZNF573	19	37738302	573
ENSG00000105738	SIPA1L3	19	37906822	574
ENSG00000167642	SPINT2	19	38264573	575
ENSG00000167645	YIF1B	19	38303558	576
ENSG00000099337	KCNK6	19	38319845	577
ENSG00000099338	CATSPERG	19	38335830	578
ENSG00000099341	PSMD8	19	38374550	579
ENSG00000130244	FAM98C	19	38403124	580
ENSG00000171777	RASGRP4	19	38409055	581
ENSG00000196218	RYR1	19	38433691	582
ENSG00000104814	MAP4K1	19	38587641	583
ENSG00000178982	EIF3K	19	38619188	584
ENSG00000130402	ACTN4	19	38647649	585
ENSG00000182472	CAPN12	19	38730048	586
ENSG00000171747	LGALS4	19	38801671	587
ENSG00000104823	ECH1	19	38815422	588
ENSG00000104824	HNRNPL	19	38836370	589
ENSG00000187994	RINL	19	38867825	590
ENSG00000068903	SIRT2	19	38878555	591
ENSG00000104825	NFKBIB	19	38899503	592
ENSG00000262484	CCER2	19	38908171	593
ENSG00000104835	SARS2	19	38915266	594
ENSG00000128626	MRPS12	19	38930708	595
ENSG00000269190	FBXO17	19	38941401	596
ENSG00000161243	FBXO27	19	39007064	597
ENSG00000130669	PAK4	19	39125786	598
ENSG00000130755	GMFG	19	39328359	599
ENSG00000179134	SAMD4B	19	39342459	600
ENSG00000006712	PAF1	19	39385629	601
ENSG00000063322	MED29	19	39391378	602
ENSG00000128016	ZFP36	19	39406847	603
ENSG00000090924	PLEKHG2	19	39412582	604
ENSG00000105193	RPS16	19	39433137	605
ENSG00000196235	SUPT5H	19	39445546	606
ENSG00000105197	TIMM50	19	39480838	607
ENSG00000176401	EID2B	19	39530987	608
ENSG00000176396	EID2	19	39538707	609
ENSG00000105204	DYRK1B	19	39825347	610
ENSG00000105202	FBL	19	39834458	611
ENSG00000275395	FCGBP	19	39863323	612
ENSG00000013275	PSMC4	19	39971005	613
ENSG00000187187	ZNF546	19	39997060	614
ENSG00000128000	ZNF780B	19	40028260	615
ENSG00000197782	ZNF780A	19	40069008	616
ENSG00000130758	MAP3K10	19	40191426	617
ENSG00000105221	AKT2	19	40230317	618
ENSG00000160392	C19orf47	19	40292743	619
ENSG00000105223	PLD3	19	40348395	620
ENSG00000105227	PRX	19	40393762	621
ENSG00000197019	SERTAD1	19	40421589	622
ENSG00000167565	SERTAD3	19	40440841	623
ENSG00000090013	BLVRB	19	40447768	624
ENSG00000160410	SHKBP1	19	40576864	625
ENSG00000090006	LTBP4	19	40593166	626
ENSG00000105245	NUMBL	19	40665905	627
ENSG00000123815	COQ8B	19	40691530	628
ENSG00000086544	ITPKC	19	40717112	629
ENSG00000188493	ACTMAP	19	40740856	630
ENSG00000077312	SNRPA	19	40751203	631
ENSG00000167578	RAB4B	19	40778247	632
ENSG00000269858	EGLN2	19	40799191	633
ENSG00000233622	CYP2T1P	19	40808443	634
ENSG00000255974	CYP2A6	19	40843541	635
ENSG00000198077	CYP2A7	19	40875439	636
ENSG00000290611	CYP2G1P	19	40890826	637
ENSG00000291083	CYP2B7P	19	40924265	638
ENSG00000197408	CYP2B6	19	40991282	639
ENSG00000197838	CYP2A13	19	41088451	640
ENSG00000167600	CYP2S1	19	41193219	641
ENSG00000167601	AXL	19	41219223	642
ENSG00000105323	HNRNPUL1	19	41262519	643
ENSG00000286177	LOC105372401	19	41307121	644
ENSG00000142039	CCDC97	19	41309855	645
ENSG00000105329	TGFB1	19	41330323	646
ENSG00000123810	B9D2	19	41354417	647
ENSG00000142046	TMEM91	19	41363947	648
ENSG00000077348	EXOSC5	19	41386374	649
ENSG00000248098	BCKDHA	19	41397818	650
ENSG00000105341	DMAC2	19	41431318	651
ENSG00000267107	PCAT19	19	41454169	652
ENSG00000007129	CEACAM21	19	41549236	653
ENSG00000105372	RPS19	19	41860255	654
ENSG00000076928	ARHGEF1	19	41883184	655
ENSG00000105404	RABAC1	19	41956683	656
ENSG00000105732	ZNF574	19	42068477	657
ENSG00000028277	POU2F2	19	42086113	658
ENSG00000160570	DEDD2	19	42198598	659
ENSG00000167625	ZNF526	19	42220312	660
ENSG00000105723	GSK3A	19	42230186	661
ENSG00000105722	ERF	19	42247561	662
ENSG00000079432	CIC	19	42268537	663
ENSG00000105429	MEGF8	19	42325635	664
ENSG00000079435	LIPE	19	42401512	665
ENSG00000079385	CEACAM1	19	42507306	666
ENSG00000176531	PHLDB3	19	43474341	667
ENSG00000105755	ETHE1	19	43506719	668
ENSG00000073050	XRCC1	19	43543312	669
ENSG00000167378	IRGQ	19	43584367	670
ENSG00000124444	ZNF576	19	43596392	671
ENSG00000131116	ZNF428	19	43607224	672
ENSG00000226763	SRRM5	19	43612088	673
ENSG00000105767	CADM4	19	43622368	674
ENSG00000011422	PLAUR	19	43646095	675
ENSG00000105771	SMG9	19	43727983	676
ENSG00000167637	ZNF283	19	43827292	677
ENSG00000176222	ZNF404	19	43872365	678
ENSG00000267058	LOC100505715	19	43891804	679
ENSG00000124459	ZNF45	19	43912624	680
ENSG00000159905	ZNF221	19	43951196	681
ENSG00000204920	ZNF155	19	43967006	682
ENSG00000266921	ZNF230-DT	19	43996896	683
ENSG00000159882	ZNF230	19	44002957	684
ENSG00000159885	ZNF222	19	44025324	685
ENSG00000178386	ZNF223	19	44051372	686
ENSG00000186026	ZNF284	19	44072137	687
ENSG00000267680	ZNF224	19	44094350	688
ENSG00000186019	ZNF225-AS1	19	44105339	689
ENSG00000256294	ZNF225	19	44111426	690
ENSG00000263002	ZNF234	19	44141530	691
ENSG00000167380	ZNF226	19	44165062	692
ENSG00000131115	ZNF227	19	44207522	693
ENSG00000159915	ZNF233	19	44259742	694
ENSG00000159917	ZNF235	19	44286348	695
ENSG00000062370	ZNF112	19	44326553	696
ENSG00000267508	ZNF285	19	44382298	697
ENSG00000278318	ZNF229	19	44426251	698
ENSG00000167384	ZNF180	19	44474443	699
ENSG00000273777	CEACAM20	19	44501309	700
ENSG00000290603	CEACAM22P	19	44537058	701
ENSG00000216588	IGSF23	19	44612577	702
ENSG00000073008	PVR	19	44643798	703
ENSG00000186567	CEACAM19	19	44671452	704
ENSG00000213892	CEACAM16	19	44699151	705
ENSG00000069399	BCL3	19	44742620	706
ENSG00000142273	CBLC	19	44777855	707
ENSG00000187244	BCAM	19	44809059	708
ENSG00000130202	NECTIN2	19	44846297	709
ENSG00000130204	TOMM40	19	44891220	710
ENSG00000130203	APOE	19	44905796	711
ENSG00000130208	APOC1	19	44914325	712
ENSG00000291128	APOC1P1	19	44926803	713
ENSG00000267467	APOC4	19	44942237	714
ENSG00000234906	APOC2	19	44946051	715
ENSG00000104853	CLPTM1	19	44954585	716
ENSG00000104856	RELB	19	45001449	717
ENSG00000104859	CLASRP	19	45039045	718
ENSG00000142252	GEMIN7	19	45075627	719
ENSG00000104866	PPP1R37	19	45093173	720
ENSG00000007255	TRAPPC6A	19	45162933	721
ENSG00000189114	BLOC1S3	19	45178784	722
ENSG00000283632	EXOC3L2	19	45212377	723
ENSG00000007047	MARK4	19	45251271	724
ENSG00000104884	ERCC2	19	45349837	725
ENSG00000104881	PPP1R13L	19	45379634	726
ENSG00000117877	POLR1G	19	45406644	727
ENSG00000012061	ERCC1	19	45407334	728
ENSG00000125753	VASP	19	45507459	729
ENSG00000125741	OPA3	19	45527427	730
ENSG00000177464	GPR4	19	45589764	731
ENSG00000125746	EML2	19	45609396	732
ENSG00000125743	SNRPD2	19	45687454	733
ENSG00000011478	QPCTL	19	45692400	734
ENSG00000177051	FBXO46	19	45710629	735
ENSG00000177045	SIX5	19	45764785	736
ENSG00000104936	DMPK	19	45769709	737
ENSG00000185800	DMWD	19	45782947	738
ENSG00000125755	SYMPK	19	45815410	739
ENSG00000170608	FOXA3	19	45864326	740
ENSG00000170604	IRF2BP1	19	45883608	741
ENSG00000176182	MYPOP	19	45890020	742
ENSG00000104967	NOVA2	19	45933734	743
ENSG00000104983	CCDC61	19	45995457	744
ENSG00000204866	IGFL2	19	46078513	745
ENSG00000124440	HIF3A	19	46297042	746
ENSG00000011485	PPP5C	19	46347069	747
ENSG00000169515	CCDC8	19	46410329	748
ENSG00000182013	PNMA8A	19	46466491	749
ENSG00000160014	CALM3	19	46601074	750
ENSG00000160013	PTGIR	19	46610040	751
ENSG00000197380	DACT3	19	46647551	752
ENSG00000105287	PRKD2	19	46674316	753
ENSG00000090372	STRN4	19	46719509	754
ENSG00000181027	FKRP	19	46746015	755
ENSG00000105281	SLC1A5	19	46774883	756
ENSG00000042753	AP2S1	19	46838136	757
ENSG00000160007	ARHGAP35	19	46860997	758
ENSG00000130749	ZC3H4	19	47064187	759
ENSG00000142230	SAE1	19	47130835	760
ENSG00000105321	CCDC9	19	47256525	761
ENSG00000197405	C5AR1	19	47309861	762
ENSG00000134830	C5AR2	19	47331614	763
ENSG00000134815	DHX34	19	47349315	764
ENSG00000118162	KPTN	19	47475141	765
ENSG00000105402	NAPA	19	47487637	766
ENSG00000063169	BICRA	19	47608196	767
ENSG00000024422	EHD2	19	47713422	768
ENSG00000105373	NOP53	19	47745546	769
ENSG00000269656	NOP53-AS1	19	47757036	770
ENSG00000178980	SELENOW	19	47778703	771
ENSG00000105398	SULT2A1	19	47870467	772
ENSG00000105499	PLA2G4C	19	48047843	773
ENSG00000105486	LIG1	19	48115445	774
ENSG00000185453	ZSWIM9	19	48170662	775
ENSG00000105483	CARD8	19	48203148	776
ENSG00000268001	CARD8-AS1	19	48255675	777
ENSG00000142227	EMP3	19	48325504	778
ENSG00000161558	TMEM143	19	48332356	779
ENSG00000105438	KDELR1	19	48382575	780
ENSG00000105447	GRWD1	19	48445983	781
ENSG00000182324	KCNJ14	19	48455574	782
ENSG00000105443	CYTH2	19	48469208	783
ENSG00000063177	RPL18	19	48615331	784
ENSG00000063176	SPHK2	19	48619291	785
ENSG00000105516	DBP	19	48630030	786
ENSG00000063180	CA11	19	48637946	787
ENSG00000176920	FUT2	19	48695971	788
ENSG00000105538	RASIP1	19	48720585	789
ENSG00000174951	FUT1	19	48748011	790
ENSG00000105550	FGF21	19	48755524	791
ENSG00000105552	BCAT2	19	48795064	792
ENSG00000286024	LOC105372432	19	48806724	793
ENSG00000087076	HSD17B14	19	48813014	794
ENSG00000105559	PLEKHA4	19	48837092	795
ENSG00000087074	PPP1R15A	19	48872392	796
ENSG00000104805	NUCB1	19	48900312	797
ENSG00000235191	NUCB1-AS1	19	48910930	798
ENSG00000087088	BAX	19	48954825	799
ENSG00000087086	FTL	19	48963941	800
ENSG00000104812	GYS1	19	48968130	801
ENSG00000183207	RUVBL2	19	48993448	802
ENSG00000104852	SNRNP70	19	49085451	803
ENSG00000177380	PPFIA3	19	49119389	804
ENSG00000130528	HRC	19	49151198	805
ENSG00000130529	TRPM4	19	49157792	806
ENSG00000063127	SLC6A16	19	49289632	807
ENSG00000104894	CD37	19	49334961	808
ENSG00000074219	TEAD2	19	49340595	809
ENSG00000104872	PIH1D1	19	49446298	810
ENSG00000161618	ALDH16A1	19	49453225	811
ENSG00000090554	FLT3LG	19	49474172	812
ENSG00000142541	RPL13A	19	49487554	813
ENSG00000142534	RPS11	19	49496434	814
ENSG00000104870	FCGRT	19	49512661	815
ENSG00000142552	RCN3	19	49527579	816
ENSG00000142546	NOSIP	19	49555468	817
ENSG00000126460	PRRG2	19	49580617	818
ENSG00000126464	PRR12	19	49591177	819
ENSG00000126458	RRAS	19	49635292	820
ENSG00000126461	SCAF1	19	49640481	821
ENSG00000126456	IRF3	19	49659569	822
ENSG00000126453	BCL2L12	19	49664834	823
ENSG00000126457	PRMT1	19	49676166	824
ENSG00000196961	AP2A1	19	49767001	825
ENSG00000010361	FUZ	19	49806866	826
ENSG00000104973	MED25	19	49818279	827
ENSG00000268006	PTOV1-AS1	19	49838645	828
ENSG00000104960	PTOV1	19	49848554	829
ENSG00000039650	PNKP	19	49861204	830
ENSG00000204673	AKT1S1	19	49869033	831
ENSG00000104946	TBC1D17	19	49877531	832
ENSG00000104951	IL4I1	19	49889654	833
ENSG00000213024	NUP62	19	49906825	834
ENSG00000169136	ATF5	19	49928702	835
ENSG00000283842	MIR4751	19	49933064	836
ENSG00000161640	SIGLEC11	19	49948825	837
ENSG00000161643	SIGLEC16	19	49969664	838
ENSG00000105053	VRK3	19	49976467	839
ENSG00000142528	ZNF473	19	50026005	840
ENSG00000105357	MYH14	19	50188186	841
ENSG00000131398	KCNC3	19	50311937	842
ENSG00000291230	NAPSB	19	50333800	843
ENSG00000131400	NAPSA	19	50358472	844
ENSG00000131408	NR1H2	19	50376457	845
ENSG00000062822	POLD1	19	50384291	846
ENSG00000161671	EMC10	19	50476483	847
ENSG00000204653	ASPDH	19	50511600	848
ENSG00000105472	CLEC11A	19	50723364	849
ENSG00000167747	C19orf48	19	50797693	850
ENSG00000142544	CTU1	19	51097606	851
ENSG00000129450	SIGLEC9	19	51124880	852
ENSG00000168995	SIGLEC7	19	51142260	853
ENSG00000105383	CD33	19	51211054	854
ENSG00000186806	VSIG10L	19	51331536	855
ENSG00000105379	ETFB	19	51345155	856
ENSG00000160318	CLDND2	19	51366750	857
ENSG00000105374	NKG7	19	51371616	858
ENSG00000142512	SIGLEC10	19	51410020	859
ENSG00000105492	SIGLEC6	19	51517819	860
ENSG00000105497	ZNF175	19	51571283	861
ENSG00000268500	SIGLEC5	19	51610967	862
ENSG00000254415	SIGLEC14	19	51639478	863
ENSG00000182310	SPACA6	19	51685595	864
ENSG00000171051	FPR1	19	51745172	865
ENSG00000171049	FPR2	19	51752026	866
ENSG00000187474	FPR3	19	51795157	867
ENSG00000161551	ZNF577	19	51804442	868
ENSG00000268095	ZNF649-AS1	19	51888025	869
ENSG00000198093	ZNF649	19	51889235	870
ENSG00000176024	ZNF613	19	51927147	871
ENSG00000256683	ZNF350	19	51964340	872
ENSG00000197619	ZNF615	19	51991332	873
ENSG00000142556	ZNF614	19	52013324	874
ENSG00000256087	ZNF432	19	52031378	875
ENSG00000197608	ZNF841	19	52050028	876
ENSG00000204611	ZNF616	19	52113091	877
ENSG00000196267	ZNF836	19	52154050	878
ENSG00000105568	PPP2R1A	19	52190052	879
ENSG00000196214	ZNF766	19	52269251	880
ENSG00000198464	ZNF480	19	52297169	881
ENSG00000167554	ZNF610	19	52336243	882
ENSG00000221923	ZNF880	19	52369923	883
ENSG00000167555	ZNF528	19	52392752	884
ENSG00000258405	ZNF578	19	52453553	885
ENSG00000198482	ZNF808	19	52512747	886
ENSG00000167562	ZNF701	19	52570273	887
ENSG00000167766	ZNF83	19	52612364	888
ENSG00000213020	ZNF611	19	52702813	889
ENSG00000189190	ZNF600	19	52764184	890
ENSG00000198538	ZNF28	19	52797408	891
ENSG00000204604	ZNF468	19	52838010	892
ENSG00000182986	ZNF320	19	52859491	893
ENSG00000213793	ZNF888	19	52904790	894
ENSG00000213801	ZNF321P	19	52927135	895
ENSG00000221874	ZNF816-ZNF321P	19	52927135	896
ENSG00000180257	ZNF816	19	52949390	897
ENSG00000242779	ZNF702P	19	52968251	898
ENSG00000170949	ZNF160	19	53066614	899
ENSG00000170954	ZNF415	19	53107879	900
ENSG00000197937	ZNF347	19	53134935	901
ENSG00000197497	ZNF665	19	53162424	902
ENSG00000197928	ZNF677	19	53235381	903
ENSG00000213799	ZNF845	19	53333719	904
ENSG00000203326	ZNF525	19	53365705	905
ENSG00000196417	ZNF765	19	53395133	906
ENSG00000241015	TPM3P9	19	53431974	907
ENSG00000160336	ZNF761	19	53431984	908
ENSG00000198346	ZNF813	19	53467733	909
ENSG00000130844	ZNF331	19	53503819	910
ENSG00000179820	MYADM	19	53865628	911
ENSG00000170906	NDUFA3	19	54102338	912
ENSG00000105619	TFPT	19	54107013	913
ENSG00000105618	PRPF31	19	54115706	914
ENSG00000088038	CNOT3	19	54137689	915
ENSG00000105617	LENG1	19	54155161	916
ENSG00000167608	TMC4	19	54160095	917
ENSG00000125505	MBOAT7	19	54173412	918
ENSG00000170892	TSEN34	19	54189970	919
ENSG00000170889	RPS9	19	54200557	920
ENSG00000204577	LILRB3	19	54216278	921
ENSG00000244482	LILRA6	19	54236590	922
ENSG00000105609	LILRB5	19	54249421	923
ENSG00000131042	LILRB2	19	54273812	924
ENSG00000187116	LILRA5	19	54307070	925
ENSG00000167613	LAIR1	19	54351384	926
ENSG00000167614	TTYH1	19	54415464	927
ENSG00000226696	LENG8-AS1	19	54444816	928
ENSG00000167615	LENG8	19	54447621	929
ENSG00000275183	LENG9	19	54461732	930
ENSG00000239998	LILRA2	19	54572988	931
ENSG00000104974	LILRA1	19	54593576	932
ENSG00000104972	LILRB1	19	54616930	933
ENSG00000186818	LILRB4	19	54662524	934
ENSG00000189430	NCR1	19	54906063	935
ENSG00000022556	NLRP2	19	54965284	936
ENSG00000160439	RDH13	19	55040375	937
ENSG00000125503	PPP1R12C	19	55090913	938
ENSG00000080031	PTPRH	19	55181247	939
ENSG00000180089	TMEM86B	19	55226638	940
ENSG00000105063	PPP6R1	19	55229779	941
ENSG00000133265	HSPBP1	19	55262223	942
ENSG00000180061	TMEM150B	19	55308869	943
ENSG00000133247	KMT5C	19	55339876	944
ENSG00000108107	RPL28	19	55385932	945
ENSG00000108106	UBE2S	19	55399745	946
ENSG00000063241	ISOC2	19	55452985	947
ENSG00000197483	ZNF628	19	55476603	948
ENSG00000179954	SSC5D	19	55488436	949
ENSG00000179943	FIZ1	19	55591376	950
ENSG00000171443	ZNF524	19	55599772	951
ENSG00000261221	ZNF865	19	55613593	952
ENSG00000179922	ZNF784	19	55620741	953
ENSG00000171425	ZNF581	19	55635028	954
ENSG00000213015	ZNF580	19	55641002	955
ENSG00000173581	CCDC106	19	55647400	956
ENSG00000063244	U2AF2	19	55654050	957
ENSG00000063245	EPN1	19	55675195	958
ENSG00000223638	RFPL4A	19	55757298	959
ENSG00000229292	RFPL4AL1	19	55769118	960
ENSG00000179873	NLRP11	19	55785397	961
ENSG00000142409	ZNF787	19	56087366	962
ENSG00000167685	ZNF444	19	56132509	963
ENSG00000131848	ZSCAN5A	19	56219670	964
ENSG00000267710	EDDM13	19	56272748	965
ENSG00000290720	ZNF542P	19	56368099	966
ENSG00000018869	ZNF582	19	56382751	967
ENSG00000267454	ZNF582-DT	19	56393676	968
ENSG00000198440	ZNF583	19	56404014	969
ENSG00000198046	ZNF667	19	56438512	970
ENSG00000166770	ZNF667-AS1	19	56477874	971
ENSG00000196263	ZNF471	19	56507855	972
ENSG00000196867	ZFP28	19	56536790	973
ENSG00000197016	ZNF470	19	56567468	974
ENSG00000197951	ZNF71	19	56595296	975
ENSG00000269699	ZIM2	19	56774547	976
ENSG00000198300	PEG3	19	56810082	977
ENSG00000083844	ZNF264	19	57191500	978
ENSG00000105146	AURKC	19	57230317	979
ENSG00000204524	ZNF805	19	57240632	980
ENSG00000267871	ZNF460-AS1	19	57267193	981
ENSG00000197714	ZNF460	19	57279967	982
ENSG00000178229	ZNF543	19	57320472	983
ENSG00000131845	ZNF304	19	57351253	984
ENSG00000152433	ZNF547	19	57363435	985
ENSG00000256060	TRAPPC2B	19	57363551	986
ENSG00000188785	ZNF548	19	57389850	987
ENSG00000186272	ZNF17	19	57411147	988
ENSG00000186230	ZNF749	19	57428565	989
ENSG00000178201	VN1R1	19	57455174	990
ENSG00000197128	ZNF772	19	57469586	991
ENSG00000105136	ZNF419	19	57487720	992
ENSG00000152439	ZNF773	19	57499854	993
ENSG00000121406	ZNF549	19	57527325	994
ENSG00000251369	ZNF550	19	57541836	995
ENSG00000083817	ZNF416	19	57571015	996
ENSG00000171649	ZIK1	19	57583642	997
ENSG00000183647	ZNF530	19	57599877	998
ENSG00000213762	ZNF134	19	57614242	999
ENSG00000121417	ZNF211	19	57633167	1000
ENSG00000204519	ZNF551	19	57681977	1001
ENSG00000179909	ZNF154	19	57696275	1002
ENSG00000083814	ZNF671	19	57719747	1003
ENSG00000152443	ZNF776	19	57746815	1004
ENSG00000083828	ZNF586	19	57769652	1005
ENSG00000178935	ZNF552	19	57807082	1006
ENSG00000269343	ZNF587B	19	57830299	1007
ENSG00000198466	ZNF587	19	57849859	1008
ENSG00000204514	ZNF814	19	57869381	1009
ENSG00000173480	ZNF417	19	57905411	1010
ENSG00000196724	ZNF418	19	57921882	1011
ENSG00000152454	ZNF256	19	57940833	1012
ENSG00000177025	C19orf18	19	57958437	1013
ENSG00000166704	ZNF606	19	57977048	1014
ENSG00000176593	LOC100128398	19	58002894	1015
ENSG00000176293	ZNF135	19	58059227	1016
ENSG00000121413	ZSCAN18	19	58083834	1017
ENSG00000181894	ZNF329	19	58126248	1018
ENSG00000171606	ZNF274	19	58182989	1019
ENSG00000198131	ZNF544	19	58228594	1020
ENSG00000278129	ZNF8	19	58278955	1021
ENSG00000267216	ZNF8-ERVK3-1	19	58278966	1022
ENSG00000142396	ERVK3-1	19	58305374	1023
ENSG00000182318	ZSCAN22	19	58326994	1024
ENSG00000121410	A1BG	19	58345183	1025
ENSG00000268895	A1BG-AS1	19	58351970	1026
ENSG00000174586	ZNF497	19	58354357	1027
ENSG00000152475	ZNF837	19	58367623	1028
ENSG00000083845	RPS5	19	58387269	1029
ENSG00000171574	ZNF584	19	58401472	1030
ENSG00000131849	ZNF132	19	58432814	1031
ENSG00000249471	ZNF324B	19	58451611	1032
ENSG00000083812	ZNF324	19	58467080	1033
ENSG00000083838	ZNF446	19	58476352	1034
ENSG00000083807	SLC27A5	19	58498333	1035
ENSG00000119574	ZBTB45	19	58513530	1036
ENSG00000130726	TRIM28	19	58544064	1037
ENSG00000130724	CHMP2A	19	58551566	1038
ENSG00000130725	UBE2M	19	58555712	1039
ENSG00000267858	MZF1-AS1	19	58559186	1040
ENSG00000099326	MZF1	19	58561917	1041
ENSG00000213753	CENPBD2P	19	58575399	1042
ENSG00000196476	C20orf96	20	270863	1
ENSG00000247315	ZCCHC3	20	297570	2
ENSG00000225377	NRSN2-AS1	20	319687	3
ENSG00000177732	SOX12	20	325571	4
ENSG00000125841	NRSN2	20	346775	5
ENSG00000101255	TRIB3	20	380629	6
ENSG00000125826	RBCK1	20	408050	7
ENSG00000125875	TBC1D20	20	435480	8
ENSG00000101266	CSNK2A1	20	472498	9
ENSG00000271303	SRXN1	20	646615	10
ENSG00000125818	PSMF1	20	1113229	11
ENSG00000125895	TMEM74B	20	1180561	12
ENSG00000125775	SDCBP2	20	1309909	13
ENSG00000234684	SDCBP2-AS1	20	1325343	14
ENSG00000088832	FKBP1A	20	1368977	15
ENSG00000088833	NSFL1C	20	1442162	16
ENSG00000196209	SIRPB2	20	1474578	17
ENSG00000101307	SIRPB1	20	1564193	18
ENSG00000198053	SIRPA	20	1894167	19
ENSG00000125834	STK35	20	2098021	20
ENSG00000125835	SNRPB	20	2461642	21
ENSG00000088876	ZNF343	20	2481817	22
ENSG00000101361	NOP56	20	2652632	23
ENSG00000101365	IDH3B	20	2658394	24
ENSG00000088881	EBF4	20	2692780	25
ENSG00000132635	PCED1A	20	2835314	26
ENSG00000215305	VPS16	20	2840697	27
ENSG00000132670	PTPRA	20	2864195	28
ENSG00000125787	GNRH2	20	3039061	29
ENSG00000125901	MRPS26	20	3046052	30
ENSG00000235958	UBOX5-AS1	20	3106911	31
ENSG00000185019	UBOX5	20	3107573	32
ENSG00000215251	FASTKD5	20	3146519	33
ENSG00000088899	LZTS3	20	3162617	34
ENSG00000198171	DDRGK1	20	3190350	35
ENSG00000125877	ITPA	20	3208676	36
ENSG00000088854	DNAAF9	20	3249302	37
ENSG00000088812	ATRN	20	3471018	38
ENSG00000149451	ADAM33	20	3667965	39
ENSG00000088827	SIGLEC1	20	3686970	40
ENSG00000132622	HSPA12B	20	3732685	41
ENSG00000101220	C20orf27	20	3753499	42
ENSG00000125817	CENPB	20	3783851	43
ENSG00000101224	CDC25B	20	3786772	44
ENSG00000125843	AP5S1	20	3820524	45
ENSG00000088888	MAVS	20	3846799	46
ENSG00000125779	PANK2	20	3888781	47
ENSG00000101236	RNF24	20	3927311	48
ENSG00000088826	SMOX	20	4148779	49
ENSG00000171867	PRNP	20	4686456	50
ENSG00000101265	RASSF2	20	4780023	51
ENSG00000089057	SLC23A2	20	4852358	52
ENSG00000089063	TMEM230	20	5064877	53
ENSG00000132646	PCNA	20	5114953	54
ENSG00000101290	CDS2	20	5126844	55
ENSG00000205181	LINC00654	20	5496067	56
ENSG00000125772	GPCPD1	20	5544439	57
ENSG00000171984	SHLD1	20	5750286	58
ENSG00000089195	TRMT6	20	5937228	59
ENSG00000125885	MCM8	20	5950652	60
ENSG00000088766	CRLS1	20	6005938	61
ENSG00000125872	LRRN4	20	6038066	62
ENSG00000101311	FERMT1	20	6074845	63
ENSG00000125845	BMP2	20	6767686	64
ENSG00000228888	LINC01428	20	7146467	65
ENSG00000101323	HAO1	20	7882985	66
ENSG00000125827	TMX4	20	7977346	67
ENSG00000182621	PLCB1	20	8132266	68
ENSG00000101333	PLCB4	20	9068710	69
ENSG00000227906	SNAP25-AS1	20	10023812	70
ENSG00000132623	ANKEF1	20	10034987	71
ENSG00000132639	SNAP25	20	10218798	72
ENSG00000125863	MKKS	20	10401009	73
ENSG00000149346	SLX4IP	20	10435136	74
ENSG00000101384	JAG1	20	10637684	75
ENSG00000132640	BTBD3	20	11890723	76
ENSG00000172296	SPTLC3	20	13008972	77
ENSG00000089123	TASP1	20	13104760	78
ENSG00000101230	ISM1	20	13221274	79
ENSG00000089048	ESF1	20	13714322	80
ENSG00000101247	NDUFAF5	20	13785026	81
ENSG00000172264	MACROD2	20	13995516	82
ENSG00000125848	FLRT3	20	14322985	83
ENSG00000235914	MACROD2-AS1	20	14884253	84
ENSG00000089177	KIF16B	20	16272104	85
ENSG00000125870	SNRPB2	20	16730026	86
ENSG00000125868	DSTN	20	17569173	87
ENSG00000125844	RRBP1	20	17613678	88
ENSG00000089006	SNX5	20	17941600	89
ENSG00000212232	SNORD17	20	17962710	90
ENSG00000125871	MGME1	20	17968594	91
ENSG00000232838	PET117	20	18137863	92
ENSG00000149474	KAT14	20	18142224	93
ENSG00000125846	ZNF133	20	18288228	94
ENSG00000089091	DZANK1	20	18383367	95
ENSG00000132664	POLR3F	20	18467390	96
ENSG00000089050	RBBP9	20	18486540	97
ENSG00000101310	SEC23B	20	18507482	98
ENSG00000232388	SMIM26	20	18567420	99
ENSG00000125821	DTD1	20	18588054	100
ENSG00000273148	LCDR	20	18794049	101
ENSG00000185052	SLC24A3	20	19212642	102
ENSG00000132669	RIN2	20	19757610	103
ENSG00000173418	NAA20	20	20017290	104
ENSG00000101343	CRNKL1	20	20034361	105
ENSG00000188559	RALGAPA2	20	20389530	106
ENSG00000088970	KIZ	20	21125975	107
ENSG00000232712	KIZ-AS1	20	21194404	108
ENSG00000088930	XRN2	20	21303313	109
ENSG00000280350	LINC01726	20	21610787	110
ENSG00000288974	LOC105372564	20	22510159	111
ENSG00000259974	LINC00261	20	22560553	112
ENSG00000125798	FOXA2	20	22580998	113
ENSG00000178726	THBD	20	23045633	114
ENSG00000125810	CD93	20	23076554	115
ENSG00000132661	NXT1	20	23350791	116
ENSG00000125812	GZF1	20	23361585	117
ENSG00000125814	NAPB	20	23374519	118
ENSG00000101439	CST3	20	23626706	119
ENSG00000077984	CST7	20	24949269	120
ENSG00000101474	APMAP	20	24962925	121
ENSG00000154930	ACSS1	20	25006230	122
ENSG00000197586	ENTPD6	20	25195670	123
ENSG00000100994	PYGB	20	25248039	124
ENSG00000100997	ABHD12	20	25294743	125
ENSG00000101003	GINS1	20	25407470	126
ENSG00000101004	NINL	20	25452697	127
ENSG00000170191	NANP	20	25612935	128
ENSG00000213742	ZNF337-AS1	20	25624045	129
ENSG00000130684	ZNF337	20	25673195	130
ENSG00000282826	FRG1CP	20	28580633	131
ENSG00000101294	HM13	20	31514410	132
ENSG00000230613	HM13-AS1	20	31567587	133
ENSG00000125968	ID1	20	31605289	134
ENSG00000171552	BCL2L1	20	31664452	135
ENSG00000281376	ABALON	20	31721507	136
ENSG00000088325	TPX2	20	31739248	137
ENSG00000088356	PDRG1	20	31944337	138
ENSG00000101331	CCM2L	20	32010379	139
ENSG00000101336	HCK	20	32052242	140
ENSG00000101337	TM9SF4	20	32109714	141
ENSG00000126003	PLAGL2	20	32192504	142
ENSG00000101346	POFUT1	20	32207880	143
ENSG00000284125	MIR1825	20	32237795	144
ENSG00000101350	KIF3B	20	32277651	145
ENSG00000171456	ASXL1	20	32358062	146
ENSG00000197183	NOL4L	20	32443059	147
ENSG00000149600	COMMD7	20	32702691	148
ENSG00000088305	DNMT3B	20	32762385	149
ENSG00000101367	MAPRE1	20	32819780	150
ENSG00000215529	EFCAB8	20	32853904	151
ENSG00000101391	CDK5RAP1	20	33358839	152
ENSG00000101400	SNTA1	20	33407957	153
ENSG00000078699	CBFA2T2	20	33490070	154
ENSG00000125967	NECAB3	20	33657087	155
ENSG00000288649	ACTL10	20	33666943	156
ENSG00000101417	PXMP4	20	33702758	157
ENSG00000131061	ZNF341	20	33731657	158
ENSG00000101421	CHMP4B	20	33811348	159
ENSG00000285230	RALY-AS1	20	33992488	160
ENSG00000125970	RALY	20	33993659	161
ENSG00000125977	EIF2S2	20	34088309	162
ENSG00000101440	ASIP	20	34186493	163
ENSG00000101444	AHCY	20	34235012	164
ENSG00000078747	ITCH	20	34363273	165
ENSG00000207997	MIR644A	20	34466325	166
ENSG00000125971	DYNLRB1	20	34516384	167
ENSG00000101460	MAP1LC3A	20	34546823	168
ENSG00000101464	PIGU	20	34560542	169
ENSG00000078804	TP53INP2	20	34704344	170
ENSG00000198646	NCOA6	20	34714774	171
ENSG00000131067	GGT7	20	34844720	172
ENSG00000131069	ACSS2	20	34874942	173
ENSG00000100983	GSS	20	34928432	174
ENSG00000078814	MYH7B	20	34955868	175
ENSG00000100991	TRPC4AP	20	35002404	176
ENSG00000088298	EDEM2	20	35115364	177
ENSG00000101000	PROCR	20	35172072	178
ENSG00000125966	MMP24	20	35226690	179
ENSG00000126005	MMP24OS	20	35276352	180
ENSG00000242372	EIF6	20	35278906	181
ENSG00000101019	UQCC1	20	35302566	182
ENSG00000126001	CEP250	20	35455137	183
ENSG00000125991	ERGIC3	20	35542078	184
ENSG00000088340	FER1L4	20	35558737	185
ENSG00000061656	SPAG4	20	35615829	186
ENSG00000214078	CPNE1	20	35626031	187
ENSG00000244462	RBM12	20	35648925	188
ENSG00000244005	NFS1	20	35668052	189
ENSG00000125995	ROMO1	20	35699310	190
ENSG00000131051	RBM39	20	35701347	191
ENSG00000025293	PHF20	20	35772003	192
ENSG00000171222	SCAND1	20	35953617	193
ENSG00000260032	NORAD	20	36045618	194
ENSG00000088367	EPB41L1	20	36064891	195
ENSG00000131043	AAR2	20	36236136	196
ENSG00000080845	DLGAP4	20	36306339	197
ENSG00000232907	DLGAP4-AS1	20	36507702	198
ENSG00000101335	MYL9	20	36541519	199
ENSG00000118707	TGIF2	20	36573473	200
ENSG00000259399	TGIF2-RAB5IF	20	36574515	201
ENSG00000101084	RAB5IF	20	36605779	202
ENSG00000101082	SLA2	20	36612318	203
ENSG00000101079	NDRG3	20	36651766	204
ENSG00000149636	DSN1	20	36751791	205
ENSG00000149639	SOGA1	20	36777442	206
ENSG00000101342	TLDC2	20	36873071	207
ENSG00000101347	SAMHD1	20	36889773	208
ENSG00000080839	RBL1	20	36996349	209
ENSG00000101353	MROH8	20	37101169	210
ENSG00000118705	RPN2	20	37179046	211
ENSG00000101363	MANBAL	20	37289655	212
ENSG00000197122	SRC	20	37344685	213
ENSG00000166619	BLCAP	20	37517417	214
ENSG00000053438	NNAT	20	37521250	215
ENSG00000132792	CTNNBL1	20	37693955	216
ENSG00000101407	TTI1	20	37983014	217
ENSG00000101413	RPRD1B	20	38033462	218
ENSG00000198959	TGM2	20	38127385	219
ENSG00000149633	KIAA1755	20	38210503	220
ENSG00000129988	LBP	20	38346482	221
ENSG00000196756	SNHG17	20	38420588	222
ENSG00000225091	SNORA71A	20	38427306	223
ENSG00000200354	SNORA71D	20	38433862	224
ENSG00000174365	SNHG11	20	38446654	225
ENSG00000199266	SNORA60	20	38449369	226
ENSG00000170471	RALGAPB	20	38472820	227
ENSG00000101442	ACTR5	20	38748460	228
ENSG00000101445	PPP1R16B	20	38805694	229
ENSG00000101447	FAM83D	20	38926417	230
ENSG00000101452	DHX35	20	38962344	231
ENSG00000204103	MAFB	20	40685848	232
ENSG00000198900	TOP1	20	41028822	233
ENSG00000226648	PLCG1-AS1	20	41097994	234
ENSG00000124181	PLCG1	20	41137519	235
ENSG00000174306	ZHX3	20	41178450	236
ENSG00000132793	LPIN3	20	41340779	237
ENSG00000183798	EMILIN3	20	41359962	238
ENSG00000124177	CHD6	20	41402083	239
ENSG00000196090	PTPRT	20	42029959	240
ENSG00000124193	SRSF6	20	43457893	241
ENSG00000185513	L3MBTL1	20	43507697	242
ENSG00000101049	SGK2	20	43559027	243
ENSG00000101052	IFT52	20	43590937	244
ENSG00000124191	TOX2	20	43914852	245
ENSG00000132823	OSER1	20	44195939	246
ENSG00000223891	OSER1-DT	20	44210960	247
ENSG00000124194	GDAP1L1	20	44247099	248
ENSG00000197296	FITM2	20	44302840	249
ENSG00000101076	HNF4A	20	44355699	250
ENSG00000229005	HNF4A-AS1	20	44377743	251
ENSG00000266151	MIR3646	20	44408120	252
ENSG00000168746	LINC01430	20	44448777	253
ENSG00000124120	TTPAL	20	44475870	254
ENSG00000132824	SERINC3	20	44496221	255
ENSG00000168734	PKIG	20	44531781	256
ENSG00000196839	ADA	20	44619519	257
ENSG00000166913	YWHAB	20	44885705	258
ENSG00000101104	PABPC1L	20	44910060	259
ENSG00000025772	TOMM34	20	44942130	260
ENSG00000101109	STK4	20	44966470	261
ENSG00000124107	SLPI	20	45252239	262
ENSG00000124145	SDC4	20	45325288	263
ENSG00000204070	SYS1	20	45361949	264
ENSG00000254806	SYS1-DBNDD2	20	45363169	265
ENSG00000124251	TP53TG5	20	45372557	266
ENSG00000244274	DBNDD2	20	45405993	267
ENSG00000124155	PIGT	20	45416141	268
ENSG00000101457	DNTTIP1	20	45791954	269
ENSG00000124104	SNX21	20	45833418	270
ENSG00000101473	ACOT8	20	45841721	271
ENSG00000132801	ZSWIM3	20	45857581	272
ENSG00000168612	ZSWIM1	20	45880920	273
ENSG00000149634	SPATA25	20	45886491	274
ENSG00000124257	NEURL2	20	45888472	275
ENSG00000064601	CTSA	20	45890144	276
ENSG00000100979	PLTP	20	45898620	277
ENSG00000100982	PCIF1	20	45934674	278
ENSG00000198026	ZNF335	20	45948653	279
ENSG00000100985	MMP9	20	46008908	280
ENSG00000124160	NCOA5	20	46060991	281
ENSG00000101017	CD40	20	46118242	282
ENSG00000080189	SLC35C2	20	46345984	283
ENSG00000062598	ELMO2	20	46366045	284
ENSG00000198185	ZNF334	20	46463660	285
ENSG00000158296	SLC13A3	20	46557828	286
ENSG00000172315	TP53RK	20	46684365	287
ENSG00000197496	SLC2A10	20	46708358	288
ENSG00000064655	EYA2	20	46894624	289
ENSG00000101040	ZMYND8	20	47209214	290
ENSG00000267882	LOC100131496	20	47318502	291
ENSG00000231119	LOC101927377	20	47352561	292
ENSG00000124151	NCOA3	20	47501887	293
ENSG00000196562	SULF2	20	47654569	294
ENSG00000124126	PREX1	20	48624252	295
ENSG00000124198	ARFGEF2	20	48921711	296
ENSG00000124207	CSE1L	20	49046246	297
ENSG00000124214	STAU1	20	49113339	298
ENSG00000124228	DDX27	20	49219295	299
ENSG00000124201	ZNFX1	20	49245900	300
ENSG00000177410	ZFAS1	20	49278178	301
ENSG00000158445	KCNB1	20	49363877	302
ENSG00000124212	PTGIS	20	49503874	303
ENSG00000158470	B4GALT5	20	49632945	304
ENSG00000197818	SLC9A8	20	49812713	305
ENSG00000158480	SPATA2	20	49903391	306
ENSG00000124226	RNF114	20	49936397	307
ENSG00000124216	SNAI1	20	49982980	308
ENSG00000124208	PEDS1-UBE2V1	20	50081124	309
ENSG00000244687	UBE2V1	20	50081124	310
ENSG00000240849	PEDS1	20	50118254	311
ENSG00000277449	CEBPB-AS1	20	50184603	312
ENSG00000172216	CEBPB	20	50190583	313
ENSG00000224397	PELATON	20	50267468	314
ENSG00000203999	LINC01270	20	50292720	315
ENSG00000233077	LINC01271	20	50310711	316
ENSG00000196396	PTPN1	20	50510321	317
ENSG00000042062	RIPOR3	20	50586108	318
ENSG00000124171	PARD6B	20	50731580	319
ENSG00000124243	BCAS4	20	50794894	320
ENSG00000101126	ADNP	20	50888918	321
ENSG00000259456	ADNP-AS1	20	50930984	322
ENSG00000000419	DPM1	20	50934855	323
ENSG00000124217	MOCS3	20	50958818	324
ENSG00000101096	NFATC2	20	51386963	325
ENSG00000054793	ATP9A	20	51596514	326
ENSG00000101115	SALL4	20	51782331	327
ENSG00000020256	ZFP64	20	52084011	328
ENSG00000182463	TSHZ2	20	52972309	329
ENSG00000171940	ZNF217	20	53567065	330
ENSG00000101132	PFDN4	20	54208087	331
ENSG00000101134	DOK5	20	54475593	332
ENSG00000054803	CBLN4	20	55997357	333
ENSG00000124098	FAM210B	20	56358974	334
ENSG00000087586	AURKA	20	56369389	335
ENSG00000101138	CSTF1	20	56392371	336
ENSG00000087589	CASS4	20	56411550	337
ENSG00000022277	RTF2	20	56468585	338
ENSG00000124091	GCNT7	20	56491492	339
ENSG00000101146	RAE1	20	57351239	340
ENSG00000132819	RBM38	20	57391396	341
ENSG00000124253	PCK1	20	57561110	342
ENSG00000124256	ZBP1	20	57603852	343
ENSG00000124225	PMEPA1	20	57648392	344
ENSG00000124209	RAB22A	20	58309715	345
ENSG00000124164	VAPB	20	58389211	346
ENSG00000254995	STX16-NPEPL1	20	58651253	347
ENSG00000124222	STX16	20	58651283	348
ENSG00000215440	NPEPL1	20	58689131	349
ENSG00000087460	GNAS	20	58839681	350
ENSG00000101158	NELFCD	20	58981252	351
ENSG00000101160	CTSZ	20	58995185	352
ENSG00000101162	TUBB1	20	59016026	353
ENSG00000124172	ATP5F1E	20	59025475	354
ENSG00000101166	PRELID3B	20	59033145	355
ENSG00000124203	ZNF831	20	59146073	356
ENSG00000087495	PHACTR3	20	59577497	357
ENSG00000196074	SYCP2	20	59863277	358
ENSG00000196227	FAM217B	20	59933769	359
ENSG00000132825	PPP1R3D	20	59936663	360
ENSG00000124215	CDH26	20	59957764	361
ENSG00000130699	TAF4	20	61974798	362
ENSG00000149657	LSM14B	20	62122454	363
ENSG00000101182	PSMA7	20	62136733	364
ENSG00000184402	SS18L1	20	62143765	365
ENSG00000101181	MTG2	20	62182746	366
ENSG00000130706	ADRM1	20	62302061	367
ENSG00000130702	LAMA5	20	62309060	368
ENSG00000171858	RPS21	20	62386275	369
ENSG00000149679	CABLES2	20	62388630	370
ENSG00000101188	NTSR1	20	62708770	371
ENSG00000228705	LINC00659	20	62774121	372
ENSG00000101189	MRGBP	20	62796473	373
ENSG00000060491	OGFR	20	62804835	374
ENSG00000092758	COL9A3	20	62817050	375
ENSG00000101190	TCFL5	20	62841005	376
ENSG00000101191	DIDO1	20	62877738	377
ENSG00000101193	GID8	20	62938147	378
ENSG00000101194	SLC17A9	20	62952690	379
ENSG00000149658	YTHDF1	20	63195429	380
ENSG00000101199	ARFGAP1	20	63272785	381
ENSG00000101203	COL20A1	20	63293169	382
ENSG00000101204	CHRNA4	20	63343223	383
ENSG00000203900	LOC100130587	20	63359988	384
ENSG00000125534	PPDPF	20	63520741	385
ENSG00000101213	PTK6	20	63528001	386
ENSG00000130589	HELZ2	20	63558086	387
ENSG00000101216	GMEB2	20	63587602	388
ENSG00000232442	MHENCR	20	63627235	389
ENSG00000197457	STMN3	20	63639705	390
ENSG00000026036	RTEL1-TNFRSF6B	20	63657810	391
ENSG00000258366	RTEL1	20	63657810	392
ENSG00000101246	ARFRP1	20	63698642	393
ENSG00000197114	ZGPAT	20	63707442	394
ENSG00000203896	LIME1	20	63735701	395
ENSG00000125520	SLC2A4RG	20	63739776	396
ENSG00000130584	ZBTB46	20	63743670	397
ENSG00000101150	TPD52L2	20	63865228	398
ENSG00000101152	DNAJC5	20	63895126	399
ENSG00000198276	UCKL1	20	63939829	400
ENSG00000280213	UCKL1-AS1	20	63953384	401
ENSG00000196700	ZNF512B	20	63956703	402
ENSG00000130590	SAMD10	20	63974113	403
ENSG00000101161	PRPF6	20	63981132	404
ENSG00000196421	C20orf204	20	64033727	405
ENSG00000171703	TCEA2	20	64042350	406
ENSG00000171700	RGS19	20	64073181	407
ENSG00000203880	PCMTD2	20	64255695	408
ENSG00000277117	LOC102723996	21	5022044	1
ENSG00000280071	LOC102724023	21	5116341	2
ENSG00000275464	LOC102724159	21	5130871	3
ENSG00000280433	LOC102724200	21	5156151	4
ENSG00000275993	LOC102724428	21	6111131	5
ENSG00000275496	LOC102724701	21	6228966	6
ENSG00000277067	LOC102724843	21	6318411	7
ENSG00000274276	LOC102724560	21	6444868	8
ENSG00000275895	LOC102724594	21	6484623	9
ENSG00000276076	LOC102724652	21	6560724	10
ENSG00000276077	LOC102724951	21	7430637	11
ENSG00000273590	LOC102723553	21	7744951	12
ENSG00000277277	LOC102723451	21	7769588	13
ENSG00000278233	RNA5-8SN2	21	8212571	14
ENSG00000275215	RNA5-8SN3	21	8395606	15
ENSG00000278189	RNA5-8SN1	21	8439822	16
ENSG00000291050	TEKT4P2	21	9068356	17
ENSG00000155304	HSPA13	21	14371115	18
ENSG00000155307	SAMSN1	21	14485228	19
ENSG00000180530	NRIP1	21	14961235	20
ENSG00000229425	LOC101927745	21	15370512	21
ENSG00000155313	USP25	21	15729934	22
ENSG00000215386	MIR99AHG	21	16070488	23
ENSG00000154639	CXADR	21	17512906	24
ENSG00000154640	BTG3	21	17593653	25
ENSG00000154642	C21orf91	21	17788974	26
ENSG00000154654	NCAM2	21	20998339	27
ENSG00000233215	LINC01687	21	22009158	28
ENSG00000237484	LINC01684	21	24428740	29
ENSG00000234883	MIR155HG	21	25562145	30
ENSG00000154719	MRPL39	21	25585656	31
ENSG00000154721	JAM2	21	25607550	32
ENSG00000154723	ATP5PF	21	25724480	33
ENSG00000154727	GABPA	21	25734972	34
ENSG00000142192	APP	21	25880550	35
ENSG00000197934	CYYR1-AS1	21	26393635	36
ENSG00000166265	CYYR1	21	26466216	37
ENSG00000154734	ADAMTS1	21	26835755	38
ENSG00000154736	ADAMTS5	21	26917922	39
ENSG00000234052	LINC01673	21	27635662	40
ENSG00000232079	LINC01697	21	28048414	41
ENSG00000236532	LINC01695	21	28116094	42
ENSG00000156239	N6AMT1	21	28439661	43
ENSG00000226935	LINC00161	21	28539318	44
ENSG00000198862	LTN1	21	28928144	45
ENSG00000156253	RWDD2B	21	29004384	46
ENSG00000156256	USP16	21	29024617	47
ENSG00000156261	CCT8	21	29056322	48
ENSG00000156265	MAP3K7CL	21	29077114	49
ENSG00000215533	LINC00189	21	29193494	50
ENSG00000156273	BACH1	21	29298922	51
ENSG00000171189	GRIK1	21	29536933	52
ENSG00000156299	TIAM1	21	31118418	53
ENSG00000237594	TIAM1-AS1	21	31559233	54
ENSG00000142168	SOD1	21	31659622	55
ENSG00000156304	SCAF4	21	31668987	56
ENSG00000142149	HUNK	21	31873020	57
ENSG00000159055	MIS18A	21	32154682	58
ENSG00000170262	MRAP	21	32291813	59
ENSG00000142207	URB1	21	32311018	60
ENSG00000200792	SNORA80A	21	32377187	61
ENSG00000256073	URB1-AS1	21	32393133	62
ENSG00000166979	EVA1C	21	32411692	63
ENSG00000265590	CFAP298-TCP10L	21	32563492	64
ENSG00000242220	TCP10L	21	32573721	65
ENSG00000159079	CFAP298	21	32599354	66
ENSG00000159082	SYNJ1	21	32628759	67
ENSG00000238197	PAXBP1-AS1	21	32728114	68
ENSG00000159086	PAXBP1	21	32733899	69
ENSG00000205929	C21orf62	21	32790673	70
ENSG00000159110	IFNAR2	21	33229895	71
ENSG00000243646	IL10RB	21	33266367	72
ENSG00000142166	IFNAR1	21	33324443	73
ENSG00000159128	IFNGR2	21	33402896	74
ENSG00000142188	TMEM50B	21	33432486	75
ENSG00000177692	DNAJC28	21	33488055	76
ENSG00000159131	GART	21	33503931	77
ENSG00000159140	SON	21	33543038	78
ENSG00000284448	MIR6501	21	33550662	79
ENSG00000159147	DONSON	21	33577551	80
ENSG00000205758	CRYZL1	21	33589341	81
ENSG00000205726	ITSN1	21	33642452	82
ENSG00000241837	ATP5PO	21	33903453	83
ENSG00000237945	LINC00649	21	33931122	84
ENSG00000198743	SLC5A3	21	34073578	85
ENSG00000243927	MRPS6	21	34073578	86
ENSG00000227456	LINC00310	21	34180677	87
ENSG00000205670	SMIM11	21	34375450	88
ENSG00000222018	C21orf140	21	34400112	89
ENSG00000180509	KCNE1	21	34446688	90
ENSG00000159200	RCAN1	21	34516442	91
ENSG00000159212	CLIC6	21	34668953	92
ENSG00000234380	LINC01426	21	34745825	93
ENSG00000159216	RUNX1	21	34787801	94
ENSG00000185917	SETD4	21	36034541	95
ENSG00000230212	CBR1-AS1	21	36069642	96
ENSG00000159228	CBR1	21	36070024	97
ENSG00000236830	CBR3-AS1	21	36131767	98
ENSG00000142197	DOP1B	21	36156781	99
ENSG00000159256	MORC3	21	36320189	100
ENSG00000159259	CHAF1B	21	36380145	101
ENSG00000159261	CLDN14	21	36460621	102
ENSG00000159263	SIM2	21	36699115	103
ENSG00000159267	HLCS	21	36748625	104
ENSG00000185808	PIGP	21	37065364	105
ENSG00000182670	TTC3	21	37073184	106
ENSG00000228677	TTC3-AS1	21	37187612	107
ENSG00000157538	VPS26C	21	37223420	108
ENSG00000157540	DYRK1A	21	37365573	109
ENSG00000157551	KCNJ15	21	38229926	110
ENSG00000157554	ERG	21	38367261	111
ENSG00000157557	ETS2	21	38805183	112
ENSG00000183527	PSMG1	21	39174769	113
ENSG00000185658	BRWD1	21	39184176	114
ENSG00000205581	HMGN1	21	39342315	115
ENSG00000182093	GET1	21	39380244	116
ENSG00000285815	GET1-SH3BGR	21	39380326	117
ENSG00000157578	LCA5L	21	39405844	118
ENSG00000185437	SH3BGR	21	39445865	119
ENSG00000183778	B3GALT5	21	39612940	120
ENSG00000171587	DSCAM	21	40010999	121
ENSG00000182240	BACE2	21	41168160	122
ENSG00000280109	PLAC4	21	41175231	123
ENSG00000183844	FAM3B	21	41304229	124
ENSG00000183486	MX2	21	41361944	125
ENSG00000157601	MX1	21	41420329	126
ENSG00000184012	TMPRSS2	21	41464305	127
ENSG00000183421	RIPK4	21	41739373	128
ENSG00000141956	PRDM15	21	41798225	129
ENSG00000157617	C2CD2	21	41885110	130
ENSG00000173276	ZBTB21	21	41986831	131
ENSG00000160179	ABCG1	21	42199689	132
ENSG00000160183	TMPRSS3	21	42371837	133
ENSG00000160185	UBASH3A	21	42403880	134
ENSG00000160190	SLC37A1	21	42499622	135
ENSG00000160191	PDE9A	21	42653621	136
ENSG00000160193	WDR4	21	42843075	137
ENSG00000160194	NDUFV3	21	42893271	138
ENSG00000233056	ERVH48-1	21	42917251	139
ENSG00000160199	PKNOX1	21	42974510	140
ENSG00000160200	CBS	21	43053190	141
ENSG00000160201	U2AF1	21	43092956	142
ENSG00000160202	CRYAA	21	43169008	143
ENSG00000142178	SIK1	21	43414483	144
ENSG00000160207	HSF2BP	21	43453987	145
ENSG00000160208	RRP1B	21	43659560	146
ENSG00000160209	PDXK	21	43719129	147
ENSG00000160213	CSTB	21	43773665	148
ENSG00000160214	RRP1	21	43789551	149
ENSG00000215458	AATBC	21	43805758	150
ENSG00000160216	AGPAT3	21	43865160	151
ENSG00000160218	TRAPPC10	21	44012309	152
ENSG00000241945	PWP2	21	44107323	153
ENSG00000160221	GATD3	21	44133665	154
ENSG00000160223	ICOSLG	21	44216979	155
ENSG00000142182	DNMT3L	21	44246339	156
ENSG00000141959	PFKL	21	44300040	157
ENSG00000160226	CFAP410	21	44328944	158
ENSG00000142185	TRPM2	21	44350112	159
ENSG00000160233	LRRC3	21	44455510	160
ENSG00000175894	TSPEAR	21	44497893	161
ENSG00000235890	TSPEAR-AS1	21	44506044	162
ENSG00000184787	UBE2G2	21	44768580	163
ENSG00000184900	SUMO3	21	44805617	164
ENSG00000183255	PTTG1IP	21	44849585	165
ENSG00000160255	ITGB2	21	44885949	166
ENSG00000227039	ITGB2-AS1	21	44921035	167
ENSG00000183250	LINC01547	21	44933284	168
ENSG00000160256	SLX9	21	44939697	169
ENSG00000197381	ADARB1	21	45074578	170
ENSG00000186866	POFUT2	21	45263928	171
ENSG00000223768	LINC00205	21	45288052	172
ENSG00000182871	COL18A1	21	45405165	173
ENSG00000183535	COL18A1-AS1	21	45419716	174
ENSG00000173638	SLC19A1	21	45502517	175
ENSG00000142156	COL6A1	21	45981770	176
ENSG00000142173	COL6A2	21	46098071	177
ENSG00000160282	FTCD	21	46135981	178
ENSG00000237338	FTCD-AS1	21	46151375	179
ENSG00000160285	LSS	21	46188446	180
ENSG00000215424	MCM3AP-AS1	21	46229231	181
ENSG00000160294	MCM3AP	21	46235130	182
ENSG00000182362	YBEY	21	46286056	183
ENSG00000160298	C21orf58	21	46300426	184
ENSG00000160299	PCNT	21	46324122	185
ENSG00000160305	DIP2A	21	46458891	186
ENSG00000160310	PRMT2	21	46635156	187
ENSG00000206195	DUXAP8	22	15784954	1
ENSG00000177663	IL17RA	22	17084959	2
ENSG00000069998	HDHD5	22	17137520	3
ENSG00000093072	ADA2	22	17178790	4
ENSG00000099954	CECR2	22	17359949	5
ENSG00000182902	SLC25A18	22	17562470	6
ENSG00000131100	ATP6V1E1	22	17592136	7
ENSG00000099968	BCL2L13	22	17628855	8
ENSG00000015475	BID	22	17734140	9
ENSG00000243156	MICAL3	22	17787649	10
ENSG00000215193	PEX26	22	18077920	11
ENSG00000183785	TUBA8	22	18110809	12
ENSG00000184979	USP18	22	18149855	13
ENSG00000290425	PI4KAP1	22	18533864	14
ENSG00000183628	DGCR6	22	18906320	15
ENSG00000100033	PRODH	22	18912781	16
ENSG00000273032	DGCR5	22	18970498	17
ENSG00000070413	DGCR2	22	19036282	18
ENSG00000273311	DGCR11	22	19046162	19
ENSG00000100056	ESS2	22	19130279	20
ENSG00000100075	SLC25A1	22	19175575	21
ENSG00000070371	CLTCL1	22	19179473	22
ENSG00000100084	HIRA	22	19330698	23
ENSG00000185608	MRPL40	22	19431902	24
ENSG00000242259	C22orf39	22	19440886	25
ENSG00000070010	UFD1	22	19449911	26
ENSG00000184113	CLDN5	22	19523024	27
ENSG00000284874	SEPT5-GP1BB	22	19717220	28
ENSG00000215012	RTL10	22	19846146	29
ENSG00000184470	TXNRD2	22	19875518	30
ENSG00000093010	COMT	22	19941772	31
ENSG00000284031	MIR4761	22	19963753	32
ENSG00000099889	ARVCF	22	19966727	33
ENSG00000183597	TANGO2	22	20017000	34
ENSG00000128191	DGCR8	22	20080232	35
ENSG00000099899	TRMT2A	22	20111872	36
ENSG00000099901	RANBP1	22	20116104	37
ENSG00000264346	SNORA77B	22	20126402	38
ENSG00000099904	ZDHHC8	22	20131804	39
ENSG00000236499	LINC00896	22	20206332	40
ENSG00000128185	DGCR6L	22	20314238	41
ENSG00000185252	ZNF74	22	20394115	42
ENSG00000099910	KLHL22	22	20441519	43
ENSG00000099917	MED15	22	20507582	44
ENSG00000241973	PI4KA	22	20707691	45
ENSG00000099937	SERPIND1	22	20774113	46
ENSG00000099940	SNAP29	22	20859007	47
ENSG00000099942	CRKL	22	20917407	48
ENSG00000099949	LZTR1	22	20982297	49
ENSG00000184436	THAP7	22	20999104	50
ENSG00000230513	THAP7-AS1	22	21001922	51
ENSG00000169635	HIC2	22	21417371	52
ENSG00000183506	PI4KAP2	22	21472998	53
ENSG00000185651	UBE2L3	22	21549447	54
ENSG00000161179	YDJC	22	21628089	55
ENSG00000128228	SDF2L1	22	21642302	56
ENSG00000100023	PPIL2	22	21665984	57
ENSG00000100027	YPEL1	22	21697536	58
ENSG00000100030	MAPK1	22	21759657	59
ENSG00000100034	PPM1F	22	21919419	60
ENSG00000100038	TOP3B	22	21957025	61
ENSG00000211644	IGLV1-51	22	22322508	62
ENSG00000211648	IGLV1-47	22	22357795	63
ENSG00000211651	IGLV1-44	22	22380880	64
ENSG00000211659	IGLV3-25	22	22686769	65
ENSG00000211660	IGLV2-23	22	22697951	66
ENSG00000211662	IGLV3-21	22	22712419	67
ENSG00000211663	IGLV3-19	22	22720663	68
ENSG00000211666	IGLV2-14	22	22758741	69
ENSG00000211668	IGLV2-11	22	22792533	70
ENSG00000278196	IGLV2-8	22	22822821	71
ENSG00000254709	IGLL5	22	22887816	72
ENSG00000211675	IGLC1	22	22895375	73
ENSG00000211677	IGLC2	22	22900976	74
ENSG00000211679	IGLC3	22	22906342	75
ENSG00000128266	GNAZ	22	23070519	76
ENSG00000100228	RAB36	22	23145298	77
ENSG00000186716	BCR	22	23180509	78
ENSG00000230701	FBXW4P1	22	23262767	79
ENSG00000189269	DRICH1	22	23580872	80
ENSG00000228315	GUSBP11	22	23638487	81
ENSG00000159496	RGL4	22	23690861	82
ENSG00000187792	ZNF70	22	23738682	83
ENSG00000169314	C22orf15	22	23762522	84
ENSG00000250479	CHCHD10	22	23765834	85
ENSG00000099956	SMARCB1	22	23786966	86
ENSG00000099958	DERL3	22	23834498	87
ENSG00000133460	SLC2A11	22	23856703	88
ENSG00000240972	MIF	22	23894383	89
ENSG00000133433	GSTT2B	22	23957414	90
ENSG00000099974	DDTL	22	23966222	91
ENSG00000099977	DDT	22	23971365	92
ENSG00000099984	GSTT2	22	23980134	93
ENSG00000099991	CABIN1	22	24011192	94
ENSG00000099994	SUSD2	22	24181487	95
ENSG00000099998	GGT5	22	24219654	96
ENSG00000290696	POM121L9P	22	24251621	97
ENSG00000100014	SPECC1L	22	24270817	98
ENSG00000258555	SPECC1L-ADORA2A	22	24270817	99
ENSG00000128271	ADORA2A	22	24423597	100
ENSG00000178803	ADORA2A-AS1	22	24429206	101
ENSG00000100024	UPB1	22	24495060	102
ENSG00000138867	GUCD1	22	24540423	103
ENSG00000100028	SNRPD3	22	24555650	104
ENSG00000100031	GGT1	22	24583750	105
ENSG00000178026	LRRC75B	22	24585620	106
ENSG00000167037	SGSM1	22	24806211	107
ENSG00000197077	KIAA1671	22	24952688	108
ENSG00000203280	KIAA1671-AS1	22	25102417	109
ENSG00000100053	CRYBB3	22	25194244	110
ENSG00000290796	LRP5L	22	25351418	111
ENSG00000291087	CRYBB2P1	22	25448087	112
ENSG00000100077	GRK3	22	25564675	113
ENSG00000100099	HPS4	22	26443109	114
ENSG00000100104	SRRD	22	26483867	115
ENSG00000100109	TFIP11	22	26491240	116
ENSG00000261188	TFIP11-DT	22	26512532	117
ENSG00000128294	TPST2	22	26521996	118
ENSG00000225783	MIAT	22	26657482	119
ENSG00000169184	MN1	22	27748277	120
ENSG00000180957	PITPNB	22	27851669	121
ENSG00000235954	TTC28-AS1	22	27919376	122
ENSG00000100154	TTC28	22	27978014	123
ENSG00000183765	CHEK2	22	28687743	124
ENSG00000100209	HSCB	22	28741992	125
ENSG00000159873	CCDC117	22	28772674	126
ENSG00000100219	XBP1	22	28794560	127
ENSG00000183579	ZNRF3	22	28800657	128
ENSG00000177993	ZNRF3-AS1	22	29024999	129
ENSG00000183762	KREMEN1	22	29073035	130
ENSG00000186998	EMID1	22	29205896	131
ENSG00000100263	RHBDD3	22	29259852	132
ENSG00000182944	EWSR1	22	29268254	133
ENSG00000185340	GAS2L1	22	29306650	134
ENSG00000100280	AP1B1	22	29327680	135
ENSG00000128250	RFPL1	22	29403031	136
ENSG00000100296	THOC5	22	29505879	137
ENSG00000184117	NIPSNAP1	22	29554808	138
ENSG00000186575	NF2	22	29603556	139
ENSG00000100319	ZMAT5	22	29730956	140
ENSG00000184076	UQCR10	22	29767369	141
ENSG00000100325	ASCC2	22	29788608	142
ENSG00000100330	MTMR3	22	29883169	143
ENSG00000227117	HORMAD2-AS1	22	30008746	144
ENSG00000176635	HORMAD2	22	30080069	145
ENSG00000239282	CASTOR1	22	30285118	146
ENSG00000099992	TBC1D10A	22	30291990	147
ENSG00000099995	SF3A1	22	30331988	148
ENSG00000187860	CCDC157	22	30356624	149
ENSG00000099999	RNF215	22	30378821	150
ENSG00000100003	SEC14L2	22	30396941	151
ENSG00000242114	MTFP1	22	30425768	152
ENSG00000100012	SEC14L3	22	30447959	153
ENSG00000181123	LOC107985579	22	30483051	154
ENSG00000133488	SEC14L4	22	30488150	155
ENSG00000214491	SEC14L6	22	30522788	156
ENSG00000128242	GAL3ST1	22	30554635	157
ENSG00000100029	PES1	22	30576625	158
ENSG00000185339	TCN2	22	30607083	159
ENSG00000100036	SLC35E4	22	30634148	160
ENSG00000167065	DUSP18	22	30652051	161
ENSG00000184792	OSBP2	22	30693782	162
ENSG00000235989	MORC2-AS1	22	30922308	163
ENSG00000133422	MORC2	22	30925130	164
ENSG00000253352	TUG1	22	30969211	165
ENSG00000183963	SMTN	22	31081299	166
ENSG00000198832	SELENOM	22	31104777	167
ENSG00000138942	RNF185	22	31160182	168
ENSG00000182541	LIMK2	22	31212298	169
ENSG00000100100	PIK3IP1	22	31281593	170
ENSG00000100105	PATZ1	22	31325804	171
ENSG00000185721	DRG1	22	31399604	172
ENSG00000184708	EIF4ENIF1	22	31434648	173
ENSG00000198089	SFI1	22	31496139	174
ENSG00000241878	PISD	22	31618491	175
ENSG00000183530	PRR14L	22	31681347	176
ENSG00000100150	DEPDC5	22	31753968	177
ENSG00000128245	YWHAH	22	31944535	178
ENSG00000100170	SLC5A1	22	32043050	179
ENSG00000242082	SLC5A4-AS1	22	32205115	180
ENSG00000100191	SLC5A4	22	32218423	181
ENSG00000100220	RTCB	22	32387582	182
ENSG00000100225	FBXO7	22	32474682	183
ENSG00000185666	SYN3	22	32507820	184
ENSG00000100234	TIMP3	22	32800816	185
ENSG00000133424	LARGE1	22	33162237	186
ENSG00000253007	SNORA50B	22	33704786	187
ENSG00000224973	LARGE-AS1	22	33724986	188
ENSG00000100281	HMGXB4	22	35256697	189
ENSG00000100284	TOM1	22	35299275	190
ENSG00000100292	HMOX1	22	35381096	191
ENSG00000100297	MCM5	22	35400133	192
ENSG00000221963	APOL6	22	35648316	193
ENSG00000128313	APOL5	22	35708424	194
ENSG00000100320	RBFOX2	22	35738734	195
ENSG00000128284	APOL3	22	36140323	196
ENSG00000100336	APOL4	22	36189128	197
ENSG00000128335	APOL2	22	36226209	198
ENSG00000100342	APOL1	22	36253071	199
ENSG00000100345	MYH9	22	36281277	200
ENSG00000100348	TXN2	22	36467036	201
ENSG00000100350	FOXRED2	22	36487190	202
ENSG00000100353	EIF3D	22	36510855	203
ENSG00000100360	IFT27	22	36758208	204
ENSG00000100365	NCF4	22	36860988	205
ENSG00000100368	CSF2RB	22	36913574	206
ENSG00000128311	TST	22	37010859	207
ENSG00000128309	MPST	22	37019641	208
ENSG00000100379	KCTD17	22	37051725	209
ENSG00000187045	TMPRSS6	22	37065436	210
ENSG00000100385	IL2RB	22	37125838	211
ENSG00000133466	C1QTNF6	22	37180166	212
ENSG00000128340	RAC2	22	37225270	213
ENSG00000100055	CYTH4	22	37282508	214
ENSG00000100060	MFNG	22	37469063	215
ENSG00000100065	CARD10	22	37490362	216
ENSG00000128283	CDC42EP1	22	37560480	217
ENSG00000100079	LGALS2	22	37570248	218
ENSG00000100083	GGA1	22	37608474	219
ENSG00000100092	SH3BP1	22	37639669	220
ENSG00000233360	PDXP-DT	22	37641832	221
ENSG00000241360	PDXP	22	37658723	222
ENSG00000100097	LGALS1	22	37675636	223
ENSG00000273899	NOL12	22	37686343	224
ENSG00000100106	TRIOBP	22	37697048	225
ENSG00000189060	H1-0	22	37805107	226
ENSG00000100116	GCAT	22	37807894	227
ENSG00000100124	ANKRD54	22	37830853	228
ENSG00000100129	EIF3L	22	37848868	229
ENSG00000100139	MICALL1	22	37906176	230
ENSG00000128346	C22orf23	22	37943050	231
ENSG00000100142	POLR2F	22	37953663	232
ENSG00000100151	PICK1	22	38056311	233
ENSG00000128298	BAIAP2L2	22	38084889	234
ENSG00000184381	PLA2G6	22	38111495	235
ENSG00000185022	MAFF	22	38201932	236
ENSG00000198792	TMEM184B	22	38219291	237
ENSG00000213923	CSNK1E	22	38290691	238
ENSG00000283900	TPTEP2-CSNK1E	22	38290691	239
ENSG00000100196	KDELR3	22	38468062	240
ENSG00000100201	DDX17	22	38483438	241
ENSG00000184949	FAM227A	22	38578118	242
ENSG00000100211	CBY1	22	38656653	243
ENSG00000100216	TOMM22	22	38681957	244
ENSG00000100221	JOSD1	22	38683916	245
ENSG00000100226	GTPBP1	22	38704561	246
ENSG00000100242	SUN2	22	38734727	247
ENSG00000100246	DNAL4	22	38778508	248
ENSG00000221890	NPTXR	22	38818452	249
ENSG00000183741	CBX6	22	38861422	250
ENSG00000244509	APOBEC3C	22	39014236	251
ENSG00000128394	APOBEC3F	22	39019081	252
ENSG00000243811	APOBEC3D	22	39021127	253
ENSG00000239713	APOBEC3G	22	39077005	254
ENSG00000100307	CBX7	22	39130772	255
ENSG00000100311	PDGFB	22	39223359	256
ENSG00000100316	RPL3	22	39312882	257
ENSG00000100321	SYNGR1	22	39349949	258
ENSG00000100324	TAB1	22	39399780	259
ENSG00000100335	MIEF1	22	39500100	260
ENSG00000128272	ATF4	22	39514494	261
ENSG00000187051	RPS19BP1	22	39529093	262
ENSG00000100351	GRAP2	22	39901073	263
ENSG00000133477	FAM83F	22	39994954	264
ENSG00000100354	TNRC6B	22	40044817	265
ENSG00000239900	ADSL	22	40346500	266
ENSG00000100359	SGSM3	22	40370584	267
ENSG00000196588	MRTFA	22	40410289	268
ENSG00000232564	MRTFA-AS1	22	40521800	269
ENSG00000100372	SLC25A17	22	40769630	270
ENSG00000100380	ST13	22	40824535	271
ENSG00000196236	XPNPEP3	22	40857081	272
ENSG00000172404	DNAJB7	22	40859549	273
ENSG00000100387	RBX1	22	40951378	274
ENSG00000100393	EP300	22	41092592	275
ENSG00000100395	L3MBTL2	22	41205192	276
ENSG00000100401	RANGAP1	22	41244779	277
ENSG00000100403	ZC3H7B	22	41301525	278
ENSG00000167074	TEF	22	41367333	279
ENSG00000183864	TOB2	22	41433492	280
ENSG00000100410	PHF5A	22	41459717	281
ENSG00000100412	ACO2	22	41468756	282
ENSG00000100413	POLR3H	22	41525799	283
ENSG00000100417	PMM1	22	41576895	284
ENSG00000100418	DESI1	22	41598028	285
ENSG00000196419	XRCC6	22	41621163	286
ENSG00000100138	SNU13	22	41673933	287
ENSG00000184208	C22orf46P	22	41688937	288
ENSG00000167077	MEI1	22	41699503	289
ENSG00000100147	CCDC134	22	41800610	290
ENSG00000198911	SREBF2	22	41833105	291
ENSG00000234965	SHISA8	22	41906049	292
ENSG00000183066	WBP2NL	22	41995103	293
ENSG00000198951	NAGA	22	42058334	294
ENSG00000177096	PHETA2	22	42074244	295
ENSG00000183172	SMDT1	22	42079691	296
ENSG00000184983	NDUFA6	22	42085526	297
ENSG00000237037	NDUFA6-DT	22	42090933	298
ENSG00000100197	CYP2D6	22	42126499	299
ENSG00000100207	TCF20	22	42160013	300
ENSG00000235568	NFAM1	22	42380407	301
ENSG00000172250	SERHL	22	42500579	302
ENSG00000189306	RRP7A	22	42508344	303
ENSG00000183569	SERHL2	22	42553850	304
ENSG00000291035	RRP7BP	22	42573244	305
ENSG00000100227	POLDIP3	22	42583721	306
ENSG00000276027	RNU12	22	42615245	307
ENSG00000100243	CYB5R3	22	42617840	308
ENSG00000242247	ARFGAP3	22	42796502	309
ENSG00000100266	PACSIN2	22	42869766	310
ENSG00000100271	TTLL1	22	43039516	311
ENSG00000100294	MCAT	22	43132206	312
ENSG00000100300	TSPO	22	43151559	313
ENSG00000100304	TTLL12	22	43166622	314
ENSG00000159307	SCUBE1	22	43197280	315
ENSG00000186732	MPPED1	22	43412014	316
ENSG00000186976	EFCAB6	22	43528549	317
ENSG00000100344	PNPLA3	22	43923805	318
ENSG00000100347	SAMM50	22	43955442	319
ENSG00000188677	PARVB	22	43999164	320
ENSG00000138964	PARVG	22	44170228	321
ENSG00000188636	RTL6	22	44492583	322
ENSG00000186654	PRR5	22	44668547	323
ENSG00000248405	PRR5-ARHGAP8	22	44702198	324
ENSG00000226328	NUP50-DT	22	45133758	325
ENSG00000093000	NUP50	22	45163925	326
ENSG00000100364	KIAA0930	22	45192242	327
ENSG00000100376	FAM118A	22	45308960	328
ENSG00000077935	SMC1B	22	45344063	329
ENSG00000077942	FBLN1	22	45502883	330
ENSG00000130638	ATXN10	22	45671798	331
ENSG00000197182	MIRLET7BHG	22	46085997	332
ENSG00000186951	PPARA	22	46150526	333
ENSG00000205643	CDPF1	22	46244013	334
ENSG00000130943	PKDREJ	22	46255663	335
ENSG00000075234	TTC38	22	46267966	336
ENSG00000075218	GTSE1	22	46295143	337
ENSG00000277232	GTSE1-DT	22	46295143	338
ENSG00000100416	TRMU	22	46335714	339
ENSG00000075275	CELSR1	22	46360834	340
ENSG00000075240	GRAMD4	22	46576017	341
ENSG00000100422	CERK	22	46684410	342
ENSG00000054611	TBC1D22A	22	46762617	343
ENSG00000280080	TBC1D22A-AS1	22	46914092	344
ENSG00000188511	MIR3667HG	22	49414524	345
ENSG00000100425	BRD1	22	49773278	346
ENSG00000100426	ZBED4	22	49853844	347
ENSG00000182858	ALG12	22	49860163	348
ENSG00000184164	CRELD2	22	49918634	349
ENSG00000198355	PIM3	22	49960772	350
ENSG00000073146	MOV10L1	22	50090006	351
ENSG00000073150	PANX2	22	50170731	352
ENSG00000170638	TRABD	22	50185889	353
ENSG00000073169	SELENOO	22	50201011	354
ENSG00000128159	TUBGCP6	22	50217694	355
ENSG00000100429	HDAC10	22	50245183	356
ENSG00000188130	MAPK12	22	50252901	357
ENSG00000185386	MAPK11	22	50263713	358
ENSG00000196576	PLXNB2	22	50274979	359
ENSG00000205593	DENND6B	22	50309030	360
ENSG00000100239	PPP6R2	22	50343327	361
ENSG00000100241	SBF1	22	50445000	362
ENSG00000100258	LMF2	22	50502949	363
ENSG00000025770	NCAPH2	22	50508216	364
ENSG00000284194	SCO2	22	50523568	365
ENSG00000025708	TYMP	22	50525752	366
ENSG00000177989	ODF3B	22	50530409	367
ENSG00000205560	CPT1B	22	50568861	368
ENSG00000254413	CHKB-CPT1B	22	50568861	369
ENSG00000100288	CHKB	22	50578958	370
ENSG00000205559	CHKB-DT	22	50583026	371
ENSG00000100299	ARSA	22	50622754	372
ENSG00000251322	SHANK3	22	50674391	373
ENSG00000291064	RPL23AP82	22	50757086	374
ENSG00000079974	RABL2B	22	50767500	375
ENSG00000124343	XG	X	2751104	1
ENSG00000056998	GYG2	X	2828712	2
ENSG00000006756	ARSD	X	2903972	3
ENSG00000229851	ARSD-AS1	X	2904904	4
ENSG00000157399	ARSL	X	2934521	5
ENSG00000062096	ARSF	X	3040234	6
ENSG00000101825	MXRA5	X	3308565	7
ENSG00000183943	PRKX	X	3604340	8
ENSG00000285756	LOC389906	X	3817535	9
ENSG00000236120	LOC101928228	X	5719171	10
ENSG00000146938	NLGN4X	X	5890026	11
ENSG00000130021	PUDP	X	6768840	12
ENSG00000101846	STS	X	7147290	13
ENSG00000006757	PNPLA4	X	7898247	14
ENSG00000011201	ANOS1	X	8528874	15
ENSG00000177138	FAM9B	X	9024232	16
ENSG00000101849	TBL1X	X	9463295	17
ENSG00000101850	GPR143	X	9725346	18
ENSG00000146950	SHROOM2	X	9786406	19
ENSG00000047644	WWC3	X	10015755	20
ENSG00000073464	CLCN4	X	10156945	21
ENSG00000101871	MID1	X	10445310	22
ENSG00000004961	HCCS	X	11111332	23
ENSG00000047648	ARHGAP6	X	11137544	24
ENSG00000125363	AMELX	X	11293413	25
ENSG00000005302	MSL3	X	11758159	26
ENSG00000101911	PRPS2	X	12791355	27
ENSG00000196664	TLR7	X	12867072	28
ENSG00000101916	TLR8	X	12906620	29
ENSG00000205542	TMSB4X	X	12975110	30
ENSG00000176896	TCEANC	X	13653110	31
ENSG00000123595	RAB9A	X	13689121	32
ENSG00000196459	TRAPPC2	X	13712242	33
ENSG00000046651	OFD1	X	13734713	34
ENSG00000046653	GPM6B	X	13770922	35
ENSG00000046647	GEMIN8	X	14002494	36
ENSG00000181544	FANCB	X	14690863	37
ENSG00000130150	MOSPD2	X	14873421	38
ENSG00000102048	ASB9	X	15243987	39
ENSG00000165195	PIGA	X	15319451	40
ENSG00000165197	VEGFD	X	15345596	41
ENSG00000087842	PIR	X	15384799	42
ENSG00000130234	ACE2	X	15494520	43
ENSG00000102010	BMX	X	15500777	44
ENSG00000147003	CLTRN	X	15627318	45
ENSG00000169239	CA5B	X	15738270	46
ENSG00000169249	ZRSR2	X	15790451	47
ENSG00000182287	AP1S2	X	15825806	48
ENSG00000047230	CTPS2	X	16587999	49
ENSG00000169895	SYAP1	X	16719612	50
ENSG00000086712	TXLNG	X	16786432	51
ENSG00000102054	RBBP7	X	16844341	52
ENSG00000169891	REPS2	X	16946658	53
ENSG00000188158	NHS	X	17375200	54
ENSG00000047634	SCML1	X	17737449	55
ENSG00000131831	RAI2	X	17800049	56
ENSG00000102098	SCML2	X	18239313	57
ENSG00000008086	CDKL5	X	18425605	58
ENSG00000044446	PHKA2	X	18892298	59
ENSG00000173698	ADGRG2	X	18989307	60
ENSG00000131828	PDHA1	X	19343893	61
ENSG00000180815	MAP3K15	X	19360058	62
ENSG00000147010	SH3KBP1	X	19533965	63
ENSG00000173681	BCLAF3	X	19912860	64
ENSG00000173674	EIF1AX	X	20124525	65
ENSG00000177189	RPS6KA3	X	20149911	66
ENSG00000149970	CNKSR2	X	21374418	67
ENSG00000012174	MBTPS2	X	21839617	68
ENSG00000230797	YY2	X	21855987	69
ENSG00000102172	SMS	X	21940573	70
ENSG00000165186	PTCHD1	X	23334369	71
ENSG00000123131	PRDX4	X	23667493	72
ENSG00000123130	ACOT9	X	23701055	73
ENSG00000130066	SAT1	X	23783158	74
ENSG00000184831	APOO	X	23833348	75
ENSG00000174010	KLHL15	X	23983720	76
ENSG00000130741	EIF2S3	X	24054956	77
ENSG00000005889	ZFX	X	24148982	78
ENSG00000067992	PDK3	X	24465227	79
ENSG00000101868	POLA1	X	24693877	80
ENSG00000169306	IL1RAPL1	X	28587446	81
ENSG00000120280	TASL	X	30558809	82
ENSG00000198814	GK	X	30653348	83
ENSG00000157625	TAB3	X	30827442	84
ENSG00000198947	DMD	X	31119219	85
ENSG00000147027	TMEM47	X	34627075	86
ENSG00000165164	CFAP47	X	35919734	87
ENSG00000130962	PRRG1	X	37349330	88
ENSG00000047597	XK	X	37685686	89
ENSG00000165168	CYBB	X	37780059	90
ENSG00000165169	DYNLT3	X	37838836	91
ENSG00000147041	SYTL5	X	37888915	92
ENSG00000101955	SRPX	X	38149335	93
ENSG00000156313	RPGR	X	38269163	94
ENSG00000036473	OTC	X	38352528	95
ENSG00000156298	TSPAN7	X	38561478	96
ENSG00000165175	MID1IP1	X	38801432	97
ENSG00000183337	BCOR	X	40051246	98
ENSG00000182220	ATP6AP2	X	40580970	99
ENSG00000185753	CXorf38	X	40626921	100
ENSG00000180182	MED14	X	40648305	101
ENSG00000124486	USP9X	X	41085420	102
ENSG00000215301	DDX3X	X	41333308	103
ENSG00000147044	CASK	X	41514934	104
ENSG00000171659	GPR34	X	41686397	105
ENSG00000171657	GPR82	X	41724181	106
ENSG00000189221	MAOA	X	43654907	107
ENSG00000069535	MAOB	X	43766610	108
ENSG00000069509	FUNDC1	X	44523639	109
ENSG00000147050	KDM6A	X	44873175	110
ENSG00000147113	DIPK2B	X	45148373	111
ENSG00000147121	KRBOX4	X	46447189	112
ENSG00000251192	ZNF674	X	46497725	113
ENSG00000230844	ZNF674-AS1	X	46545490	114
ENSG00000147119	CHST7	X	46573765	115
ENSG00000065923	SLC9A7	X	46599251	116
ENSG00000102218	RP2	X	46837043	117
ENSG00000102221	JADE3	X	46912276	118
ENSG00000130988	RGN	X	47078355	119
ENSG00000147123	NDUFB11	X	47142216	120
ENSG00000182872	RBM10	X	47145196	121
ENSG00000130985	UBA1	X	47190847	122
ENSG00000224975	INE1	X	47204848	123
ENSG00000102225	CDK16	X	47217881	124
ENSG00000102226	USP11	X	47233009	125
ENSG00000147124	ZNF41	X	47444691	126
ENSG00000078061	ARAF	X	47561100	127
ENSG00000008056	SYN1	X	47571901	128
ENSG00000102265	TIMP1	X	47582408	129
ENSG00000126759	CFP	X	47623282	130
ENSG00000126767	ELK1	X	47635520	131
ENSG00000126756	UXT	X	47651792	132
ENSG00000197779	ZNF81	X	47836864	133
ENSG00000147118	ZNF182	X	47974851	134
ENSG00000221994	ZNF630	X	48057516	135
ENSG00000068438	FTSJ1	X	48476021	136
ENSG00000102312	PORCN	X	48508992	137
ENSG00000147155	EBP	X	48521808	138
ENSG00000068354	TBC1D25	X	48539619	139
ENSG00000102317	RBM3	X	48574479	140
ENSG00000101940	WDR13	X	48590053	141
ENSG00000015285	WAS	X	48683753	142
ENSG00000101945	SUV39H1	X	48695554	143
ENSG00000171433	GLOD5	X	48761572	144
ENSG00000094631	HDAC6	X	48801398	145
ENSG00000126768	TIMM17B	X	48893447	146
ENSG00000102103	PQBP1	X	48897862	147
ENSG00000102100	SLC35A2	X	48903183	148
ENSG00000102096	PIM2	X	48913182	149
ENSG00000068308	OTUD5	X	48922024	150
ENSG00000102057	KCND1	X	48960983	151
ENSG00000068400	GRIPAP1	X	48973723	152
ENSG00000068323	TFE3	X	49028726	153
ENSG00000147144	CCDC120	X	49053572	154
ENSG00000243279	PRAF2	X	49071161	155
ENSG00000196998	WDR45	X	49074433	156
ENSG00000068394	GPKOW	X	49113396	157
ENSG00000269313	MAGIX	X	49162569	158
ENSG00000102007	PLP2	X	49171898	159
ENSG00000012211	PRICKLE3	X	49174802	160
ENSG00000101997	CCDC22	X	49235470	161
ENSG00000049768	FOXP3	X	49250436	162
ENSG00000049769	PPP1R3F	X	49269793	163
ENSG00000273820	USP27X	X	49879484	164
ENSG00000171365	CLCN5	X	49922596	165
ENSG00000147082	CCNB3	X	50202713	166
ENSG00000158352	SHROOM4	X	50575534	167
ENSG00000189369	GSPT2	X	51743442	168
ENSG00000179222	MAGED1	X	51802998	169
ENSG00000179304	FAM156B	X	52891592	170
ENSG00000268350	FAM156A	X	52947254	171
ENSG00000184194	GPR173	X	53049324	172
ENSG00000184205	TSPYL2	X	53082367	173
ENSG00000232593	KANTR	X	53094157	174
ENSG00000126012	KDM5C	X	53176277	175
ENSG00000124313	IQSEC2	X	53225784	176
ENSG00000072501	SMC1A	X	53374149	177
ENSG00000158423	RIBC1	X	53422856	178
ENSG00000072506	HSD17B10	X	53431258	179
ENSG00000086758	HUWE1	X	53532096	180
ENSG00000172943	PHF8	X	53936680	181
ENSG00000184083	FAM120C	X	54068324	182
ENSG00000196632	WNK3	X	54192823	183
ENSG00000158526	TSR2	X	54440375	184
ENSG00000102302	FGD1	X	54445454	185
ENSG00000130119	GNL3L	X	54530219	186
ENSG00000102316	MAGED2	X	54807745	187
ENSG00000067445	TRO	X	54920563	188
ENSG00000158571	PFKFB1	X	54932961	189
ENSG00000169188	APEX2	X	55000363	190
ENSG00000182518	FAM104B	X	55143102	191
ENSG00000187601	MAGEH1	X	55452127	192
ENSG00000247746	USP51	X	55484524	193
ENSG00000083750	RRAGB	X	55717747	194
ENSG00000102349	KLF8	X	55908123	195
ENSG00000188021	UBQLN2	X	56563593	196
ENSG00000204272	NBDY	X	56729242	197
ENSG00000204271	SPIN3	X	56975120	198
ENSG00000186787	SPIN2B	X	57112142	199
ENSG00000165591	FAAH2	X	57121861	200
ENSG00000147059	SPIN2A	X	57133043	201
ENSG00000198455	ZXDB	X	57591836	202
ENSG00000198205	ZXDA	X	57905430	203
ENSG00000186767	SPIN4	X	63347228	204
ENSG00000235437	LINC01278	X	63426558	205
ENSG00000131089	ARHGEF9	X	63634967	206
ENSG00000184675	AMER1	X	64185117	207
ENSG00000102043	MTMR8	X	64268081	208
ENSG00000126970	ZC4H2	X	64915802	209
ENSG00000102053	ZC3H12B	X	65034815	210
ENSG00000001497	LAS1L	X	65512582	211
ENSG00000147065	MSN	X	65588382	212
ENSG00000155659	VSIG4	X	66021738	213
ENSG00000089472	HEPH	X	66162526	214
ENSG00000131080	EDA2R	X	66594384	215
ENSG00000169083	AR	X	67544021	216
ENSG00000079482	OPHN1	X	68042344	217
ENSG00000181704	YIPF6	X	68498362	218
ENSG00000130052	STARD8	X	68647669	219
ENSG00000090776	EFNB1	X	68828997	220
ENSG00000181191	PJA1	X	69160746	221
ENSG00000158813	EDA	X	69616086	222
ENSG00000089289	IGBP1	X	70133447	223
ENSG00000120500	ARR3	X	70268334	224
ENSG00000147127	RAB41	X	70280592	225
ENSG00000120509	PDZD11	X	70286595	226
ENSG00000090889	KIF4A	X	70290104	227
ENSG00000082458	DLG3	X	70444835	228
ENSG00000147164	SNX12	X	71059247	229
ENSG00000184481	FOXO4	X	71095851	230
ENSG00000147168	IL2RG	X	71107404	231
ENSG00000184634	MED12	X	71118596	232
ENSG00000196338	NLGN3	X	71144389	233
ENSG00000169562	GJB1	X	71215212	234
ENSG00000147130	ZMYM3	X	71239624	235
ENSG00000147140	NONO	X	71283192	236
ENSG00000147166	ITGB1BP2	X	71301750	237
ENSG00000147133	TAF1	X	71366220	238
ENSG00000147162	OGT	X	71533104	239
ENSG00000147174	GCNA	X	71578024	240
ENSG00000204131	NHSL2	X	71911073	241
ENSG00000242732	RTL5	X	72127110	242
ENSG00000102309	PIN4	X	72181676	243
ENSG00000186871	ERCC6L	X	72204665	244
ENSG00000198034	RPS4X	X	72272042	245
ENSG00000147099	HDAC8	X	72329516	246
ENSG00000067177	PHKA1	X	72578814	247
ENSG00000186462	NAP1L2	X	73212299	248
ENSG00000204116	CHIC1	X	73563045	249
ENSG00000270641	TSIX	X	73792205	250
ENSG00000229807	XIST	X	73820651	251
ENSG00000225470	JPX	X	73944324	252
ENSG00000230590	FTX	X	74028136	253
ENSG00000202566	MIR421	X	74218377	254
ENSG00000147100	SLC16A2	X	74421493	255
ENSG00000131263	RLIM	X	74582976	256
ENSG00000131269	ABCB7	X	75051048	257
ENSG00000094841	UPRT	X	75156369	258
ENSG00000232186	TERF1P7	X	75325171	259
ENSG00000102383	ZDHHC15	X	75368427	260
ENSG00000102390	PBDC1	X	76172929	261
ENSG00000198934	MAGEE1	X	76427710	262
ENSG00000085224	ATRX	X	77504878	263
ENSG00000102158	MAGT1	X	77825747	264
ENSG00000131174	COX7B	X	77899468	265
ENSG00000165240	ATP7A	X	77910656	266
ENSG00000226784	PGAM4	X	77967949	267
ENSG00000102144	PGK1	X	78104248	268
ENSG00000187325	TAF9B	X	78129748	269
ENSG00000173198	CYSLTR1	X	78271468	270
ENSG00000078589	P2RY10	X	78945332	271
ENSG00000147138	GPR174	X	79170972	272
ENSG00000078596	ITM2A	X	79360384	273
ENSG00000165288	BRWD3	X	80669503	274
ENSG00000198157	HMGN5	X	81113699	275
ENSG00000131171	SH3BGRL	X	81201984	276
ENSG00000072133	RPS6KA6	X	84058346	277
ENSG00000165259	HDX	X	84317878	278
ENSG00000155008	APOOL	X	85003852	279
ENSG00000184788	SATL1	X	85092284	280
ENSG00000147180	ZNF711	X	85243820	281
ENSG00000124429	POF1B	X	85277396	282
ENSG00000188419	CHM	X	85861180	283
ENSG00000102271	KLHL4	X	87517730	284
ENSG00000174740	PABPC5	X	91434839	285
ENSG00000186310	NAP1L3	X	93670930	286
ENSG00000147202	DIAPH2	X	96684663	287
ENSG00000204086	RPA4	X	96883908	288
ENSG00000236256	DIAPH2-AS1	X	97528364	289
ENSG00000165194	PCDH19	X	100291644	290
ENSG00000000003	TSPAN6	X	100627108	291
ENSG00000102359	SRPX2	X	100644199	292
ENSG00000102362	SYTL4	X	100671964	293
ENSG00000101811	CSTF2	X	100820359	294
ENSG00000182489	XKRX	X	100886919	295
ENSG00000174225	ARL13A	X	100969011	296
ENSG00000188917	TRMT2B	X	100973359	297
ENSG00000102384	CENPI	X	101098159	298
ENSG00000102387	TAF7L	X	101268257	299
ENSG00000126953	TIMM8A	X	101345661	300
ENSG00000010671	BTK	X	101349447	301
ENSG00000241343	RPL36A	X	101391011	302
ENSG00000257529	RPL36A-HNRNPH2	X	101391011	303
ENSG00000102393	GLA	X	101397791	304
ENSG00000126945	HNRNPH2	X	101408133	305
ENSG00000196440	ARMCX4	X	101418278	306
ENSG00000126947	ARMCX1	X	101550547	307
ENSG00000198960	ARMCX6	X	101615118	308
ENSG00000102401	ARMCX3	X	101623130	309
ENSG00000184867	ARMCX2	X	101655281	310
ENSG00000166432	ZMAT1	X	101882288	311
ENSG00000125962	ARMCX5	X	102599206	312
ENSG00000286237	ARMCX5-GPRASP2	X	102599348	313
ENSG00000198932	GPRASP1	X	102651366	314
ENSG00000158301	GPRASP2	X	102712176	315
ENSG00000198908	GPRASP3	X	102720743	316
ENSG00000147206	NXF3	X	103075810	317
ENSG00000102409	BEX4	X	103215092	318
ENSG00000180964	TCEAL8	X	103252995	319
ENSG00000185222	TCEAL9	X	103356506	320
ENSG00000166681	BEX3	X	103376323	321
ENSG00000133142	TCEAL4	X	103576231	322
ENSG00000196507	TCEAL3	X	103607906	323
ENSG00000172465	TCEAL1	X	103628716	324
ENSG00000123562	MORF4L2	X	103675498	325
ENSG00000123560	PLP1	X	103776506	326
ENSG00000269743	SLC25A53	X	104099214	327
ENSG00000166707	ZCCHC18	X	104112445	328
ENSG00000123575	FAM199X	X	104166453	329
ENSG00000189108	IL1RAPL2	X	104566199	330
ENSG00000123572	NRK	X	105821942	331
ENSG00000123561	SERPINA7	X	106032435	332
ENSG00000157502	PWWP3B	X	106168278	333
ENSG00000147231	RADX	X	106611930	334
ENSG00000133135	RNF128	X	106693838	335
ENSG00000133138	TBC1D8B	X	106802673	336
ENSG00000147223	RIPPLY1	X	106900063	337
ENSG00000165376	CLDN2	X	106900164	338
ENSG00000133131	MORC4	X	106940300	339
ENSG00000089682	RBM41	X	107061885	340
ENSG00000198088	NUP62CL	X	107123427	341
ENSG00000147224	PRPS1	X	107628424	342
ENSG00000157514	TSC22D3	X	107713221	343
ENSG00000080561	MID2	X	107820453	344
ENSG00000101843	PSMD10	X	108084205	345
ENSG00000101844	ATG4A	X	108091667	346
ENSG00000197565	COL4A6	X	108155607	347
ENSG00000188153	COL4A5	X	108439838	348
ENSG00000101888	NXT2	X	109535824	349
ENSG00000068366	ACSL4	X	109641335	350
ENSG00000157600	TMEM164	X	110002413	351
ENSG00000101935	AMMECR1	X	110194186	352
ENSG00000243978	RTL9	X	110358101	353
ENSG00000101938	CHRDL1	X	110673856	354
ENSG00000077264	PAK3	X	110944241	355
ENSG00000077274	CAPN6	X	111245099	356
ENSG00000260802	SERTM2	X	111511645	357
ENSG00000101901	ALG13	X	111680741	358
ENSG00000072315	TRPC5	X	111774314	359
ENSG00000187823	RTL4	X	112083025	360
ENSG00000126016	AMOT	X	112774503	361
ENSG00000123496	IL13RA2	X	115003982	362
ENSG00000130224	LRCH2	X	115110611	363
ENSG00000271826	PLS3-AS1	X	115518189	364
ENSG00000102024	PLS3	X	115561174	365
ENSG00000235244	DANT2	X	115840396	366
ENSG00000003096	KLHL13	X	117897813	367
ENSG00000131725	WDR44	X	118346073	368
ENSG00000147251	DOCK11	X	118495664	369
ENSG00000131724	IL13RA1	X	118726954	370
ENSG00000175556	LONRF3	X	118974614	371
ENSG00000101856	PGRMC1	X	119236245	372
ENSG00000077713	SLC25A43	X	119399326	373
ENSG00000224281	SLC25A5-AS1	X	119466033	374
ENSG00000005022	SLC25A5	X	119468444	375
ENSG00000018610	STEEP1	X	119538149	376
ENSG00000077721	UBE2A	X	119574563	377
ENSG00000186416	NKRF	X	119588337	378
ENSG00000125354	SEPTIN6	X	119615724	379
ENSG00000198918	RPL39	X	119786504	380
ENSG00000125351	UPF3B	X	119805311	381
ENSG00000125352	RNF113A	X	119870475	382
ENSG00000125356	NDUFA1	X	119871832	383
ENSG00000101882	NKAP	X	119920672	384
ENSG00000258545	RHOXF1-AS1	X	120036236	385
ENSG00000131721	RHOXF2	X	120158535	386
ENSG00000233382	NKAPP1	X	120236452	387
ENSG00000177485	ZBTB33	X	120250812	388
ENSG00000125355	TMEM255A	X	120250984	389
ENSG00000005893	LAMP2	X	120426148	390
ENSG00000158290	CUL4B	X	120524589	391
ENSG00000232119	MCTS1	X	120604101	392
ENSG00000171155	C1GALT1C1	X	120625674	393
ENSG00000182890	GLUD2	X	121047610	394
ENSG00000125675	GRIA3	X	123184243	395
ENSG00000125676	THOC2	X	123600563	396
ENSG00000101966	XIAP	X	123859812	397
ENSG00000101972	STAG2	X	123960560	398
ENSG00000183918	SH2D1A	X	124346282	399
ENSG00000009694	TENM1	X	124375903	400
ENSG00000102038	SMARCA1	X	129446501	401
ENSG00000122126	OCRL	X	129540259	402
ENSG00000122121	XPNPEP2	X	129738979	403
ENSG00000122122	SASH3	X	129779949	404
ENSG00000188706	ZDHHC9	X	129803288	405
ENSG00000156697	UTP14A	X	129906121	406
ENSG00000085185	BCORL1	X	129980285	407
ENSG00000102034	ELF4	X	130064874	408
ENSG00000156709	AIFM1	X	130129362	409
ENSG00000056277	ZNF280C	X	130202707	410
ENSG00000102078	SLC25A14	X	130339888	411
ENSG00000134597	RBMX2	X	130401987	412
ENSG00000165675	ENOX2	X	130622330	413
ENSG00000134602	STK26	X	132023302	414
ENSG00000165694	FRMD7	X	132074926	415
ENSG00000123728	RAP2C	X	132203024	416
ENSG00000232160	RAP2C-AS1	X	132218507	417
ENSG00000076770	MBNL3	X	132369314	418
ENSG00000076716	GPC4	X	133300103	419
ENSG00000147257	GPC3	X	133535745	420
ENSG00000156531	PHF6	X	134373312	421
ENSG00000165704	HPRT1	X	134460165	422
ENSG00000156504	PABIR2	X	134769566	423
ENSG00000156500	PABIR3	X	134796395	424
ENSG00000101928	MOSPD1	X	134887626	425
ENSG00000184785	SMIM10	X	134990991	426
ENSG00000134590	RTL8C	X	135032355	427
ENSG00000203950	RTL8A	X	135050932	428
ENSG00000196972	SMIM10L2B	X	135094985	429
ENSG00000186376	ZNF75D	X	135248589	430
ENSG00000173275	ZNF449	X	135344770	431
ENSG00000178947	SMIM10L2A	X	135421944	432
ENSG00000165359	INTS6L	X	135520630	433
ENSG00000169446	MMGT1	X	135960588	434
ENSG00000198689	SLC9A6	X	135974596	435
ENSG00000022267	FHL1	X	136146702	436
ENSG00000129680	MAP7D3	X	136213220	437
ENSG00000102241	HTATSF1	X	136497079	438
ENSG00000102245	CD40LG	X	136648158	439
ENSG00000129675	ARHGEF6	X	136665547	440
ENSG00000147274	RBMX	X	136869192	441
ENSG00000129682	FGF13	X	138614727	442
ENSG00000101981	F9	X	139530720	443
ENSG00000101977	MCF2	X	139581768	444
ENSG00000101974	ATP11C	X	139726346	445
ENSG00000182195	LDOC1	X	141173235	446
ENSG00000284377	LOC105373347	X	147181049	447
ENSG00000102081	FMR1	X	147911919	448
ENSG00000010404	IDS	X	149476988	449
ENSG00000241769	EOLA1-DT	X	149527591	450
ENSG00000197620	EOLA1	X	149540601	451
ENSG00000269556	TMEM185A	X	149596556	452
ENSG00000197021	EOLA2	X	149924152	453
ENSG00000283463	HSFX4	X	149929586	454
ENSG00000235703	EOLA2-DT	X	149938548	455
ENSG00000013619	MAMLD1	X	150361564	456
ENSG00000171100	MTM1	X	150562658	457
ENSG00000063601	MTMR1	X	150692962	458
ENSG00000102181	CD99L2	X	150766336	459
ENSG00000029993	HMGB3	X	150980507	460
ENSG00000160131	VMA21	X	151396595	461
ENSG00000102287	GABRE	X	151953124	462
ENSG00000147400	CETN2	X	152826994	463
ENSG00000147383	NSDHL	X	152830967	464
ENSG00000147394	ZNF185	X	152898132	465
ENSG00000235961	PNMA6A	X	153072414	466
ENSG00000063587	ZNF275	X	153334153	467
ENSG00000189420	ZFP92	X	153411461	468
ENSG00000213397	HAUS7	X	153447665	469
ENSG00000182492	BGN	X	153494980	470
ENSG00000262919	CCNQ	X	153587925	471
ENSG00000130821	SLC6A8	X	153687926	472
ENSG00000185825	BCAP31	X	153700492	473
ENSG00000101986	ABCD1	X	153724851	474
ENSG00000067829	IDH3G	X	153785768	475
ENSG00000180879	SSR4	X	153794159	476
ENSG00000067840	PDZD4	X	153802166	477
ENSG00000089820	ARHGAP4	X	153907378	478
ENSG00000102030	NAA10	X	153929225	479
ENSG00000102032	RENBP	X	153935263	480
ENSG00000172534	HCFC1	X	153947556	481
ENSG00000177854	TMEM187	X	153972754	482
ENSG00000184216	IRAK1	X	154010507	483
ENSG00000169057	MECP2	X	154021573	484
ENSG00000196924	FLNA	X	154348531	485
ENSG00000102119	EMD	X	154379236	486
ENSG00000147403	RPL10	X	154398065	487
ENSG00000207165	SNORA70	X	154400281	488
ENSG00000013563	DNASE1L1	X	154401236	489
ENSG00000102125	TAFAZZIN	X	154411539	490
ENSG00000197180	ATP6AP1-DT	X	154424380	491
ENSG00000071553	ATP6AP1	X	154428669	492
ENSG00000203879	GDI1	X	154437154	493
ENSG00000071859	FAM50A	X	154444141	494
ENSG00000130827	PLXNA3	X	154458281	495
ENSG00000196976	LAGE3	X	154477769	496
ENSG00000102178	UBL4A	X	154483717	497
ENSG00000126903	SLC10A3	X	154487310	498
ENSG00000071889	FAM3A	X	154506159	499
ENSG00000160211	G6PD	X	154531390	500
ENSG00000269335	IKBKG	X	154542212	501
ENSG00000160219	GAB3	X	154675249	502
ENSG00000130826	DKC1	X	154762742	503
ENSG00000130830	MPP1	X	154778684	504
ENSG00000185010	F8	X	154835788	505
ENSG00000288722	F8A1	X	154886360	506
ENSG00000165775	FUNDC2	X	155026844	507
ENSG00000182712	CMC4	X	155061622	508
ENSG00000214827	MTCP1	X	155064034	509
ENSG00000185515	BRCC3	X	155071403	510
ENSG00000155959	VBP1	X	155197007	511
ENSG00000155962	CLIC2	X	155276211	512
ENSG00000224533	TMLHE-AS1	X	155466540	513
ENSG00000185973	TMLHE	X	155489011	514
ENSG00000129824	RPS4Y1	Y	2841602	1
ENSG00000067646	ZFY	Y	2935381	2
ENSG00000231535	LINC00278	Y	3002996	3
ENSG00000092377	TBL1Y	Y	6908594	4
ENSG00000099725	PRKY	Y	7273972	5
ENSG00000114374	TTTY15	Y	12662367	6
ENSG00000067048	DDX3Y	Y	12903999	7
ENSG00000183878	UTY	Y	13231827	8
ENSG00000154620	TMSB4Y	Y	13703899	9
ENSG00000165246	NLGN4Y	Y	14522616	10
ENSG00000176728	TTTY14	Y	18872501	11
ENSG00000291033	TXLNGY	Y	19567358	12
ENSG00000012817	KDM5D	Y	19703865	13
ENSG00000288049	LOC105377224	Y	19744788	14
ENSG00000229236	TTTY10	Y	20465668	15
ENSG00000198692	EIF1AY	Y	20575711	16
